-- phpMyAdmin SQL Dump
-- version 4.7.5
-- https://www.phpmyadmin.net/
--
-- Host: localhost
-- Waktu pembuatan: 28 Des 2017 pada 18.27
-- Versi server: 5.5.42
-- Versi PHP: 5.6.10

SET SQL_MODE = "NO_AUTO_VALUE_ON_ZERO";
SET AUTOCOMMIT = 0;
START TRANSACTION;
SET time_zone = "+00:00";


/*!40101 SET @OLD_CHARACTER_SET_CLIENT=@@CHARACTER_SET_CLIENT */;
/*!40101 SET @OLD_CHARACTER_SET_RESULTS=@@CHARACTER_SET_RESULTS */;
/*!40101 SET @OLD_COLLATION_CONNECTION=@@COLLATION_CONNECTION */;
/*!40101 SET NAMES utf8mb4 */;

--
-- Database: `tulisan_migration_4`
--

-- --------------------------------------------------------

--
-- Struktur dari tabel `cancelation`
--

CREATE TABLE `cancelation` (
  `idData` int(11) NOT NULL,
  `orderId` int(11) NOT NULL,
  `reason` text NOT NULL,
  `createdBy` varchar(100) NOT NULL,
  `createdDate` datetime NOT NULL,
  `changedBy` varchar(100) DEFAULT NULL,
  `changedDate` datetime DEFAULT NULL
) ENGINE=InnoDB DEFAULT CHARSET=latin1;

-- --------------------------------------------------------

--
-- Struktur dari tabel `categories`
--

CREATE TABLE `categories` (
  `idData` int(11) NOT NULL,
  `name` varchar(100) NOT NULL,
  `createdBy` varchar(100) NOT NULL,
  `createdDate` datetime NOT NULL,
  `changedBy` varchar(100) DEFAULT NULL,
  `changedDate` datetime DEFAULT NULL
) ENGINE=InnoDB DEFAULT CHARSET=latin1;

--
-- Dumping data untuk tabel `categories`
--

INSERT INTO `categories` (`idData`, `name`, `createdBy`, `createdDate`, `changedBy`, `changedDate`) VALUES
(1, 'Bags & Totes', 'aryaputra@tulisan.com', '2017-12-26 22:28:42', 'aryaputra@tulisan.com', '2017-12-26 22:29:16'),
(2, 'Accessories', 'aryaputra@tulisan.com', '2017-12-26 22:30:22', NULL, NULL),
(3, 'For The Home', 'aryaputra@tulisan.com', '2017-12-26 22:30:40', NULL, NULL),
(4, 'Stationery', 'aryaputra@tulisan.com', '2017-12-26 22:31:13', NULL, NULL);

-- --------------------------------------------------------

--
-- Struktur dari tabel `cms_blog`
--

CREATE TABLE `cms_blog` (
  `idData` int(11) NOT NULL,
  `title` varchar(100) NOT NULL,
  `date` varchar(100) NOT NULL,
  `subtitle` varchar(255) NOT NULL,
  `description` text NOT NULL,
  `photoBy` varchar(100) NOT NULL,
  `pictures` text NOT NULL,
  `createdBy` varchar(100) NOT NULL,
  `createdDate` datetime NOT NULL,
  `changedBy` varchar(100) DEFAULT NULL,
  `changedDate` datetime DEFAULT NULL
) ENGINE=InnoDB DEFAULT CHARSET=latin1;

--
-- Dumping data untuk tabel `cms_blog`
--

INSERT INTO `cms_blog` (`idData`, `title`, `date`, `subtitle`, `description`, `photoBy`, `pictures`, `createdBy`, `createdDate`, `changedBy`, `changedDate`) VALUES
(2, 'DOTTY OUTFIT', '25TH FEBRUARY 2014', 'LOCATION: NEW YORK', 'PHNwYW4gc3R5bGU9ImZvbnQtd2VpZ2h0OiBib2xkOyB0ZXh0LWFsaWduOiBqdXN0aWZ5OyI+QWx3YXlzIG9wdGluZyBmb3IgYSBiZWF1dGlmdWwgdHdvIHBpZWNlLCBvciBldmVuIGJldHRlciwgdGhyZWUgcGllY2UgZW5zZW1ibGUgaXMgc3VjaCBhbiBlYXN5IGFuZCBwb2xpc2hlZCB3YXkgb2YgZHJlc3NpbmcuIEluIHRoaXNjYXNlLCBJIGRlY2lkZWQgdG8gbGF5ZXIgZG90cyBvbiBkb3RzIG9uIGRvdHMgb24gbXkgbmV3IGZhdm91cml0ZSBkb3R0eSBiYWcuIEkgc3RpbGwgcmVtZW1iZXIgaG93IEkgZmVsdCB0aGUgZGF5IHdlIHNob3QgdGhlc2UgcGhvdG9zLlRoZSB0aW5pZXN0IHNsaXRoZXIgb2Ygc2lsdmVyIGxpZ2h0IGVzY2FwZWQgZnJvbSBiZXR3ZWVuIHRoZSBncmV5IHNoZWV0IG9mIGNsb3VkcyBhYm92ZSBhbmQgc3BpbGxlZCBvbnRvIHRoZSBjb25jcmV0ZSBwYXZlbWVudCBiZWxvdy5Gb3Igc29tZW9uZSB3aG8gaGFkbuKAmXQgc2VlbiBzdW4gaW4gdHdvIHdlZWtzIGl0IG1hZGUgZXZlcnl0aGluZyBpbGx1bWluYXRlIHdpdGggYSBzb2Z0IHNpbHZlciBnbG93IHRlbiB0aW1lcyBtb3JlIHRoYW4gdXN1YWwuIEl0d2FzIG5pY2UgdG8gZmluYWxseSB3aXRuZXNzIE5ldyBZb3JrIGluIHRoZSBzaGltbWVyaW5nIGxpZ2h0IEkgaGFkIGJlZW4gdmlzdWFsaXNpbmcgaXQgaW4gZXZlciBzaW5jZSBJIGxlZnQgYmFjayBpbiBTZXB0ZW1iZXIsIHBlcmNoZWRoaWdoIG9uIGl0cyBzbWl0dGVuIHBlZGVzdGFsIGFjY29tcGFuaWVkIGJ5IGJpZ2dlciBhbmQgYmV0dGVyIGV4cGVjdGF0aW9ucy4gTHVja2lseSwgTmV3IFlvcmsgYWx3YXlzIGRlbGl2ZXJzPC9zcGFuPjxicj4=', 'Carin Olsson', 'blogs_2(1).jpg,blogs_2(2).jpg,blogs_2(3).jpg', 'SESSION_TEST', '2017-10-23 17:05:25', NULL, NULL);

-- --------------------------------------------------------

--
-- Struktur dari tabel `cms_chatter`
--

CREATE TABLE `cms_chatter` (
  `idData` int(11) NOT NULL,
  `title` varchar(100) NOT NULL,
  `description` text NOT NULL,
  `date` varchar(100) NOT NULL,
  `type` varchar(100) NOT NULL,
  `picture` varchar(100) NOT NULL,
  `createdBy` varchar(100) NOT NULL,
  `createdDate` datetime NOT NULL,
  `changedBy` varchar(100) DEFAULT NULL,
  `changedDate` datetime DEFAULT NULL
) ENGINE=InnoDB DEFAULT CHARSET=latin1;

--
-- Dumping data untuk tabel `cms_chatter`
--

INSERT INTO `cms_chatter` (`idData`, `title`, `description`, `date`, `type`, `picture`, `createdBy`, `createdDate`, `changedBy`, `changedDate`) VALUES
(1, 'In Style', '', 'December 2011', '', 'chatters_1_20171203064916pm.jpg', 'megan@syncard.com', '2017-12-04 00:49:16', NULL, NULL),
(2, 'Nylon', '', 'Februery 2012', '', 'chatters_2_20171203065009pm.jpg', 'megan@syncard.com', '2017-12-04 00:50:09', NULL, NULL);

-- --------------------------------------------------------

--
-- Struktur dari tabel `cms_home`
--

CREATE TABLE `cms_home` (
  `idData` int(11) NOT NULL,
  `title` varchar(100) NOT NULL,
  `description` varchar(255) NOT NULL,
  `picture` varchar(100) NOT NULL,
  `createdBy` varchar(100) NOT NULL,
  `createdDate` datetime NOT NULL,
  `changedBy` varchar(100) DEFAULT NULL,
  `changedDate` datetime DEFAULT NULL
) ENGINE=InnoDB DEFAULT CHARSET=latin1;

--
-- Dumping data untuk tabel `cms_home`
--

INSERT INTO `cms_home` (`idData`, `title`, `description`, `picture`, `createdBy`, `createdDate`, `changedBy`, `changedDate`) VALUES
(4, 'Happy holiday and a whimsical New Year!', 'Dear Beloved Friends\r\nHappy holiday and a whimsical New Year!\r\nTulisan Team', 'home_4_20171227103050pm.jpg', 'SESSION_TEST', '2017-10-23 15:17:10', '', '2017-12-27 22:35:22'),
(5, 'Find the perfect gift for your special ones on your list', 'Add a splash of style and personality with inspired home gifts from Tulisan. Our gifting experts have put together a great lineup of holiday hampers.', 'home_5_20171227103254pm.jpg', 'SESSION_TEST', '2017-10-23 15:17:58', '', '2017-12-27 22:36:11'),
(6, 'Persinggungan: Relasi', 'Cartesian product of 2 sets or more: A process of finding the balancing locus within ourselves and the human connections. With this balance everyone will earn self-independence and foster a better connection with others.', 'home_6_20171227103803pm.jpg', 'SESSION_TEST', '2017-10-23 15:18:36', '', '2017-12-27 22:38:03');

-- --------------------------------------------------------

--
-- Struktur dari tabel `cms_home_gallery`
--

CREATE TABLE `cms_home_gallery` (
  `idData` int(11) NOT NULL,
  `description` varchar(100) NOT NULL,
  `thumbnail` varchar(100) NOT NULL,
  `link` text NOT NULL,
  `createdBy` varchar(100) NOT NULL,
  `createdDate` datetime NOT NULL,
  `changedBy` varchar(100) DEFAULT NULL,
  `changedDate` datetime DEFAULT NULL
) ENGINE=InnoDB DEFAULT CHARSET=latin1;

--
-- Dumping data untuk tabel `cms_home_gallery`
--

INSERT INTO `cms_home_gallery` (`idData`, `description`, `thumbnail`, `link`, `createdBy`, `createdDate`, `changedBy`, `changedDate`) VALUES
(2, 'Netflix\'s \'Abstract: The Art of Design\' Will Spotlight the World\'s Most Creative Mind ', 'homeGallery_2_20171206061909pm.jpg', 'http://tulisan.local/page/videoDetail.html?q=6', 'megan@syncard.com', '2017-12-07 00:10:20', 'megan@syncard.com', '2017-12-07 00:19:31'),
(3, 'Netflix\'s \'Abstract: The Art of Design\' Will Spotlight the World\'s Most Creative Mind', 'homeGallery_3_20171206062002pm.jpg', '', 'megan@syncard.com', '2017-12-07 00:20:02', NULL, NULL),
(4, 'Netflix\'s \'Abstract: The Art of Design\' Will Spotlight the World\'s Most Creative Mind', 'homeGallery_4_20171206062019pm.jpg', 'http://tulisan.local/page/videoDetail.html?q=6', 'megan@syncard.com', '2017-12-07 00:20:19', 'admin@tulisan.com', '2017-12-06 10:01:27'),
(5, 'Netflix\'s \'Abstract: The Art of Design\' Will Spotlight the World\'s Most Creative Mind', 'homeGallery_5_20171206062032pm.jpg', '', 'megan@syncard.com', '2017-12-07 00:20:32', NULL, NULL),
(6, 'Netflix\'s \'Abstract: The Art of Design\' Will Spotlight the World\'s Most Creative Mind', 'homeGallery_6_20171206063837pm.jpg', '', 'megan@syncard.com', '2017-12-07 00:38:37', 'megan@syncard.com', '2017-12-07 00:38:50'),
(7, 'Netflix\'s \'Abstract: The Art of Design\' Will Spotlight the World\'s Most Creative Mind', 'homeGallery_7_20171206100508am.gif', '', 'admin@tulisan.com', '2017-12-06 10:05:08', NULL, NULL);

-- --------------------------------------------------------

--
-- Struktur dari tabel `cms_story`
--

CREATE TABLE `cms_story` (
  `idData` int(11) NOT NULL,
  `title` varchar(100) NOT NULL,
  `subtitle` varchar(255) NOT NULL,
  `description` text NOT NULL,
  `author` varchar(100) NOT NULL,
  `picture` varchar(100) NOT NULL,
  `createdBy` varchar(100) NOT NULL,
  `createdDate` datetime NOT NULL,
  `changedBy` varchar(100) DEFAULT NULL,
  `changedDate` datetime DEFAULT NULL
) ENGINE=InnoDB DEFAULT CHARSET=latin1;

--
-- Dumping data untuk tabel `cms_story`
--

INSERT INTO `cms_story` (`idData`, `title`, `subtitle`, `description`, `author`, `picture`, `createdBy`, `createdDate`, `changedBy`, `changedDate`) VALUES
(3, 'PEPE AND THE FLYING BALLOON', 'The little girl gave Pepe a big hug and said \"I have been endlessly chasing the horizon running away from monsters that keep haunting me \"', 'PHNwYW4gc3R5bGU9ImNvbG9yOiByZ2IoMzQsIDM0LCAzNCk7IGZvbnQtZmFtaWx5OiBNZW5sbywgbW9ub3NwYWNlOyBmb250LXNpemU6IDExcHg7IHdoaXRlLXNwYWNlOiBwcmUtd3JhcDsiPk9uY2UgdXBvbiBhIHRpbWUsIHRoZXJlIHdlcmUgdHdvIG1pY2UgdGhhdCBsaXZlZCBhbiBhZHZlbnR1cm91cyBsaWZlIGluIHRoZSBoZWFydCBvZiBKYWthcnRhLiBIaXJvIGFuZCBoaXMgd2lmZSwgU3VyLCB3ZXJlIGEgaGFyZC13b3JraW5nIGFuZCBjb3VyYWdlb3VzIGR1by4gRXZlbiB0aG91Z2ggdGhleSB3ZXJlIHRpbnkgY3JlYXR1cmVzLCB0aGVpciBoZWFydHMgd2VyZSBzZXQgb24gcmVzY3VpbmcgYWJhbmRvbmVkIGNoaWxkcmVuIHdobyBsaXZlZCBvbiB0aGUgc3RyZWV0cy4gU29tZXRpbWVzIHRoZXkgc2xlcHQgdW5kZXIgdGhlIHJvb2Z0b3BzIG9mIGJpZyBob3VzZXMsIHdoZXJlIHRoZXkgY291bGQgc3RlYWwgc29tZSBmb29kIGZvciB0aGVzZSBjaGlsZHJlbi4gT3RoZXIgdGltZXMgdGhleSBzcGVudCB0aGUgbmlnaHQgaW4gYSBjbG90aGluZyBmYWN0b3J5LCB3aGVyZSBTdXIgd291bGQgc2V3IGxpdHRsZSBzY2FydmVzIGZyb20gbGVmdG92ZXIgbWF0ZXJpYWxzLiBCdXQgdGhleSBzcGVudCBtb3N0IG9mIHRoZWlyIHRpbWUgdW5kZXIgYSBicmlkZ2UgYXQgdGhlIHZpbnRhZ2UgdHJhaW4gc3RhdGlvbiBpbiBLb3RhIC0gdGhlIG9sZCB0b3duIC0gd2hlcmUgYWJvdXQgdHdlbnR5IHRvIHRoaXJ0eSBuZWdsZWN0ZWQga2lkcyBzb3VnaHQgc2hlbHRlciBlYWNoIG5pZ2h0LiBUaGUgb2xkIGJyaWRnZSBoYWQgYSBuYXN0eSBhbmQgZGFtcCBhdG1vc3BoZXJlLCBidXQgaXQgd2FzIGhlcmUgdGhhdCBIaXJvIGFuZCBTdXIgZmVsdCB0aGV5IHdlcmUgbmVlZGVkIG1vc3QuIEFzIHRoZSBjaGlsZHJlbiBzbGVwdCwgSGlybyB3b3VsZCBjYXJlZnVsbHkgd3JhcCB0aGVpciBuZWNrcyB3aXRoIHRoZSBzY2FydmVzIHRoYXQgU3VyIG1hZGUgYW5kIGdlbnRseSBwbGFjZSBmb29kIG5leHQgdG8gdGhlbS4gTm9uZSBvZiB0aGUga2lkcyBldmVyIGZvdW5kIG91dCB3aG8gdGhlaXIgc2VjcmV0IGd1YXJkaWFucyB0cnVseSB3ZXJlLiANCiANCk1hbnkgbmFtZWxlc3MgY2hpbGRyZW4gd2l0aCBteXN0ZXJpb3VzIHN0b3JpZXMgY2FtZSB0byB0aGlzIGRhcmsgY29ybmVyLiBBZnRlciBhIHdoaWxlLCBzb21lIHdvdWxkIGxlYXZlIHRvIHNlZWsgc2hlbHRlciBlbHNld2hlcmUsIHdoaWxlIG90aGVycyBzdWZmZXJlZCB0cmFnaWMgZW5kcy4gT25lIGRheSwgYSBjaGlsZCB3aXRoIGEgc2hhdmVkIGhlYWQgbGltcGVkIGludG8gdGhpcyBwbGFjZS4gVGhlIGNoaWxk4oCZcyBkYXJrLCB0aGluLCBhbmQgZmxhdCBjaGVzdCBzdWdnZXN0ZWQgdGhhdCBpdCB3YXMgYSBib3kuIFlldCwgc3RhcnJpbmcgZGVlcGx5IGludG8gdGhlIHlvdW5nIHZpc2l0b3LigJlzIGxhcmdlIGFsbW9uZCBleWVzLCBTdXIga25ldyB0aGlzIHBvb3Igc291bCB3YXMgYSBsaXR0bGUgZ2lybC4gSGVyIGV4cHJlc3Npb24gY29udmV5ZWQgYSBtaXggb2YgcmFnZSwgZmVhciwgbG9uZ2luZywgYW5kIHNvcnJvdzsgYnV0IGhlciBleWVzIGhlbGQgdGhlIGJ1cm5pbmcgZmxhbWUgb2YgU3Jpa2FuZGkncyAodGhlIGFuY2llbnQgSmF2YW5lc2Ugd2FycmlvciBnb2RkZXNzKSBzcGlyaXQuIEFjdGluZyBsaWtlIGFuIGFuZ3J5IGJveSB3YXMgaGVyIG1lYW5zIG9mIHN1cnZpdmluZyB0aGUgYWJ1c2UgYW5kIHZpb2xlbmNlIG9mIHRoZSBzdHJlZXRzLiBOb3cgaXQgc2VlbWVkIGFzIGlmIHNoZSBoYWQgYmVlbiBydW5uaW5nIGZvciBob3VycyBmcm9tIHNvbWV0aGluZy4gSGVyIGxpcHMgd2VyZSBwYWxlIGFuZCBjb2xkLiBIZXIgYm9keSB3YXMgc2hha2luZyBmcm9tIGV4aGF1c3Rpb24uIFNoZSBrbmVsdCB0byB0aGUgZ3JvdW5kIGFuZCBmZWxsIGludG8gYSBkZWVwIHNsZWVwIGluc2lkZSBhIHRvcm4gcGFja2luZyBib3ggdGhhdCBIaXJvIGhhZCBwcm9jdXJlZCBmcm9tIHRoZSBmYWN0b3J5LiBFdmVuIGFzIHRoZSBsaXR0bGUgZ2lybCBzbGVwdCwgdGhlcmUgd2FzIGludGVuc2l0eSBvbiBoZXIgZmFjZSwgYW5kIFN1ciBmZWxsIGluIGxvdmUgd2l0aCB0aGUgZ2lybCdzIGZpZ2h0aW5nIHNwaXJpdC4gDQogDQpTdXIgc2F0IGRvd24gbmV4dCB0byBoZXIgYW5kIHN0YXJ0ZWQgdG8gc2V3IGEgdGlueSBkb2xsIHdoaWxlIGh1bW1pbmcgYW4gZW5jaGFudGluZyBsdWxsYWJ5LiBUaGlzIGxvdmluZyBtb3VzZSBoYWQgYSBtaXJhY3Vsb3VzIHBvd2VyIHdoZW4gc2hlIHNld2VkLiBFdmVyeSBzdGl0Y2ggc2hlIG1hZGUgd2FzIHBlcmZvcm1lZCB3aXRoIGEgc29sZW1uIHdpc2ggZm9yIHRoZSBjaGlsZC4gQXMgc2hlIGNvbXBsZXRlZCB0aGUgZG9sbCwgYSBzdGFyIHNob3QgYWNyb3NzIHRoZSBkZWVwIGJsdWUgc2t5IGFib3ZlIHRoZW0uIEl0IGJyb2tlIGludG8gdGlueSBmaXJlZmxpZXMgd2hpY2ggZW52ZWxvcGVkIHRoZSB3aXNoZnVsIGRvbGwgaW4gYSB3YXJtIGdsb3cgYW5kIGJsZXNzZWQgaXQgd2l0aCBhIHNtaWxlLiBTdXIgbmFtZWQgdGhpcyBkb2xsIOKAnFBlcGXigJ0gYWZ0ZXIgdGhlIGxhYmVsIHByaW50ZWQgb24gdGhlIGJveCB3aGVyZSB0aGUgbGl0dGxlIGdpcmwgc2xlcHQuIFdoZW4gc2hlIGdpbmdlcmx5IHBsYWNlZCB0aGUgZG9sbCBpbiB0aGUgY2hpbGQncyBlbWJyYWNlLCBhbiBhaXIgb2Ygam95IGZpbGxlZCB0aGUgZ2lybCdzIGZhY2UsIGFzIGlmIHNoZSBoYWQganVzdCBlbnRlcmVkIGEgbWFnbmlmaWNlbnQgZHJlYW0uIFRoZSBjbHVzdGVyIG9mIGZpcmVmbGllcyB0d2lua2xlZCBhYm92ZSB0aGlzIGdpcmwgYW5kIGxpdCBhbiBpbWFnZSBvZiB3aGF0IHNlZW1lZCB0byBiZSBoZXIgZHJlYW0uIA0KSW4gaGVyIGRyZWFtLCB0aGlzIGxpdHRsZSBnaXJsIGZvdW5kIGhlcnNlbGYgcnVubmluZyB0aHJvdWdoIGEgbXlzdGljYWwgZm9yZXN0LiBTaGUgd2FzIHdlYXJpbmcgYSBsb25nIGNvdHRvbiBkcmVzcyB3aXRoIGh1Z2UgQm91Z2FpbnZpbGxlYSBmbG93ZXJzIHBhaW50ZWQgb24gaXQuIFRoZXJlLCBzaGUgbWV0IFBlcGUgLSBhIHNwYXJrbGluZyBhbmQgd2l0dHkgZG9sbCB3aXRoIGEgd2FybSBodW1hbiBoZWFydC4gUGVwZSBsb3ZlZCBqYXp6IGFuZCBwbGF5ZWQgaGlzIHRydW1wZXQgbGlrZSBhbnkgb3RoZXIgY3JhenkgbXVzaWNpYW4uIFRoZSBtdXNpYyBoZSBwbGF5ZWQgY2FzdCBhIHNwZWxsIHRoYXQgY291bGQgdHVybiBzb21lIGRyZWFtcyBpbnRvIHJlYWxpdHkuIEhlIGxpc3RlbmVkIHRvIGhlciBzdG9yaWVzIGFuZCBtYWRlIGhlciBsYXVnaDsgc29tZXRoaW5nIHRoYXQgc2hlIGhhZCBub3QgZG9uZSBmb3IgYSBsb25nIHRpbWUuIA0KIA0KVGhlIGxpdHRsZSBnaXJsIGdhdmUgUGVwZSBhIGJpZyBodWcgYW5kIHNhaWQsIOKAnEkgaGF2ZSBiZWVuIGVuZGxlc3NseSBjaGFzaW5nIHRoZSBob3Jpem9uLCBydW5uaW5nIGF3YXkgZnJvbSBtb25zdGVycyB0aGF0IGtlZXAgaGF1bnRpbmcgbWUuIERlc3RpbnkgaGFzIGJyb3VnaHQgbWUgdG8geW91LCBzbyB0aGF0IGZvciBhIGZldyBtaW51dGVzIG9mIG15IGxpZmUgSSBjb3VsZCBleHBlcmllbmNlIHdhcm10aCBhbmQgdGVuZGVybmVzcy4gUGxlYXNlIHRha2UgbWUgYXdheSBmcm9tIHRoaXMgZGFyayBwbGFjZSBzbyBJIGNhbiBzdG9wIHJ1bm5pbmcuIEkgd2lzaCB0byBmbHkgYW5kIGJlIGluIGEgd29ybGQgd2hlcmUgSSBjYW4gc3RvcCBwcmV0ZW5kaW5nIHRvIGJlIHNvbWV0aGluZyBJ4oCZbSBub3QgYW5kIGNhbiBiZSBteSB0cnVlIHNlbGYuIA0KIA0KUGVwZSBoZWxkIGhlciBoYW5kIGFuZCBsb29rZWQgaW50byBoZXIgdGVhcnkgZXllcy4gQXMgaGUgd2hpc3RsZWQgYSBtZWxhbmNob2xpYyBtZWxvZHksIGEgc3RyaXBlZCBiYWxsb29uIG1hZ2ljYWxseSBhcHBlYXJlZC4gU2hlIGNsaW1iZWQgdXAgYW5kIHNhdCBvbiB0b3Agb2YgaXQgYXMgaXQgc2xvd2x5IHJvc2UgdG8gdGhlIHNreS4gV2l0aCBhIHNtYWxsIGtpdGUgdG8gbmF2aWdhdGUgdGhlIGJhbGxvb24sIHRoZXkgZm9sbG93ZWQgdGhlIHdpbmQgd2hpY2ggY2FycmllZCB0aGVtIGZyb20gdGhlIGRhcmsgZm9yZXN0LCBvdmVyIHRoZSBtb3VudGFpbnMsIGFib3ZlIHRoZSBjaXRpZXPigJkgc2t5c2NyYXBlcnMsIGFuZCB0aHJvdWdoIHRoZSBjbG91ZHMuIEZyb20gdXAgYWJvdmUsIHNoZSBzYXcgcGVvcGxlIGxpdmluZyBkaWZmZXJlbnQgbGl2ZXMuIFNvbWUgZW5qb3llZCBtb3JlIGZvcnR1bmF0ZSBtb21lbnRzLCB3aGlsZSBvdGhlcnMgaGFkIHRvIGZhY2UgYSBtb3JlIGNoYWxsZW5naW5nIGZhdGUgdGhhbiBoZXJzLiBTaGUgZm91bmQgdGhhdCBzaGUgY291bGQgcGFpbnQgaGVyIGxpZmUgd2l0aCBhbnkgY29sb3JzIHNoZSB3aXNoZWQgYW5kIGRyYXcgaGVyIG93biBob3Jpem9ucyB3aXRob3V0IGhhdmluZyB0byByZWFjaCBvdXQgZm9yIHRoZW0uIFNvcnJvdyBhbmQgbW9uc3RlcnMgZXhpc3RlZCBvbmx5IGluIGhlciBtaW5kLCBub3QgaW4gaGVyIHJlYWxpdHkuIEl0IGFsbCBkZXBlbmRlZCBvbiBob3cgc2hlIGxvb2tlZCBhdCB0aGVtLiBBbmQgbm93IHdpdGggdGhpcyBuZXcgcGVyc3BlY3RpdmUsIHNoZSBmZWx0IGJldHRlci4gDQogDQpTaGUgd2FzIG9uIHRoZSB0b3Agb2YgaGVyIHVuaXZlcnNlIHdoZW4gUGVwZSBnYXZlIGhlciBhIHN1ZGRlbiBraXNzIG9uIHRoZSBjaGVlaywgZmxldyBhd2F5LCBhbmQgZGlzYXBwZWFyZWQgYmVoaW5kIHRoZSBtb29uLiBIZXIgZnVubnkgdmFsZW50aW5lIHdhcyBub3doZXJlIHRvIGJlIHNlZW4uIFRoZSBiYWxsb29uIGRyaWZ0ZWQgZG93biBhdCBhIHNwZWVkIHNoZSBjb3VsZCBub3QgY29udHJvbCwgaGVyIGJyZWF0aCBiZWNhbWUgdGhpbiwgYW5kIHRoZSB3b3JsZCB3YXMgYWdhaW4gYSBmZWFyZnVsIHBsYWNlLiBTaGUgc3VtbW9uZWQgdGhlIHJlbWFpbmluZyBjb3VyYWdlIHRoYXQgc2hlIGhhZCwgdG9vayBhIGRlZXAgYnJlYXRoLCBhbmQgc2xpZCBhd2F5IGZyb20gdGhlIHRvcCBvZiB0aGUgYmFsbG9vbi4gSGVyIHdoaXRlIGNvdHRvbiBkcmVzcyBzZXJ2ZWQgYXMgYSBwYXJhY2h1dGUgc3VjaCB0aGF0IHNoZSBjb3VsZCBsYW5kIGdyYWNlZnVsbHkuIEFzIHNoZSB0b3VjaGVkIHRoZSBncm91bmQsIHRoZSBsaXR0bGUgZ2lybCB3b2tlIHVwIGFuZCBmb3VuZCBoZXJzZWxmIHdpdGggdGhlIGxpdHRsZSBQZXBlIGRvbGwgbmVzdGxlZCBpbiBoZXIgZW1icmFjZS48L3NwYW4+PGJyPg==', 'Melisa Sanjaya', 'stories_3.png', 'SESSION_TEST', '2017-10-23 16:10:18', 'SESSION_TEST', '2017-11-19 13:42:10'),
(4, 'Surat 3', 'Lelono', 'RmFsbCBXaW50ZXIgMTcvMTg=', 'Melissa Sunjaya', 'stories_4_20171207012824am.jpg', 'admin@tulisan.com', '2017-12-07 01:28:24', 'admin@tulisan.com', '2017-12-07 01:29:34'),
(5, 'Letter No. 2: Nexus', 'This Dry Season Collection 2017 relates to Melissa Sunjaya\'s second letter titled ‘Nexus’. Her essay employed the set theory in mathematics to visualize social and emotional connections between humans.', 'PHAgc3R5bGU9XCJcXFxcXFwmcXVvdDttYXJnaW4tYm90dG9tOlwiIDlweDs9XCJcIiBmb250LXNpemU6PVwiXCIgbGluZS1oZWlnaHQ6PVwiXCIgbm9ybWFsOz1cIlwiIGZvbnQtZmFtaWx5Oj1cIlwiIGdlb3JnaWE7PVwiXCIgY29sb3I6PVwiXCIgcmdiKDAsPVwiXCIgMCw9XCJcIiAwKTs9XCJcIiAtd2Via2l0LXRleHQtc3Ryb2tlLXdpZHRoOj1cIlwiIGluaXRpYWw7PVwiXCIgLXdlYmtpdC10ZXh0LXN0cm9rZS1jb2xvcjo9XCJcIiAwKTtcXFxcXFxcIj1cIlwiPgkJIAkgCSAJCTwvcD48ZGl2IGNsYXNzPVwicGFnZVwiIHRpdGxlPVwiUGFnZSA2XCI+CQkJPGRpdiBjbGFzcz1cImxheW91dEFyZWFcIj4JCQkJPGRpdiBjbGFzcz1cImNvbHVtblwiPgkJCQkJPHA+DQoJCQ0KCQ0KCQ0KCQk8L3A+PGRpdiBjbGFzcz1cInBhZ2VcIiB0aXRsZT1cIlBhZ2UgMlwiPg0KCQkJPGRpdiBjbGFzcz1cImxheW91dEFyZWFcIj4NCgkJCQk8ZGl2IGNsYXNzPVwiY29sdW1uXCI+DQoJCQkJCTxwPjxzcGFuIHN0eWxlPVwiZm9udC1zaXplOiAxNC4wMDAwMDBwdDsgZm9udC1mYW1pbHk6IFwnR2VvcmdpYVwnXCI+QWt1IGJlcm5hZmFzLCBiZXJnZXJhaywgZGFuIGJlcmhhc3JhdCBkaQ0Kc3VhdHUgZHVuaWEgYmVyY2FkYXIgeWFuZyB0YWt1dCBkaXNlbnR1aC4NCjwvc3Bhbj48L3A+DQoJCQkJCTxwPjxzcGFuIHN0eWxlPVwiZm9udC1zaXplOiAxNC4wMDAwMDBwdDsgZm9udC1mYW1pbHk6IFwnR2VvcmdpYVwnXCI+QWRhIHlhbmcgc3VrYXIgZGl1bmdrYXBrYW47IHlhbmcgZGlsYXJhbmcNCnVudHVrIGRpc2Vrc2FtYTsgZGFuIHNla2FyYW5nIHNlbWFraW4NCmJhbnlhayBsYWdpIHlhbmcgdGlkYWsgYmlzYSBkaXJhc2FrYW4uDQpTaXN0ZW0geWFuZyBtZW5nZWxpbGluZ2lrdSB0ZWxhaCBkaXJhbmNhbmcNCmphdWggc2ViZWx1bSBha3UgdGVyd3VqdWQgZGFsYW0gamFuaW4uDQpTaXN0ZW0gaW5pIHRpZGFrIGxhZ2kgYmVyZnVuZ3NpIGRlbmdhbiBiYWlrDQp1bnR1ayBtZWxpbmR1bmdpa3UuIFNlcGVydGkgamFyaW5nYW4geWFuZw0KcGFkYXQsIHNpc3RlbSBpbmkgZGlkaXJpa2FuIHVudHVrIG1lbmphZ2ENCmtlc2VpbWJhbmdhbiBkaSBhbnRhcmEgc2VzYW1ha3UuIGtpbmkNCmphcmluZ2FuIHNpc3RlbSBpbmkgbWVuY2FidXRpIHNlZ2FsYSBiZW50dWsNCnNlbnNvcmkgZGFyaSByYXNhIGtlbWFudXNpYWFua3UsIGRhbg0KbWVyZWtheWFzYW55YSBkZW5nYW4gcGVyc29uYWxpc2FzaSBsYWluLjwvc3Bhbj48L3A+DQoJCQkJPC9kaXY+DQoJCQk8L2Rpdj4NCgkJPC9kaXY+CQkJCTwvZGl2PgkJCTwvZGl2PgkJPC9kaXY+', 'Melissa Sunjaya', 'stories_5_20171207013417am.jpg', 'admin@tulisan.com', '2017-12-07 01:34:17', 'admin@tulisan.com', '2017-12-17 20:43:17'),
(9, 'Letter No. 1: Pulsar Dance', 'This Fall-Winter 2016-2017 season is derived from the  rst letter of my anthology titled ‘The New East Indies’ in which I tried to examine new perspectives on several aspects of social orders and cultural values.', 'DQoJCQ0KCQ0KCQ0KCQk8ZGl2IGNsYXNzPVxcXFxcXFwicGFnZVxcXFxcXFwiIHRpdGxlPVxcXFxcXFwiUGFnZSA2XFxcXFxcXCI+DQoJCQk8ZGl2IGNsYXNzPVxcXFxcXFwibGF5b3V0QXJlYVxcXFxcXFwiPg0KCQkJCTxkaXYgY2xhc3M9XFxcXFxcXCJjb2x1bW5cXFxcXFxcIj4NCgkJCQkJPHA+PHNwYW4gc3R5bGU9XFxcXFxcXCJmb250LXNpemU6IDkuMDAwMDAwcHQ7IGZvbnQtZmFtaWx5OiBcXFxcXFxcJ0dlb3JnaWFcXFxcXFxcJ1xcXFxcXFwiPlRoaXMgRmFsbC1XaW50ZXIgMjAxNi0yMDE3IHNlYXNvbiBpcyBkZXJpdmVkIGZyb20gdGhlIGZpcnN0IGxldHRlciBvZg0KPC9zcGFuPjxzcGFuIHN0eWxlPVxcXFxcXFwiZm9udC1zaXplOiA5LjAwMDAwMHB0OyBmb250LWZhbWlseTogXFxcXFxcXCdHZW9yZ2lhXFxcXFxcXCdcXFxcXFxcIj5NZWxpc3NhIFN1bmpheWFcXFxcXFxcJ3MgYW50aG9sb2d5IHRpdGxlZCDigJhUaGUgTmV3IEVhc3QgSW5kaWVzLOKAmSBpbiB3aGljaCBzaGUgdHJpZWQgdG8gZXhhbWluZQ0KbmV3IHBlcnNwZWN0aXZlcyBvbiBzZXZlcmFsIGFzcGVjdHMgb2Ygc29jaWFsIG9yZGVycyBhbmQgY3VsdHVyYWwNCnZhbHVlcy48L3NwYW4+PC9wPg0KCQkJCTwvZGl2Pg0KCQkJPC9kaXY+DQoJCTwvZGl2Pg==', 'Melissa Sunjaya', 'stories_9_20171217083801pm.jpg', 'admin@tulisan.com', '2017-12-17 20:38:01', 'admin@tulisan.com', '2017-12-27 23:59:18'),
(10, 'Anima', '', 'PHAgc3R5bGU9XCJtYXJnaW4tYm90dG9tOiAwcHg7IGZvbnQtc2l6ZTogOHB4OyBsaW5lLWhlaWdodDogbm9ybWFsOyBmb250LWZhbWlseTogR2VvcmdpYTsgLXdlYmtpdC10ZXh0LXN0cm9rZS13aWR0aDogaW5pdGlhbDsgLXdlYmtpdC10ZXh0LXN0cm9rZS1jb2xvcjogcmdiKDAsIDAsIDApO1wiPjxzcGFuIHN0eWxlPVwiZm9udC1rZXJuaW5nOiBub25lXCI+VGhlIGdhbWUgb2YgbGlmZSwgbXVjaCBsaWtlIGEgZ2FtZSBvZiBjYXJkcywgaXMgYSB3aWxkIG1peCBvZiBsdWNrIGFuZCBkZXN0aW55LiBBcyBmYXRlIGlzIGEgZmlja2xlIGNvbXBhbmlvbiwgd2lucyBhbmQgbG9zc2VzIGFyZSBkZWFsdCBvdXQgaW4gYXJjYWRlIHdheXMuIEEgc3Ryb25nIGhhbmQgb2YgY2FyZHMgY2FuIGJlIHNxdWFuZGVyZWQgYnkgYW4gaW5leHBlcmllbmNlZCBwbGF5ZXIsIHdoaWxlIGEgc2hyZXdkIHBsYXllciBjYW4gdXNlIG1lZGlvY3JlIGNhcmRzIHRvIGhpcyBhZHZhbnRhZ2UuIEluZGVlZCwgYSBzaW1wbGUgZ2FtZSBvZiBjYXJkcyByZXZlYWxzIHRoZSBjb21wbGV4IG5hdHVyZSBvZiBvdXIgZXhpc3RlbmNlIHdoZXJlIHdpdCBhbmQgZGV0ZXJtaW5hdGlvbiBhcmUgZ3JlYXQgZXF1YWxpemVycyB0byBjb252ZW50aW9uIGFuZCBjaGFuY2UuPC9zcGFuPjwvcD4NCjxwIHN0eWxlPVwibWFyZ2luLWJvdHRvbTogMHB4OyBmb250LXNpemU6IDhweDsgbGluZS1oZWlnaHQ6IG5vcm1hbDsgZm9udC1mYW1pbHk6IEdlb3JnaWE7IC13ZWJraXQtdGV4dC1zdHJva2Utd2lkdGg6IGluaXRpYWw7IC13ZWJraXQtdGV4dC1zdHJva2UtY29sb3I6IHJnYigwLCAwLCAwKTtcIj48c3BhbiBzdHlsZT1cImZvbnQta2VybmluZzogbm9uZVwiPlVuZGVyc3RhbmRpbmcgdGhlIGRlZXBlciBuYXR1cmUgb2Ygc2ltcGxlIHRoaW5ncyBpcyB3aGF0IHRoZSBBbmltYSBzdG9yeSBpcyBhbGwgYWJvdXQuIE91ciB0cnVlc3Qgc2VsdmVzIGFyZSBub3QgbmVjZXNzYXJpbHkgd2hhdCB3ZSBzaG93IHRvIHRoZSB3b3JsZC4gVWx0aW1hdGVseSB0aGUgZGVjaXNpb25zIHdlIG1ha2UgYXJlIHdoYXQgZGl2dWxnZSBvdXIgYXV0aGVudGljIG5hdHVyZS4gT3VyIGNob2ljZXMsIHdoZXRoZXIgdG8gY2hlYXQsIGJsdWZmLCBvdXRzbWFydCwgcmVtYWluIHN0ZWFkZmFzdCwgb3IgdHJ1c3QgZGVzdGlueSwgZXhwb3NlIHVzIG1vcmUgdGhhbiBzb2NpYWwgc3RhbmRpbmcgb3IgbWF0ZXJpYWwgcG9zc2Vzc2lvbnMgZXZlciBjb3VsZC48L3NwYW4+PC9wPg0KPHAgc3R5bGU9XCJtYXJnaW4tYm90dG9tOiAwcHg7IGZvbnQtc2l6ZTogOHB4OyBsaW5lLWhlaWdodDogbm9ybWFsOyBmb250LWZhbWlseTogR2VvcmdpYTsgLXdlYmtpdC10ZXh0LXN0cm9rZS13aWR0aDogaW5pdGlhbDsgLXdlYmtpdC10ZXh0LXN0cm9rZS1jb2xvcjogcmdiKDAsIDAsIDApO1wiPjxzcGFuIHN0eWxlPVwiZm9udC1rZXJuaW5nOiBub25lXCI+V2hpbGUgeW91IGFyZSBvZiBjb3Vyc2UgZnJlZSB0byBjcmVhdGUgeW91ciBvd24gZ2FtZXMgYW5kIHJ1bGVzIHdoZW4gd2llbGRpbmcgdGhlIEFuaW1hIGNhcmRzLCBwbGVhc2UgYWxsb3cgbWUgdG8gaW50cm9kdWNlIHRoZSBkaWZmZXJlbnQgc3ltYm9scyBhbmQgdGhlaXIgb3JpZ2luYWwgbWVhbmluZ3MsIG9yIGF0IHRoZSB2ZXJ5IGxlYXN0LCBzaG93IHlvdSB3aGF0IGluc3BpcmVkIG1lIHRvIGNyZWF0ZSB0aGUgc2V0Ljwvc3Bhbj48L3A+DQo8cCBzdHlsZT1cIm1hcmdpbi1ib3R0b206IDBweDsgZm9udC1zaXplOiA4cHg7IGxpbmUtaGVpZ2h0OiBub3JtYWw7IGZvbnQtZmFtaWx5OiBHZW9yZ2lhOyAtd2Via2l0LXRleHQtc3Ryb2tlLXdpZHRoOiBpbml0aWFsOyAtd2Via2l0LXRleHQtc3Ryb2tlLWNvbG9yOiByZ2IoMCwgMCwgMCk7XCI+PHNwYW4gc3R5bGU9XCJmb250LWtlcm5pbmc6IG5vbmVcIj5BbmNpZW50IEdyZWVuIHBoaWxvc29waGVycyBiZWxpZXZlZCB0aGF0IGZvdXIgY2xhc3NpY2FsIGVsZW1lbnRzIHdlcmUgdGhlIGJhc2ljIGNvbnN0aXR1ZW50cyBvZiBhbGwgbWF0dGVyLiBUaGVzZSBlbGVtZW50cyB3ZXJlIEVhcnRoLCBXYXRlciwgQWlyIGFuZCBGaXJlLiBBcyB3ZSBhcmUgbW9ydGFsIGJlaW5ncywgYWxsIG9mIG91ciBlbGVtZW50cyBldmVudHVhbGx5IHJldHVybiB0byB0aGUgdW5pdmVyc2UuIE91ciBmbGVzaCByZXR1cm5zIHRvIHRoZSBzb2lsLiBPdXIgYmxvb2QgZGlzc29sdmVzIHRvIHRoZSBzZWEuIE91ciBicmVhdGggZGlmZnVzZXMgaW50byBhaXIsIGFuZCB0aGUgaGVhdCBvZiBvdXIgZW1vdGlvbnMgZGlzc2lwYXRlcyBpbnRvIGZsYW1lcy4gSXQgaXMgYSBzb3VsZnVsIHBpbGdyaW1hZ2UgdG8gZ2FpbiBhbiB1bmRlcnN0YW5kaW5nIG9mIHRoZSBlc3NlbmNlIG9mIHRoaXMgYW5jaWVudCBwaGlsb3NvcGh5Ljwvc3Bhbj48L3A+DQo8cCBzdHlsZT1cIm1hcmdpbi1ib3R0b206IDBweDsgZm9udC1zaXplOiA4cHg7IGxpbmUtaGVpZ2h0OiBub3JtYWw7IGZvbnQtZmFtaWx5OiBHZW9yZ2lhOyAtd2Via2l0LXRleHQtc3Ryb2tlLXdpZHRoOiBpbml0aWFsOyAtd2Via2l0LXRleHQtc3Ryb2tlLWNvbG9yOiByZ2IoMCwgMCwgMCk7XCI+PHNwYW4gc3R5bGU9XCJmb250LWtlcm5pbmc6IG5vbmVcIj5GdXJ0aGVybW9yZSwgZWFjaCBlbGVtZW50IGNvcnJlc3BvbmRzIHRvIG9uZSBvZiB0aGUgZm91ciB2aXJ0dWVzIG9mIGJlaW5nIChmbHV4aW9uLCB2aXNpb24sIGludHVpdGlvbiwgYW5kIGVxdWlsaWJyaXVtKS4gRWFzdGVyIHBoaWxvc29waHkgc3VnZ2VzdHMgdGhhdCBpdCB0YWtlcyAxMiB5ZWFycyB0byBjb21wbGV0ZSBhIGZ1bGwgY3ljbGUuIFRoZXJlZm9yZSBteSBjYXJkcyBpbGx1c3RyYXRlIHRoZSBmb2xsb3dpbmcgc3RhZ2VzOiBtYXN0ZXI7IHRoZSBKYWNrIGlzIHRoZSBjb21wbGV0aW9uIGxldmVsIOKAkyB0aGUgMTB0aCB5ZWFyLCBRdWVlbiBpcyB0aGUgWWluIGVuZXJneSBpbiB0aGUgMTF0aCB5ZWFyIGFuZCBLaW5nIGlzIHRoZSBZYW5nIGVuZXJneSBpbiB0aGUgMTJ0aCB5ZWFyLiBBY2UgcmVwcmVzZW50cyBiZWluZyBuYXR1cmFsbHkgYm9ybiB3aXRoIGEgc3BlY2lmaWMgdmlydHVlLiBZb3UgYXJlIGx1Y2t5IHRvIGhvbGQgdGhlIEFjZSBjYXJkLCBidXQgaWYgeW91IGRvIG5vdCB1c2UgaXQsIGl0IG1heSB3ZWxsIGdvIHRvIHdhc3RlLjwvc3Bhbj48L3A+DQo8cCBzdHlsZT1cIm1hcmdpbi1ib3R0b206IDBweDsgZm9udC1zaXplOiA4cHg7IGxpbmUtaGVpZ2h0OiBub3JtYWw7IGZvbnQtZmFtaWx5OiBHZW9yZ2lhOyAtd2Via2l0LXRleHQtc3Ryb2tlLXdpZHRoOiBpbml0aWFsOyAtd2Via2l0LXRleHQtc3Ryb2tlLWNvbG9yOiByZ2IoMCwgMCwgMCk7XCI+PHNwYW4gc3R5bGU9XCJmb250LWtlcm5pbmc6IG5vbmVcIj48Yj5USEUgT1JBQ0xFPC9iPjwvc3Bhbj48L3A+DQo8cCBzdHlsZT1cIm1hcmdpbi1ib3R0b206IDBweDsgZm9udC1zaXplOiA4cHg7IGxpbmUtaGVpZ2h0OiBub3JtYWw7IGZvbnQtZmFtaWx5OiBHZW9yZ2lhOyAtd2Via2l0LXRleHQtc3Ryb2tlLXdpZHRoOiBpbml0aWFsOyAtd2Via2l0LXRleHQtc3Ryb2tlLWNvbG9yOiByZ2IoMCwgMCwgMCk7XCI+PHNwYW4gc3R5bGU9XCJmb250LWtlcm5pbmc6IG5vbmVcIj5JIHdhbnRlZCB0byBtYWtlIHRoZSBKb2tlciBjYXJkcyBzb21ldGhpbmcgc3BlY2lhbC4gU28sIHRvIGNvbXBsZXRlIHRoZSBBbmltYSBkZWNrLCBJIHBpY2tlZCB0aGUgcXVpcmt5IGNhdGZpc2ggdG8gc3ltYm9saXplIGEgZGl2aW5lIG9yYWNsZS4gQ2F0ZmlzaCBhcmUgYm90dG9tIGZlZWRlcnMsIHlldCB0aGV5IGFyZSBhY3V0ZWx5IHNlbnNpdGl2ZSB0byB0aGUgc2lnaHRzIGFuZCBzb3VuZHMgb2YgdGhlaXIgZW52aXJvbm1lbnRzLiBJIGZvdW5kIHRoZWlyIGFiaWxpdHkgdG8gYWRhcHQgYW5kIHRocml2ZSBpbiBtdXJreSBjaXJjdW1zdGFuY2VzIGluc3BpcmluZy4gSSBlbnZpc2lvbmVkIE9yYWNsZSBvZiB0aGUgRGl2aW5lIENhdGZpc2ggdG8gYmUgYSBzaW1wbGUgc291bCB3aG8gaW5zcGlyZXMgdXMgdG8gYWNrbm93bGVkZ2UgdGhlIGxpbWl0YXRpb25zIG9mIG91ciBwaHlzaWNhbCByZWFsaXR5IGFuZCBlbWJyYWNlIHdoYXQgb3VyIGRyZWFtcyBhbmQgaW1hZ2luYXRpb25zIGhhdmUgdG8gb2ZmZXIuPC9zcGFuPjwvcD4NCjxwIHN0eWxlPVwibWFyZ2luLWJvdHRvbTogMHB4OyBmb250LXNpemU6IDhweDsgbGluZS1oZWlnaHQ6IG5vcm1hbDsgZm9udC1mYW1pbHk6IEdlb3JnaWE7IC13ZWJraXQtdGV4dC1zdHJva2Utd2lkdGg6IGluaXRpYWw7IC13ZWJraXQtdGV4dC1zdHJva2UtY29sb3I6IHJnYigwLCAwLCAwKTtcIj48c3BhbiBzdHlsZT1cImZvbnQta2VybmluZzogbm9uZVwiPjxiPlRFUlJBIEtJTkdET00gKEVhcnRoIEVsZW1lbnQpPC9iPjwvc3Bhbj48L3A+DQo8cCBzdHlsZT1cIm1hcmdpbi1ib3R0b206IDBweDsgZm9udC1zaXplOiA4cHg7IGxpbmUtaGVpZ2h0OiBub3JtYWw7IGZvbnQtZmFtaWx5OiBHZW9yZ2lhOyAtd2Via2l0LXRleHQtc3Ryb2tlLXdpZHRoOiBpbml0aWFsOyAtd2Via2l0LXRleHQtc3Ryb2tlLWNvbG9yOiByZ2IoMCwgMCwgMCk7XCI+PHNwYW4gc3R5bGU9XCJmb250LWtlcm5pbmc6IG5vbmVcIj5UaGUgQ29uZmVkZXJhdGlvbiBvZiBSaGFwc29kaWMgVm95YWdlcnM8L3NwYW4+PC9wPg0KPHAgc3R5bGU9XCJtYXJnaW4tYm90dG9tOiAwcHg7IGZvbnQtc2l6ZTogOHB4OyBsaW5lLWhlaWdodDogbm9ybWFsOyBmb250LWZhbWlseTogR2VvcmdpYTsgLXdlYmtpdC10ZXh0LXN0cm9rZS13aWR0aDogaW5pdGlhbDsgLXdlYmtpdC10ZXh0LXN0cm9rZS1jb2xvcjogcmdiKDAsIDAsIDApO1wiPjxzcGFuIHN0eWxlPVwiZm9udC1rZXJuaW5nOiBub25lXCI+VGhlIGZpcnN0IGNsYXNzaWNhbCBlbGVtZW50IG9mIEVhcnRoIGlzIHJlcHJlc2VudGVkIGJ5IHRoZSBzdWl0IG9mIGJsYWNrIGRpYW1vbmRzLiBJIGNyZWF0ZWQgYSBjb25mZWRlcmF0aW9uIG9mIGFkdmVudHVyb3VzIHNlYWxzIGFuZCB3YWxydXNlcyB0byBkZWZlbmQgdGhpcyBncmFuZCBzdWl0LiBUaGUgZnVuZGFtZW50YWwgcHJpbmNpcGxlIG9mIEVhcmNoIGlzIGZsdXhpb24sIHdoaWNoIHNpZ25pZmllcyBjaGFuZ2UuIEV2ZXJ5dGhpbmcgaXMgaW4gYSBjb25zdGFudCBzdGF0ZSBvZiBmbHV4LiBJdCBpcyB0aGUgYXdhcmVuZXNzIG9mIG91ciBzZW5zb3J5IG9yZ2FucyBhbmQgdGhlaXIgY29ubmVjdGlvbiB0byB0aGUgdGVycmFpbiB3aGVyZSB3ZSBzdGFuZCwgdGhhdCBlbmFibGVzIHVzIHRvIHJlbWFpbiBncm91bmRlZCBhbmQgdGh1cyBhYmxlIHRvIGZsb3VyaXNoLjwvc3Bhbj48L3A+DQo8cCBzdHlsZT1cIm1hcmdpbi1ib3R0b206IDBweDsgZm9udC1zaXplOiA4cHg7IGxpbmUtaGVpZ2h0OiBub3JtYWw7IGZvbnQtZmFtaWx5OiBHZW9yZ2lhOyAtd2Via2l0LXRleHQtc3Ryb2tlLXdpZHRoOiBpbml0aWFsOyAtd2Via2l0LXRleHQtc3Ryb2tlLWNvbG9yOiByZ2IoMCwgMCwgMCk7XCI+PHNwYW4gc3R5bGU9XCJmb250LWtlcm5pbmc6IG5vbmVcIj48Yj5BUVVBIEtJTkdET00gKFdhdGVyIEVsZW1lbnQpPC9iPjwvc3Bhbj48L3A+DQo8cCBzdHlsZT1cIm1hcmdpbi1ib3R0b206IDBweDsgZm9udC1zaXplOiA4cHg7IGxpbmUtaGVpZ2h0OiBub3JtYWw7IGZvbnQtZmFtaWx5OiBHZW9yZ2lhOyAtd2Via2l0LXRleHQtc3Ryb2tlLXdpZHRoOiBpbml0aWFsOyAtd2Via2l0LXRleHQtc3Ryb2tlLWNvbG9yOiByZ2IoMCwgMCwgMCk7XCI+PHNwYW4gc3R5bGU9XCJmb250LWtlcm5pbmc6IG5vbmVcIj5UaGUgTGVnYWN5IG9mIE1hZ2ljYWwgQmVsaWV2ZXJzPC9zcGFuPjwvcD4NCjxwIHN0eWxlPVwibWFyZ2luLWJvdHRvbTogMHB4OyBmb250LXNpemU6IDhweDsgbGluZS1oZWlnaHQ6IG5vcm1hbDsgZm9udC1mYW1pbHk6IEdlb3JnaWE7IC13ZWJraXQtdGV4dC1zdHJva2Utd2lkdGg6IGluaXRpYWw7IC13ZWJraXQtdGV4dC1zdHJva2UtY29sb3I6IHJnYigwLCAwLCAwKTtcIj48c3BhbiBzdHlsZT1cImZvbnQta2VybmluZzogbm9uZVwiPlRoZSBzZWNvbmQgY2xhc3NpY2FsIGVsZW1lbnQgaXMgV2F0ZXIsIHJlcHJlc2VudGVkIGJ5IHRoZSBzdWl0IG9mIEluZGlnbyBDbGx1YnMuIEkgZW52aXNpb25lZCB0aGlzIGFxdWF0aWMgdGVycml0b3J5IGFzIG9uZSBpbmhhYml0ZWQgYnkgYSBsZWdpb24gb2YgbWFnaWNhbCBmcm9ncyB3aG8gaGF2ZSB0aGUgcG93ZXIgdG8gc2VlIGludG8gdGhlIGZ1dHVyZS4gVGhlIGZ1bmRhbWVudGFsIHByaW5jaXBsZSBiZWhpbmQgdGhpcyBlbGVtZW50IGlzIHZpc2lvbi4gT3VyIGRyZWFtcyBhbmQgaW1hZ2luYXRpb24gZW1wb3dlciB1cywgYWxsb3dpbmcgdXMgdG8gYWNoaWV2ZSBhIGhpZ2hlciBwdXJwb3NlIGluIG91ciBleGlzdGVuY2UuPC9zcGFuPjwvcD4NCjxwIHN0eWxlPVwibWFyZ2luLWJvdHRvbTogMHB4OyBmb250LXNpemU6IDhweDsgbGluZS1oZWlnaHQ6IG5vcm1hbDsgZm9udC1mYW1pbHk6IEdlb3JnaWE7IC13ZWJraXQtdGV4dC1zdHJva2Utd2lkdGg6IGluaXRpYWw7IC13ZWJraXQtdGV4dC1zdHJva2UtY29sb3I6IHJnYigwLCAwLCAwKTtcIj48c3BhbiBzdHlsZT1cImZvbnQta2VybmluZzogbm9uZVwiPjxiPkFFUiBLSU5HRE9NIChBaXIgRWxlbWVudCk8L2I+PC9zcGFuPjwvcD4NCjxwIHN0eWxlPVwibWFyZ2luLWJvdHRvbTogMHB4OyBmb250LXNpemU6IDhweDsgbGluZS1oZWlnaHQ6IG5vcm1hbDsgZm9udC1mYW1pbHk6IEdlb3JnaWE7IC13ZWJraXQtdGV4dC1zdHJva2Utd2lkdGg6IGluaXRpYWw7IC13ZWJraXQtdGV4dC1zdHJva2UtY29sb3I6IHJnYigwLCAwLCAwKTtcIj48c3BhbiBzdHlsZT1cImZvbnQta2VybmluZzogbm9uZVwiPlRoZSBHdWlsZCBvZiBUcmFuc2NlbmRlbnRhbCBBbGNoZW1pc3Q8L3NwYW4+PC9wPg0KPHAgc3R5bGU9XCJtYXJnaW4tYm90dG9tOiAwcHg7IGZvbnQtc2l6ZTogOHB4OyBsaW5lLWhlaWdodDogbm9ybWFsOyBmb250LWZhbWlseTogR2VvcmdpYTsgLXdlYmtpdC10ZXh0LXN0cm9rZS13aWR0aDogaW5pdGlhbDsgLXdlYmtpdC10ZXh0LXN0cm9rZS1jb2xvcjogcmdiKDAsIDAsIDApO1wiPjxzcGFuIHN0eWxlPVwiZm9udC1rZXJuaW5nOiBub25lXCI+VGhlIHN1aXQgb2Ygc2NhcmxldCBoZWFydHMgc3ltYm9saXplIHRoZSB0aGlyZCBjbGFzc2ljYWwgZWxlbWVudCBvZiBBaXIuIEkgd2FudGVkIHRoZSBhdG1vc3BoZXJlIG9mIGRheSBhbmQgbmlnaHQgdG8gYmUgZ3VhcmRlZCBieSBhIGd1aWxkIG9mIHdpc2UgYmFybiBvd2xzIHdobyBzcGVjaWFsaXplIGluIHRoZSBzdHVkeSBvZiB0cmFuc2NlbmRlbnRhbCBhbGNoZW15LiBUaGVpciBwaGlsb3NvcGh5IGNlbnRlcnMgb24gdXNpbmcgaW50dWl0aW9uIGluIHByb2JsZW0gc29sdmluZy4gSW50dWl0aW9uIGFsb25lIGNhbiBiZSBtaXNsZWFkaW5nLiBXZSBjYW4gY29tcGxldGVseSB0cnVzdCBvdXIgaW50dWl0aW9uIG9ubHkgd2hlbiB3ZSBhcmUgdGhvcm91Z2hseSBncm91bmRlZCBhbmQgd2hlbiBvdXIgdmlzaW9uIGlzIG5vdCBhZHVsdGVyYXRlZCBieSBwZXJzb25hbCBhbWJpdGlvbi48L3NwYW4+PC9wPg0KPHAgc3R5bGU9XCJtYXJnaW4tYm90dG9tOiAwcHg7IGZvbnQtc2l6ZTogOHB4OyBsaW5lLWhlaWdodDogbm9ybWFsOyBmb250LWZhbWlseTogR2VvcmdpYTsgLXdlYmtpdC10ZXh0LXN0cm9rZS13aWR0aDogaW5pdGlhbDsgLXdlYmtpdC10ZXh0LXN0cm9rZS1jb2xvcjogcmdiKDAsIDAsIDApO1wiPjxzcGFuIHN0eWxlPVwiZm9udC1rZXJuaW5nOiBub25lXCI+PGI+SUdOSVMgS0lOR0RPTSAoRmlyZSBFbGVtZW50KTwvYj48L3NwYW4+PC9wPg0KPHAgc3R5bGU9XCJtYXJnaW4tYm90dG9tOiAwcHg7IGZvbnQtc2l6ZTogOHB4OyBsaW5lLWhlaWdodDogbm9ybWFsOyBmb250LWZhbWlseTogR2VvcmdpYTsgLXdlYmtpdC10ZXh0LXN0cm9rZS13aWR0aDogaW5pdGlhbDsgLXdlYmtpdC10ZXh0LXN0cm9rZS1jb2xvcjogcmdiKDAsIDAsIDApO1wiPjxzcGFuIHN0eWxlPVwiZm9udC1rZXJuaW5nOiBub25lXCI+VGhlIEVtcGlyZSBvZiBGb3VuZGVyczwvc3Bhbj48L3A+DQo8cCBzdHlsZT1cIm1hcmdpbi1ib3R0b206IDBweDsgZm9udC1zaXplOiA4cHg7IGxpbmUtaGVpZ2h0OiBub3JtYWw7IGZvbnQtZmFtaWx5OiBHZW9yZ2lhOyAtd2Via2l0LXRleHQtc3Ryb2tlLXdpZHRoOiBpbml0aWFsOyAtd2Via2l0LXRleHQtc3Ryb2tlLWNvbG9yOiByZ2IoMCwgMCwgMCk7XCI+PHNwYW4gc3R5bGU9XCJmb250LWtlcm5pbmc6IG5vbmVcIj5UaGUgc3VpdCBvZiBibGF6aW5nIHNwYWRlcyBwb3J0cmF5cyB0aGUgZm91cnRoIGNsYXNzaWNhbCBlbGVtZW50IG9mIEZpcmUuIEluIHRoZSBBTklNQSBkZWNrIHRoaXMgY2VsZXN0aWFsIGZsYW1lIGlzIHByb3RlY3RlZCBieSBhbiBlbXBpcmUgb2YgdmlnaWxhbnQgYW5kIHRydXN0d29ydGh5IGx5bnggd2hvc2UgY29sbGVjdGl2ZSBlbmVyZ3kgaXMgZW1wbG95ZWQgdG8gY3JlYXRlIGEgYmFsYW5jZSBiZXR3ZWVuIGp1c3RpY2UgYW5kIHBvd2VyLiBUaGlzIGVsZW1lbnQgY2hhbm5lbHMgYSBiZWF1dGlmdWwgY3JlYXRpdmUgZW5lcmd5IHdoZW4gY29udHJvbGxlZCwgYnV0IGlzIHByb25lIHRvIGRlc3RydWN0aW9uIHdoZW4gbGVmdCB1bmNoZWNrZWQuPC9zcGFuPjwvcD4NCjxwIHN0eWxlPVwibWFyZ2luLWJvdHRvbTogMHB4OyBmb250LXNpemU6IDhweDsgbGluZS1oZWlnaHQ6IG5vcm1hbDsgZm9udC1mYW1pbHk6IEdlb3JnaWE7IC13ZWJraXQtdGV4dC1zdHJva2Utd2lkdGg6IGluaXRpYWw7IC13ZWJraXQtdGV4dC1zdHJva2UtY29sb3I6IHJnYigwLCAwLCAwKTtcIj48c3BhbiBzdHlsZT1cImZvbnQta2VybmluZzogbm9uZVwiPkp1c3QgYXMgd2UgaGF2ZSBtb3JlIHRvIHVzIHRoYW4gbWVldHMgdGhlIGV5ZSwgc28gdG9vIGRvZXMgdGhlIEFuaW1hIGRlY2suIFRvIGZ1cnRoZXIgZGVsdmUgaW50byB0aGUgbXlzdGljYWwgbmF0dXJlIG9mIGNhcmRzIEkgbmFtZWQgdGhlbSBhZnRlciB0aGUgSnVuZ2lhbiBhcmNoZXR5cGUsIEFuaW1hLiBBcyB5b3UgZXhpc3QgaW4geW91ciByZWFsaXR5LCB0aGUgb3Bwb3NpdGUgb2YgeW91IGNvLWV4aXN0IGluIHlvdSBzdWJjb25zY2lvdXMgbWluZC4gVGhpcyBpcyB5b3VyIEFuaW1hLiBUaGlzIGV4cGxhaW5zIHdoeSBpbiBzb2xpdHVkZSwgd2UgYXJlIG5ldmVyIHJlYWxseSBhbG9uZS4gQWNjb3JkaW5nIHRvIENhcmwgSnVuZyAodGhlIGZvdW5kZXIgb2YgYW5hbHl0aWNhbCBwc3ljaG9sb2d5KSB0aGUgQW5pbWEgaXMgYW4gYXJjaGV0eXBlIHdoaWNoIGVwaXRvbWl6ZXMgb3VyIHRydWVzdCBzZWxmIGFuZCBpcyB0aGUgdWx0aW1hdGUgc291cmNlIG9mIG91ciBjcmVhdGl2aXR5LiBUaGUgYXdhcmVuZXNzIG9mIG91ciBvcHBvc2l0ZSBzZWxmIG1ha2VzIHVzIGEgY29tcGxldGUgaW5kaXZpZHVhbC4gSSBjaG9zZSB0aGUgc2VhaG9yc2UgdG8gc3ltYm9saXplIHRoaXMgYXdhcmVuZXNzIG9mIG91ciBvd24gb3Bwb3NpdGUgcGVyc29uYWxpdHksIGFmdGVyIHRoZSBzZWFob3JzZS1zaGFwZWQgcGFydCBvZiBvdXIgYnJhaW4gY2xhZWVkIHRoZSBIaXBwb2NhbXB1cy4gVGhpcyBwYXJ0IG9mIHRoZSBicmFpbiBjb250cm9scyBzaG9ydC10ZXJtIG1lbW9yeSwgbG9uZy10ZXJtIG1lbW9yeSBhbmQgc3BhdGlhbCBuYXZpZ2F0aW9uLjwvc3Bhbj48L3A+DQo8cCBzdHlsZT1cIm1hcmdpbi1ib3R0b206IDBweDsgZm9udC1zaXplOiA4cHg7IGxpbmUtaGVpZ2h0OiBub3JtYWw7IGZvbnQtZmFtaWx5OiBHZW9yZ2lhOyAtd2Via2l0LXRleHQtc3Ryb2tlLXdpZHRoOiBpbml0aWFsOyAtd2Via2l0LXRleHQtc3Ryb2tlLWNvbG9yOiByZ2IoMCwgMCwgMCk7XCI+PHNwYW4gc3R5bGU9XCJmb250LWtlcm5pbmc6IG5vbmVcIj5CeSBpbmR1bGdpbmcgaW1hZ2luYXRpb24sIHdpbm5pbmcgdGhlIGdyYWNlLCBsb3Npbmcgd2l0aCBkaWduaXR5LCBhbmQgYXBwcmVjaWF0aW5nIHRoZSBoaWdocyBhbmQgbG93cyB0aGF0IGNvbWUgd2l0aCBlYWNoLCBteSBob3BlIGlzIGZvciBhbnlvbmUgd2hvIHdpZWxkcyB0aGVzZSBzcGVjaWFsIGNhcmRzIHRvIGVuam95IHRoZSB1bmZvbGRpbmcgcHJvY2VzcyBvZiBmaW5kaW5nIEFuaW1hLjwvc3Bhbj48L3A+', 'Melissa Sunjaya & Sébastien Théraulaz', 'stories_10_20171228014445am.jpeg', 'aryaputra@tulisan.com', '2017-12-17 22:19:58', 'admin@tulisan.com', '2017-12-28 01:44:45'),
(11, 'The Sound of Dawn', '', '', 'Melissa Sunjaya', '', '', '2017-12-17 23:15:45', 'aryaputra@tulisan.com', '2017-12-18 09:27:52'),
(12, 'Les Papillons de Victor', '', 'PGJyPg==', 'Melissa Sunjaya & Virginie Kasse', '', '', '2017-12-17 23:17:40', NULL, NULL),
(13, 'Ruba’iyat of Amma Supahilo', '', 'PHAgc3R5bGU9XCJtYXJnaW4tYm90dG9tOiAxMnB4OyBwYWRkaW5nOiAwcHg7IGJvcmRlcjogMHB4OyBmb250LWZhbWlseTogR2VvcmdpYSwgVGltZXMsIFwnVGltZXMgTmV3IFJvbWFuXCcsIHNlcmlmOyBmb250LXNpemU6IDEzcHg7IGxpbmUtaGVpZ2h0OiAyMHB4OyB2ZXJ0aWNhbC1hbGlnbjogYmFzZWxpbmU7IGNvbG9yOiByZ2IoNzAsIDcwLCA3MCk7XCI+T24gYSBjb2xkIHJhaW55IG5pZ2h0LCBJIGZlbGwgYXNsZWVwIGFuZCBpbiBteSBkcmVhbXMgbWV0IGEgZ2lybCB3aG8gdG9sZCBtZSBhYm91dCBoZXIgbGlmZS4gV2UgYmVjYW1lIHZlcnkgY2xvc2UsIGFuZCBzaGUgdGF1Z2h0IG1lIGEgc3BlY2lhbCBhbHBoYWJldCBzdWNoIHRoYXQgd2UgY291bGQgY29tbXVuaWNhdGUgd2l0aCBlYWNoIG90aGVyIGluIGNvZGUuIEJlZm9yZSB3ZSBwYXJ0ZWQsIHNoZSB3cm90ZSBtZSBhIHNob3J0IHBvZW0uIFRoZSBzdHJ1Y3R1cmUgd2FzIHNpbWlsYXIgdG8gYSBydWJh4oCZaXlhdCwgYSBQZXJzaWFuIHF1YXRyYWluIGNvbnNpc3Rpbmcgb2YgZm91ciBsaW5lcyBhbmQgcmh5bWluZyB3aXRoJm5ic3A7QUFCQS4gRWFjaCBsaW5lIHdhcyB3cml0dGVuIGluIGlhbWJpYyBwZW50YW1ldGVyLCB3aXRoIGRvdWJsZSBtZWFuaW5nLCBhbmQgZHVhbCBwZXJzcGVjdGl2ZXMuPC9wPjxwIHN0eWxlPVwibWFyZ2luLWJvdHRvbTogMTJweDsgcGFkZGluZzogMHB4OyBib3JkZXI6IDBweDsgZm9udC1mYW1pbHk6IEdlb3JnaWEsIFRpbWVzLCBcJ1RpbWVzIE5ldyBSb21hblwnLCBzZXJpZjsgZm9udC1zaXplOiAxM3B4OyBsaW5lLWhlaWdodDogMjBweDsgdmVydGljYWwtYWxpZ246IGJhc2VsaW5lOyBjb2xvcjogcmdiKDcwLCA3MCwgNzApO1wiPlNoZSB0b2xkIG1lIHRoYXQgaWYgSSBjb3VsZCBmaWd1cmUgaXQgb3V0LCBJIHdvdWxkIGdldCByaWQgb2YgYWxsIG15IG5pZ2h0bWFyZXMgYW5kIG15IGhlYXJ0IHdvdWxkIHN0b3Agc2xlZXBpbmcuIEluIHJldHVybiwgSSBnYXZlIGhlciBzaXggb2YgbXkgcGVuIGFuZCBpbmsgZHJhd2luZ3MgYmFzZWQgb24gaGVyIHJ1YmHigJlpeWF0IGFzIGEgc3ltYm9sIG9mIG91ciBldGVybmFsIGZyaWVuZHNoaXAuIE15IGRyYXdpbmdzIHdlcmUgYWxsIGluIHNvbGlkIGpldCBibGFjay4gU2hlIHNtaWxlZCB3aGlsZSZuYnNwO3N0YXJpbmcmbmJzcDthdCBteSBvcmlnaW5hbCBza2V0Y2hlcywgYW5kIHRoZW4gc2hlIHdoaXNwZXJlZCB0aGF0IHdlIHNob3VsZCB0cnkgdG8gc2xvdyBkb3duIG91ciB0aG91Z2h0cyBhbmQgdG8gYnJlYXRoZSBldmVyeSBzeWxsYWJsZSBvZiB0aGUgcG9ldHJ5LiDigJxMaXN0ZW4gd2VsbCHigJ0gc2hlIHNhaWQsIOKAnEV2ZXJ5IHNvdW5kIHByb2R1Y2VzIHR3byB0b25lcywgYXMgZXZlcnkgc2xpY2Ugb2YgbGlmZSBhbHdheXMgcHJlc2VudHMgaXRzZWxmIGluIGRpZmZlcmVudCBjb2xvcnPigKbigJ08L3A+PHAgc3R5bGU9XCJtYXJnaW4tYm90dG9tOiAxMnB4OyBwYWRkaW5nOiAwcHg7IGJvcmRlcjogMHB4OyBmb250LWZhbWlseTogR2VvcmdpYSwgVGltZXMsIFwnVGltZXMgTmV3IFJvbWFuXCcsIHNlcmlmOyBmb250LXNpemU6IDEzcHg7IGxpbmUtaGVpZ2h0OiAyMHB4OyB2ZXJ0aWNhbC1hbGlnbjogYmFzZWxpbmU7IGNvbG9yOiByZ2IoNzAsIDcwLCA3MCk7XCI+VGhlbiBJIHdhdGNoZWQgdGhlIHdpbmQgdGFrZSBhd2F5IG15IG5ldyBmcmllbmQgYmVmb3JlIG15IGV5ZXMuIFNoZSB3YXMgYSBmcmVlIHNwaXJpdCB3aG8gc2VydmVkIG5vIG1hc3Rlci4gSGVyIG9yaWdpbmFsIGNoYXJhY3RlciB3YXMgYSBiYWxhbmNlZCBtaXh0dXJlIG9mIGtpbmRuZXNzIGFuZCBtYWxpY2UsIHRoZSBwYXN0IGFuZCB0aGUgbmV3LCBsaWdodCBhbmQgZGFyay4gSGVyIG5hbWUgd2FzJm5ic3A7QW1tYSwgdGhlIGxhc3Qgc3Vydml2b3IgZnJvbSB0aGUgZmFtaWx5IG9mJm5ic3A7U3VwYWhpbG8uJm5ic3A7QW1tYSZuYnNwO2xpdmVkIGluc2lkZSBhIHRlYXBvdCB0aGF0IGNhcnJpZWQgdGhlIHN3ZWV0IHNjZW50IG9mJm5ic3A7bGVtb25ncmFzcy4gQSBsb3lhbCBnYXJkZW4gb2dyZSBndWFyZGVkIGhlciBoYWJpdGF0IGFtb25nc3QgYSBidW5kbGUgb2YgZ2lnYW50aWMgZWRlbHdlaXNzIGZsb3dlcnMuIEFzaWRlIGZyb20gaGVyIG9ncmUgd2hvIGtlcHQgaGVyIHNhZmUsIHNoZSBudXJ0dXJlZCB0aHJlZSBvdGhlciBnaWFudCBwZXRzLiBHdXN0YXYgd2FzIHRoZSBlbGVwaGFudCB3aXRoIHdob20gc2hlIHRyYXZlbGVkIHRvIG1hbnkgcGxhY2VzLiBUYXRpYW5hIHdhcyBoZXIgd2lzZSB0b3J0b2lzZSB3aG8gZ2F2ZSBoZXIgZ3VpZGFuY2UuJm5ic3A7PC9wPjxwIHN0eWxlPVwibWFyZ2luLWJvdHRvbTogMTJweDsgcGFkZGluZzogMHB4OyBib3JkZXI6IDBweDsgZm9udC1mYW1pbHk6IEdlb3JnaWEsIFRpbWVzLCBcJ1RpbWVzIE5ldyBSb21hblwnLCBzZXJpZjsgZm9udC1zaXplOiAxM3B4OyBsaW5lLWhlaWdodDogMjBweDsgdmVydGljYWwtYWxpZ246IGJhc2VsaW5lOyBjb2xvcjogcmdiKDcwLCA3MCwgNzApO1wiPkZpbmFsbHksIFNvcGhpYSB3YXMgdGhlIGh1bW1pbmdiaXJkIHdobyBwcm92aWRlZCBjb25zb2xhdGlvbiBhbmQgaW5zcGlyYXRpb24uIEFtbWEgbGl2ZWQgaW4gYSB3b3JsZCBzbyBmYXIgZnJvbSBtZS4gVGhyb3VnaCBoZXIgZWNjZW50cmljaXR5LCBzaGUgYmVjYW1lIG15IHVyYmFuIGhlcm8uPC9wPg==', 'Melissa Sunjaya', 'stories_13_20171228014130am.jpeg', '', '2017-12-17 23:18:12', 'admin@tulisan.com', '2017-12-28 01:41:30'),
(14, 'Hotel Batavia', '', 'PGJyPg==', 'Melissa Sunjaya & Rassi Narika', '', '', '2017-12-17 23:19:17', NULL, NULL),
(15, 'Love Letters of Roro Mendut', '', 'PGJyPg==', 'Melissa Sunjaya', '', '', '2017-12-17 23:19:53', NULL, NULL),
(16, 'The Secret Garden of Admiral Kasarung', '', 'PHAgc3R5bGU9XCJtYXJnaW4tYm90dG9tOiAwcHg7IGZvbnQtc2l6ZTogOHB4OyBsaW5lLWhlaWdodDogbm9ybWFsOyBmb250LWZhbWlseTogR2VvcmdpYTsgLXdlYmtpdC10ZXh0LXN0cm9rZS13aWR0aDogaW5pdGlhbDsgLXdlYmtpdC10ZXh0LXN0cm9rZS1jb2xvcjogcmdiKDAsIDAsIDApO1wiPjxzcGFuIHN0eWxlPVwiZm9udC1rZXJuaW5nOiBub25lXCI+SW4gYSB0aW1lIGxvbmcgYWdvLCZuYnNwO2RlZXAgaW4gdGhlIGZvcmVzdCBvZiBKYXZhIHRoZXJlIGxpdmVkIGFuIGVuY2hhbnRlZCBhZG1pcmFsIGJ5IHRoZSBuYW1lIG9mJm5ic3A7S2FzYXJ1bmcuJm5ic3A7S2FzYXJ1bmcmbmJzcDt3YXMgaGFsZi1tYW4sIGhhbGYtYXBlIGJ1dCBoZSB3YXMgbm8gYmVhc3QuIEhpcyBnb2RkZXNzIG1vdGhlciBoYWQgY2FzdCBhIHNwZWxsIG9uIGhpbSB3aGljaCBtYWRlIGhpbSBsb3NlIGhpcyBoYW5kc29tZSBmZWF0dXJlcy4gSXQgd2FzIGFuIGFjdCB0aGV5IGhhZCBhZ3JlZWQgdXBvbiBzdWNoIHRoYXQmbmJzcDtLYXNhcnVuZyZuYnNwO2NvdWxkIGZpbmQgYSBsYXN0aW5nIGFuZCB0cnVlIGxvdmUuIEhhdmluZyBlbWJyYWNlZCBhIGZhY2FkZSB0aGF0IHdvdWxkIGRldGVyIGRpc2luZ2VudW91cyBzdWl0b3JzIGhlIHRoZW4gZmxlZCBmcm9tIGhlYXZlbiBhbmQgYnVpbHQgaGltc2VsZiBhIHNhbmN0dWFyeSBpbiB0aGUganVuZ2xlIHRvIHNldCBhYm91dCBmaW5kaW5nIGEmbmJzcDtzb3VsbWF0ZS48L3NwYW4+PC9wPg0KPHAgc3R5bGU9XCJtYXJnaW4tYm90dG9tOiAwcHg7IGZvbnQtc2l6ZTogOHB4OyBsaW5lLWhlaWdodDogbm9ybWFsOyBmb250LWZhbWlseTogR2VvcmdpYTsgLXdlYmtpdC10ZXh0LXN0cm9rZS13aWR0aDogaW5pdGlhbDsgLXdlYmtpdC10ZXh0LXN0cm9rZS1jb2xvcjogcmdiKDAsIDAsIDApO1wiPjxzcGFuIHN0eWxlPVwiZm9udC1rZXJuaW5nOiBub25lXCI+S2FzYXJ1bmcmbmJzcDtxdWlja2x5IGNhbWUgdG8ga25vdyB0aGUgZm9yZXN0IGJ5IGhlYXJ0LiBBcGVzIHdlcmUgbm90IGEgY29tbW9uIHNpZ2h0IGluIHRoZSBkZW5zZSBmb3Jlc3QsIGJ1dCZuYnNwO0thc2FydW5n4oCZcyB3aXNkb20gYW5kIHNvcGhpc3RpY2F0ZWQgc3R5bGUgaGFkIGVhcm5lZCBoaW0gdGhlIHJlc3BlY3QgYW5kIGZyaWVuZHNoaXAgb2YgbWFueSBvZiB0aGUgZm9yZXN04oCZcyBhbmltYWwgcmVzaWRlbnRzLiBNb3Jlb3ZlciwgdGhlIGZvcmVzdCB3YXMgYSBteXN0ZXJpb3VzIHBsYWNlLiBUaGUgdHJlZXMgd2hpc3BlcmVkIGVuY2hhbnRpbmcgdGFsZXMgb2YgbXlzdGljYWwgZXZlbnRzLiBUaGUgcml2ZXIsIGNhcnJ5aW5nIHRoZSByb2FyIG9mIHRoZSBzZWEsIHNwb2tlIG9mIHRpbWVzIHdoZW4gbWFnaWMgdW5mb2xkZWQgb24gaXRzIG1pc3R5IGJhbmtzLiBFdmVyeW9uZSBzZWVtZWQgdG8gYWdyZWUgdGhhdCB0aGlzIGN1cmlvdXMgYmVpbmcgd2FzIGRlc3RpbmVkIHRvIHNldCBpbiBtb3Rpb24geWV0IGFub3RoZXIgbnVtaW5vdXMgaGFwcGVuaW5nLjwvc3Bhbj48L3A+DQo8cCBzdHlsZT1cIm1hcmdpbi1ib3R0b206IDBweDsgZm9udC1zaXplOiA4cHg7IGxpbmUtaGVpZ2h0OiBub3JtYWw7IGZvbnQtZmFtaWx5OiBHZW9yZ2lhOyAtd2Via2l0LXRleHQtc3Ryb2tlLXdpZHRoOiBpbml0aWFsOyAtd2Via2l0LXRleHQtc3Ryb2tlLWNvbG9yOiByZ2IoMCwgMCwgMCk7XCI+PHNwYW4gc3R5bGU9XCJmb250LWtlcm5pbmc6IG5vbmVcIj7igJxUaGUgQWRtaXJhbCBpcyBoZXJlIeKAnSB0aGUgbGl0dGxlIGJvYXJzIGNoZWVyZWQgd2hlbmV2ZXIgS2FzYXJ1bmcgcGFzc2VkIGJ5LiBJbiBoaXMgdW5pZm9ybSBhbmQgd2l0aCBhIGNpZ2FyIGluIGhpcyBoYW5kLCBoZSB3b3VsZCBjcm9zcyB0aGUgcml2ZXIgdG8gY2hhdCB3aXRoIHRoZSBjcm9jb2RpbGVzLiDigJxUaGUgd2VhdGhlciBoYXMgYmVlbiByYXRoZXIgaHVtaWQgbGF0ZWx5LOKAnSBoZSB3b3VsZCBzYXkgd2l0aCBkZWJvbmFpciBjaGFybS4gU29tZXRpbWVzLCB3aGVuIHJlbGF4aW5nIGF0b3AgdGhlIGZvcmVzdCBjYW5vcHksIGhlIHdvdWxkIHdoaXN0bGUgdG8gdGhlIGJpcmRzIGFuZCBhcHBsYXVkIHRoZW0gZm9yIHRoZWlyIG9yY2hlc3RyYXRlZCB0d2VldHMuIFRob3VnaCBoZSBsb3ZlZCB0byBmcm9saWMgYW5kIHNvY2lhbGl6ZSB3aXRoIGhpcyB3b29kbGFuZCBmcmllbmRzLCBoZSBhbHdheXMgcmVtYWluZWQgbWluZGZ1bCBvZiBoaXMgcmVhbCBwdXJwb3NlIGZvciByZXNpZGluZyBpbiB0aGUgZm9yZXN0OiB0byBkaXNjb3ZlciBhbmQgZXhwZXJpZW5jZSB0cnVlIGxvdmUuIEhlIHJlY2l0ZWQgcG9lbXMgdG8gdGhlIGxvdmViaXJkcyBzZWVraW5nIGluc2lnaHQgb24gdGhlIG1hdHRlci4gSGUgd2FuZGVyZWQgdGhlIHJvc2UgZ2FyZGVuIGFuZCBhZG1pcmVkIHRoZSBleHF1aXNpdGUgZmxvd2VycyBidXQgc3RpbGwgc29tZWhvdyB0aGUgcGxlYXN1cmUgb2YgYmVob2xkaW5nIHRoZWlyIGJlYXV0eSBmZWx0IHNoYWxsb3cuIEJ5IG5pZ2h0LCBoZSBpbmR1bGdlZCBpbiBjaGVtaWNhbCBleHBlcmltZW50cyBhbmQgYm90YW5pY2FsIHJlc2VhcmNoLiBIaXMgZ29hbCB3YXMgdG8gY3JlYXRlIGEgc2VjcmV0IGdhcmRlbiwgb3ZlcmZsb3dpbmcgd2l0aCBlbm9ybW91cyBmbG93ZXJzIGFuZCBlY2NlbnRyaWMgdmluZXMsIHRvIHNoYXJlIHdpdGggdGhlIHdvbWFuIGluIGhpcyBsaWZlLjwvc3Bhbj48L3A+DQo8cCBzdHlsZT1cIm1hcmdpbi1ib3R0b206IDBweDsgZm9udC1zaXplOiA4cHg7IGxpbmUtaGVpZ2h0OiBub3JtYWw7IGZvbnQtZmFtaWx5OiBHZW9yZ2lhOyAtd2Via2l0LXRleHQtc3Ryb2tlLXdpZHRoOiBpbml0aWFsOyAtd2Via2l0LXRleHQtc3Ryb2tlLWNvbG9yOiByZ2IoMCwgMCwgMCk7XCI+PHNwYW4gc3R5bGU9XCJmb250LWtlcm5pbmc6IG5vbmVcIj5PbmUgYWZ0ZXJub29uIGR1cmluZyBhIG1vdW50YWluIHN0cm9sbCB0byBhIG5lYXJieSBsYWtlLCBoZSBzcG90dGVkIGEgY290dGFnZSBoaWRkZW4gd2l0aGluIGEgcG9vbCBvZiBsb3R1c2VzLiBBcyBoZSB3YWxrZWQgYWxvbmcgdGhlIHdhdGVy4oCZcyBlZGdlLCBzb21ldGhpbmcgY2F1Z2h0IGhpcyBleWUuIFRoZXJlLCBpbiB0aGUgbWlsaWV1IG9mIHBpbmsgZmxvd2Vycywgd2FzIGEgbWFqZXN0aWMgYmVhdXR5IHRoYXQgaGUgY291bGQgbm90IHJlc2lzdC4gQXMgaGlzIGV5ZXMgZm9jdXNlZCwgaGUgd2FzIGluc3RhbnRseSBsb3ZlLXN0cnVjayBieSBhIHlvdW5nIGxhZHkgd2l0aCBsb25nIGJsYWNrIHNpbGt5IGhhaXIgYW5kIGRhcmsgc2tpbi4gVGhyaWxsZWQgYnkgaGlzIGRpc2NvdmVyeSBidXQgdW5zdXJlIG9mIGhvdyB0byBwcm9jZWVkLCBLYXNhcnVuZyByZXR1cm5lZCBob21lIHRvIHNlZWsgb3V0IHRoZSBhZHZpY2Ugb2YgaGlzIGZyaWVuZHMuPC9zcGFuPjwvcD4NCjxwIHN0eWxlPVwibWFyZ2luLWJvdHRvbTogMHB4OyBmb250LXNpemU6IDhweDsgbGluZS1oZWlnaHQ6IG5vcm1hbDsgZm9udC1mYW1pbHk6IEdlb3JnaWE7IC13ZWJraXQtdGV4dC1zdHJva2Utd2lkdGg6IGluaXRpYWw7IC13ZWJraXQtdGV4dC1zdHJva2UtY29sb3I6IHJnYigwLCAwLCAwKTtcIj48c3BhbiBzdHlsZT1cImZvbnQta2VybmluZzogbm9uZVwiPuKAnEhlciBuYW1lIGlzIFB1cmJhc2FyaSzigJ0gcmV2ZWFsZWQgdGhlIGdlZXNlIHdoZW4gdGhlIGRhc2hpbmcgQWRtaXJhbCBLYXNhcnVuZyB0b2xkIHRoZW0gb2YgaGlzIGVuY291bnRlci4g4oCcU2hlIGZlZWRzIHVzIGNydW1icyBvZiBicmVhZCwgYnV0IGlzJm5ic3A7YWx3YXlzJm5ic3A7aW5uYXRlbHkgc2h5IHRvd2FyZCBzdHJhbmdlcnMu4oCdIFdpdGggdGhlIGhlbHAgb2YgaGlzIGRvY2lsZSBjb21yYWRlcywgdGhlIEFkbWlyYWwgZGV2aXNlZCBhIHBsYW4gdG8gbWVldCB0aGUgbGFkeSBhbmQgd2luIGhlciBoZWFydC4mbmJzcDsmbmJzcDs8L3NwYW4+PC9wPg0KPHAgc3R5bGU9XCJtYXJnaW4tYm90dG9tOiAwcHg7IGZvbnQtc2l6ZTogOHB4OyBsaW5lLWhlaWdodDogbm9ybWFsOyBmb250LWZhbWlseTogR2VvcmdpYTsgLXdlYmtpdC10ZXh0LXN0cm9rZS13aWR0aDogaW5pdGlhbDsgLXdlYmtpdC10ZXh0LXN0cm9rZS1jb2xvcjogcmdiKDAsIDAsIDApO1wiPjxzcGFuIHN0eWxlPVwiZm9udC1rZXJuaW5nOiBub25lXCI+VGhhdCBuZXh0IG1vcm5pbmcsIEthc2FydW5nIGp1bXBlZCBpbiB0aGUgbGFrZSBhbmQgcHJldGVuZGVkIHRvIGJlIGRyb3duaW5nIGFzIGhlIGFwcHJvYWNoZWQgTGFkeSBQdXJiYXNhcmnigJlzIGNvdHRhZ2UuIEFzIHNoZSBwdWxsZWQgaGltIG91dCBvZiB0aGUgd2F0ZXIsIGhlIHdhcyBwcm9mb3VuZGx5IHRha2VuIGFiYWNrIGJ5IGhlciB0ZW5kZXIga2luZG5lc3MuJm5ic3A7SGVyIHNraW4gd2FzIGNvYXJzZSBidXQgYSBzZWR1Y3RpdmUgZ3JhY2UgZmlsbGVkIGhlciBwcmVzZW5jZS4gQXMgc2hlIGNvbWZvcnRlZCBoZXIgcmVzY3VlZCBwcmluY2UsIFB1cmJhc2FyaSByZWFsaXplZCB0aGF0IHNoZSBzaGFyZWQgd2l0aCBLYXNhcnVuZyB0aGUgdW55aWVsZGluZyB3aXNoIHRvIHNwZW5kIGEgbGlmZXRpbWUgd2l0aCBzb21lb25lIHVuY29uY2VybmVkIHdpdGggZmFjYWRlcy48L3NwYW4+PC9wPg0KPHAgc3R5bGU9XCJtYXJnaW4tYm90dG9tOiAwcHg7IGZvbnQtc2l6ZTogOHB4OyBsaW5lLWhlaWdodDogbm9ybWFsOyBmb250LWZhbWlseTogR2VvcmdpYTsgLXdlYmtpdC10ZXh0LXN0cm9rZS13aWR0aDogaW5pdGlhbDsgLXdlYmtpdC10ZXh0LXN0cm9rZS1jb2xvcjogcmdiKDAsIDAsIDApO1wiPjxzcGFuIHN0eWxlPVwiZm9udC1rZXJuaW5nOiBub25lXCI+VGhlIGhhcHB5IGludHJvZHVjdGlvbiB3YXMgZm9sbG93ZWQgYnkgY291bnRsZXNzIGhvdXJzIG9mIGNvbnZlcnNhdGlvbiBhbmQgYW4gaW52aXRhdGlvbiBmcm9tIEthc2FydW5nIHRvIGV4cGxvcmUgdGhlIGZvcmVzdC4gQSB0aHJpbGxpbmcgaWRlYSBpbmRlZWQhIEZvciB5ZWFycywgUHVyYmFzYXJpIGhhZCB3YW50ZWQgdG8gZXhwbG9yZSB0aGUganVuZ2xlIGJ1dCBoZXIgc2h5bmVzcyBoYWQga2VwdCBoZXIgZnJvbSB2ZW50dXJpbmcgdG9vIGZhciBmcm9tIGhlciBiZWxvdmVkIGhvbWUuIEZyb20gdGhlbiBvbiwgQWRtaXJhbCBLYXNhcnVuZyBhbmQgTGFkeSBQdXJiYXNhcmkgd2VyZSBpbnNlcGFyYWJsZS4gSGUgaW50cm9kdWNlZCBoZXIgdG8gdGhlIGNyZWF0dXJlcyBvZiB0aGUgZm9yZXN0IGFuZCBzaGUgdGF1Z2h0IGhpbSB0aGUgTGF0aW4gbmFtZSBvZiBlYWNoIHBsYW50IHRoZXkgZW5jb3VudGVyZWQuIFNoZSB3YXMgZmFzY2luYXRlZCBieSB0aGUgd2F5IGhlIGNvbGxlY3RlZCBzcGVjaW1lbnMgb2YgdGhlIENlbG9zaWEgY3Jpc3RhdGEgYW5kIEFtYW5pdGEgbXVzY2FyaWEgaW4gdGhlIHdvb2RzLiDigJxXaHkgYXJlIHlvdSBzbyBjb25jZXJuZWQgd2l0aCBnYXRoZXJpbmcgdGhvc2UgcGxhbnRzIG1ldGljdWxvdXNseT/igJ0gUHVyYmFzYXJpIHdvdWxkIG9mdGVuIGFzay4gS2FzYXJ1bmcgc2ltcGx5IHNtaWxlZCBhbmQga2lzc2VkIGhpcyBMYWR54oCZcyBoYW5kLiBQdXJiYXNhcmkgZGlkIG5vdCBtaW5kIGhpcyB2YWd1ZSByZXNwb25zZSBmb3Igc2hlIGhhZCBvbmNlIGhlYXJkIHRoYXQgdGhlIGJlc3QgY29tcGFuaW9uIGFjY2VwdGVkIHRoYXQgc29tZSB0aGluZ3MgYXJlIGJlc3QgbGVmdCB0byB0aGUgaW1hZ2luYXRpb24uJm5ic3A7PC9zcGFuPjwvcD4NCjxwIHN0eWxlPVwibWFyZ2luLWJvdHRvbTogMHB4OyBmb250LXNpemU6IDhweDsgbGluZS1oZWlnaHQ6IG5vcm1hbDsgZm9udC1mYW1pbHk6IEdlb3JnaWE7IC13ZWJraXQtdGV4dC1zdHJva2Utd2lkdGg6IGluaXRpYWw7IC13ZWJraXQtdGV4dC1zdHJva2UtY29sb3I6IHJnYigwLCAwLCAwKTtcIj48c3BhbiBzdHlsZT1cImZvbnQta2VybmluZzogbm9uZVwiPlR3byB5ZWFycyBhZnRlciB0aGVpciBmaXJzdCBlbmNvdW50ZXIsIGFuZCBvbiB0aGUgc2Vjb25kIGRheSBvZiB0aGUgc2Vjb25kIG1vbnRoIG9mIHRoYXQgeWVhciwgQWRtaXJhbCBLYXNhcnVuZyB0aHJldyBhbiBpbnRpbWF0ZSByZW5kZXp2b3VzLiBQdXJiYXNhcmkgYXJyaXZlZCBlbGVnYW50bHkgZHJlc3NlZCB3aXRoIGhlciBkYXJrIGhhaXIgZmxvd2luZyB0byBoZXIgd2Fpc3QuJm5ic3A7S2FzYXJ1bmfigJlzIGhlYXJ0IHdhcyBwb3VuZGluZywgYXMgaGUgbGVkIFB1cmJhc2FyaSB0byB0aGUgc2VjcmV0IGdhcmRlbiBoZSBoYWQgY2FyZWZ1bGx5IG51cnR1cmVkLiBUaGVyZSBzaGUgc2F3IHRoZSBnaWFudCBDZWxvc2lhIGNyaXN0YXRhIHdpdGggaXRzIGNvbG9ycyBzbyBiZWF1dGlmdWwgaXQgYnJpZ2h0ZW5lZCB0aGUgbmlnaHQuJm5ic3A7UGxhY2VkIGJlc2lkZSB0aGUgc3R1bm5pbmcgZmxvd2VyIHdhcyBhIHBvdHRlZCBidXNoIHRoYXQgaGFkIGJlZW4gcGFpbnN0YWtpbmdseSBjdWx0aXZhdGVkIHRvIGZvcm0gdGhlIG51bWJlciDigJwy4oCdLiBJdCB3YXMgYSBuaWdodCBsaWtlIG5vIG90aGVyLiBUaGUgQWRtaXJhbCBzaW1wbHkgd2hpc3BlcmVkLCZuYnNwO+KAnEFsbCBvZiB0aGVzZSB3aWxkIGJlYXV0aWVzIHRoYXQgYXJlIG1pbmUgbm93IGJlbG9uZyB0byB5b3UgbXkgbGFkeSwgZm9yIHlvdSBoYXZlIGdpdmVuIG1lIHBlYWNlIGluIGtub3dpbmcgdGhhdCB5b3UgZXhpc3QgaW4gbXkgd29ybGQuLi7igJ08L3NwYW4+PC9wPg==', 'Melissa Sunjaya & Rassi Narika', 'stories_16_20171228013159am.jpeg', '', '2017-12-17 23:20:17', 'admin@tulisan.com', '2017-12-28 01:31:59'),
(17, 'Bio Fantasy', 'A Tribute To Chairil Anwar', 'DQoNCg0KDQoNCjxzdHlsZSB0eXBlPVxcXFxcXFxcXFxcXFxcXCJcXFxcXFxcXFxcXFxcXFxcJnF1b3Q7dGV4dC9jc3NcXFxcXFxcXFxcXFxcXFxcJnF1b3Q7XFxcXFxcXFxcXFxcXFxcIj4NCnAucDEge21hcmdpbjogMC4wcHggMC4wcHggMC4wcHggMC4wcHg7IGZvbnQ6IDguMHB4IEdlb3JnaWE7IGNvbG9yOiAjMDAwMDAwOyAtd2Via2l0LXRleHQtc3Ryb2tlOiAjMDAwMDAwfQ0KcC5wMiB7bWFyZ2luOiAwLjBweCAwLjBweCAwLjBweCAwLjBweDsgZm9udDogOC4wcHggR2VvcmdpYTsgY29sb3I6ICMwMDAwMDA7IC13ZWJraXQtdGV4dC1zdHJva2U6ICMwMDAwMDA7IG1pbi1oZWlnaHQ6IDkuMHB4fQ0Kc3Bhbi5zMSB7Zm9udC1rZXJuaW5nOiBub25lfQ0KPC9zdHlsZT4NCg0KDQo8cCBjbGFzcz1cXFxcXFxcXFxcXFxcXFwiXFxcXFxcXFxcXFxcXFxcXCZxdW90O3AxXFxcXFxcXFxcXFxcXFxcXCZxdW90O1xcXFxcXFxcXFxcXFxcXCI+PHNwYW4gY2xhc3M9XFxcXFxcXFxcXFxcXFxcIlxcXFxcXFxcXFxcXFxcXFwmcXVvdDtzMVxcXFxcXFxcXFxcXFxcXFwmcXVvdDtcXFxcXFxcXFxcXFxcXFwiPkxpa2UgYSBibGF6aW5nIGNvcm9uZXQgYXRvcCBoZXIgcGFsZSBmYWNlLCB0aGUgZmlsYW1lbnRzIG9mIGhlciBhdWJ1cm4gaGFpciBkYW5jZSBncmFjZWZ1bGx5IHRvIHRoZSBkb3dudGVtcG8gbGVnYXRvIG9mIHRoZSBjdXJyZW50LiBXaXRoIGJvdGggZXllcyBjbG9zZWQsIGhlciBtaW5kIGlzIGFjdGl2ZSwgeWV0IHNlcmVuZWx5IHVuZGlzdHVyYmVkIGJ5IHRoZSBmdW5jdGlvbiBvZiB0aW1lLiBTaGUgaGFzIGJlZW4gaW4gYSBkZWVwIHNsZWVwIGluc2lkZSBhIGxhYm9yYXRvcnkgZmxhc2sgZm9yIG5lYXJseSB0aHJlZSBodW5kcmVkIGFuZCBlaWdodHktZWlnaHQgdGhvdXNhbmQgbWludXRlcy4gSGVyIHN1cnJvdW5kaW5nIGJpb3NwaGVyZSBpcyBhbiBlbGFzdGljIG1lZGl1bSwgY29uY29jdGVkIG9mIGEgbHVjaWQsIGdlbC1saWtlIHN1YnN0YW5jZSB3aXRoIGEgdGV4dHVyZSBkZXBpY3RpbmcgdGhlIHNsb3ctbW90aW9uZWQgZ3VzdCBvZiBpbnRlcmxhY2luZyB3YXZlcy4gSGVyIGNvbnRvcnRlZCBzcGluZSBjb21wZWxzIGhlciB0aW55IGZpZ3VyZSB0byByZXNlbWJsZSBhIG5lc3RpbmcgY29jb29uIHN3YXlpbmcgcGVhY2VmdWxseSBpbnNpZGUgYSBmaWxteSBnbG9idWxlLCB3aGljaCBpbiBhY2NvcmRhbmNlIHdpdGggaGVyIHB1bHNlLCBjb250aW51b3VzbHkgbW9ycGhzIGZyb20gb25lIG9yZ2FuaWMgc2hhcGUgdG8gdGhlIG5leHQuPC9zcGFuPjwvcD4NCjxwIGNsYXNzPVxcXFxcXFxcXFxcXFxcXCJcXFxcXFxcXFxcXFxcXFxcJnF1b3Q7cDJcXFxcXFxcXFxcXFxcXFxcJnF1b3Q7XFxcXFxcXFxcXFxcXFxcIj5UaGUgZGVuc2l0eSBvZiB0aGUgYWlyIHByb3ZpZGVkIGJhbGFuY2UgYW5kIHByb3RlY3Rpb24sIHVudGlsIGEgc3VkZGVuIGd1c2ggb2YgYnViYmxlcyBzdHJ1Y2sgaGVyIGZhY2UgYW5kIGhlciBkYXJrIGFsbW9uZCBleWVzIG9wZW5lZC4gSW4gdGhhdCBtb21lbnQgaGVyIHZpc2NvdXMgdW5pdmVyc2UgYmVnYW4gdG8gcXVpdmVyIGFuZCBidXJzdCBpbnRvIG1pbGxpb25zIG9mIGVmZmVydmVzY2VudCBwYXJ0aWNsZXMsIHRyYW5zZm9ybWluZyB0aGUgZW52ZWxvcGluZyBsaW1waWQgZmlsbSBpbnRvIGEgZm9saWFjZW91cyBkcmVzcyB3aGljaCBibG9zc29tZWQgbGlrZSBhIGdlbGF0aW5vdXMgdW1icmVsbGEgYXMgc2hlIHR3aXJsZWQgaGVyIGJvZHkuIFRoaXMgb3BhbGVzY2VudCBiZWluZyB1bmZ1cmxlZCBoZXIgc2xlbmRlciB0b3Jzbywgc3RyZXRjaGluZyBoZXIgbmFzY2VudCBsaW1icyB0byBncmFzcCBvbmUgb2YgdGhlIGVuY2lyY2xpbmcgZHJvcGxldHMuIFRoZXJlIGFyZSBvdGhlciBsaXZpbmcgY3JlYXR1cmVzIGluc2lkZSB0aG9zZSBkcm9wbGV0cy4gU29tZSBhcmUgc3RpbGwgaW5jdWJhdGluZyBpbiB0aGVpciB0aW55IHNwaGVyZXMuIFRoZSBzY2VuZSBpcyB1dHRlcmx5IG1hamVzdGljIGFuZCBzcGVjdHJhbC1jb2xvcmVkIHdpdGggYSBtaXh0dXJlIG9mIGR1c3R5IHJvc2UgcG93ZGVyLCBjcmVhbXkgc3VsZnVyaWMgbWlzdHMgYW5kIGJyaWdodCBjZXJ1bGVhbiBiZWFtcyBvZiBsaWdodC4gU2hlIGlzIGEgbWljcm9zY29waWMgY2VsbCwgZ2VuZXRpY2FsbHkgZW5naW5lZXJlZCB0byByZXZpdmUgZW1vdGlvbnMgYW5kIHJlc3RvcmUgdml0YWxpdHkgdG8gZGVhZCBtYXR0ZXIuIFRvZGF5LCBoYXZpbmcgcmVhY2hlZCBmdWxsIG1hdHVyYXRpb24sIHNoZSBlbWVyZ2VzIGZyb20gaGVyIGNvY29vbi48L3A+PHAgY2xhc3M9XFxcXFxcXFxcXFxcXFxcIlxcXFxcXFxcXFxcXFxcXFwmcXVvdDtwMlxcXFxcXFxcXFxcXFxcXFwmcXVvdDtcXFxcXFxcXFxcXFxcXFwiPlNoZSBicmluZ3MgaG9wZSB0byBtYW55LiBUaGUgeW91bmcgY2hlbWlzdCB3aG8gaW52ZW50ZWQgaGVyIGNhcmVmdWxseSBzZXBhcmF0ZXMgaGVyIGZyb20gaGVyIGVjb3N5c3RlbSwgYW5kIGdlbnRseSB0cmFuc3BvcnRzIGhlciBpbnRvIGEgc3BlY2lhbCBzeXJpbmdlIGZvciBkZWxpdmVyaW5nIHNlcnVtLiBIZSBwYWNrcyB0aGUgc2VydW0gaW4gYW4gYWlydGlnaHQgY2FzZSBhbmQgbGFiZWxzIGl0IFxcXFxcXFxcXFxcXFxcXFxcXFxcXFxcXFxcXFxcXFwiQWt1IHtzZXJ1bSBuby4wNzR9XFxcXFxcXFxcXFxcXFxcXFxcXFxcXFxcXFxcXFxcXCIgd2l0aCBoaXMgZXh0cmFvcmRpbmFyeSBsZWZ0IGhhbmQsIHdoaWNoIGhhcyBvbmx5IHRocmVlIGZpbmdlcnMuIEhpcyBsZWZ0IGhhbmQgaGFzIHNlcnZlZCBoaW0gd2VsbC4gSXQgaGFzIHBlcmZvcm1lZCBtYW55IHRhc2tzIGFjY3VyYXRlbHkgaW4gY29tcGFyaXNvbiB0byBoaXMgbm9ybWFsIHJpZ2h0IGhhbmQuIFRoZSBiYWNrIG9mIGhpcyBuZWN0IGJlYXJzIGEgdGF0dG9vIG9mIHRocmVlIGNvbm5lY3RpbmcgZG90cy4gVHdlbnR5IHllYXJzIGFnbywgdGhlIG1hcmsgd2FzIGZvcmNpYmx5IGdpdmVuIHRvIGhpbSBieSB0aGUgbG9jYWwgYXV0aG9yaXRpZXMgdG8gaW5kaWNhdGUgaGlzIHN0YXR1cyBhcyBwYXJ0IG9mIHRoZSBtdXRhdGVkIGdlbmVyYXRpb24uIEl0IG1hcmtlZCB0aGUgYmVnaW5uaW5nIG9mIGEgcGFpbmZ1bCBkZWF0aC4gSW5kaXZpZHVhbHMgd2l0aCBhbiBvZmZpY2lhbCBicmFuZCBsb3N0IHRoZWlyIHJpZ2h0IHRvIHZvdGUsIGFuZCBldmVudHVhbGx5IHdlcmUgZGVwcml2ZWQgb2YgdGhlaXIgcmlnaHRzIGFzIGNpdGl6ZW5zLiBUaGlzIHBvbGljeSBoYWQgZGV2YXN0YXRpbmcgY29uc2VxdWVuY2VzIGZvciB0aGUgbXV0YW50cy4gTWFueSB3ZXJlIHJlbW92ZWQgZnJvbSB0aGVpciBqb2JzLCBzZXBhcmF0ZWQgZnJvbSB0aGVpciBsb3ZlZCBvbmVzLCBhbmQgZXZlbnR1YWxseSBvc3RyYXppY2VkIGZyb20gc29jaWV0eS48L3A+PHAgY2xhc3M9XFxcXFxcXFxcXFxcXFxcIlxcXFxcXFxcXFxcXFxcXFwmcXVvdDtwMlxcXFxcXFxcXFxcXFxcXFwmcXVvdDtcXFxcXFxcXFxcXFxcXFwiPjxzcGFuIGNsYXNzPVxcXFxcXFxcXFxcXFxcXCJcXFxcXFxcXFxcXFxcXFxcJnF1b3Q7czFcXFxcXFxcXFxcXFxcXFxcJnF1b3Q7XFxcXFxcXFxcXFxcXFxcIj48L3NwYW4+PC9wPg==', 'Melissa Sunjaya', 'stories_17_20171227105628pm.jpg', '', '2017-12-17 23:20:41', 'admin@tulisan.com', '2017-12-27 23:59:44');

-- --------------------------------------------------------

--
-- Struktur dari tabel `cms_story_artwork`
--

CREATE TABLE `cms_story_artwork` (
  `idData` int(11) NOT NULL,
  `idStory` int(11) NOT NULL,
  `name` varchar(100) NOT NULL,
  `createdBy` varchar(100) NOT NULL,
  `createdDate` datetime NOT NULL,
  `changedBy` varchar(100) DEFAULT NULL,
  `changedDate` datetime DEFAULT NULL
) ENGINE=InnoDB DEFAULT CHARSET=latin1;

--
-- Dumping data untuk tabel `cms_story_artwork`
--

INSERT INTO `cms_story_artwork` (`idData`, `idStory`, `name`, `createdBy`, `createdDate`, `changedBy`, `changedDate`) VALUES
(4, 9, 'Tessitura', 'admin@tulisan.com', '2017-12-17 20:50:08', NULL, NULL),
(5, 9, 'Filogenesis', 'admin@tulisan.com', '2017-12-17 20:50:36', NULL, NULL),
(6, 9, 'Deformasi', 'admin@tulisan.com', '2017-12-17 20:51:46', NULL, NULL),
(7, 9, 'Transgresi', 'admin@tulisan.com', '2017-12-17 20:52:12', NULL, NULL),
(8, 9, 'Deviasi', 'admin@tulisan.com', '2017-12-17 20:52:37', NULL, NULL),
(9, 9, 'Fuga', 'admin@tulisan.com', '2017-12-17 20:52:45', NULL, NULL),
(10, 5, 'Kristalisasi', 'admin@tulisan.com', '2017-12-17 20:53:18', NULL, NULL),
(11, 5, 'Kohesi', 'admin@tulisan.com', '2017-12-17 20:53:44', NULL, NULL),
(12, 5, 'Asimilasi', 'admin@tulisan.com', '2017-12-17 20:54:23', NULL, NULL),
(13, 5, 'Lokus', 'admin@tulisan.com', '2017-12-17 20:54:47', NULL, NULL),
(14, 5, 'Gabungan', 'admin@tulisan.com', '2017-12-17 20:55:18', NULL, NULL),
(15, 5, 'Perluasan', 'admin@tulisan.com', '2017-12-17 20:55:38', NULL, NULL),
(16, 5, 'Irisan', 'admin@tulisan.com', '2017-12-17 20:59:01', NULL, NULL),
(17, 5, 'Relasi', 'admin@tulisan.com', '2017-12-17 20:59:12', NULL, NULL),
(18, 9, 'Surat 1', 'aryaputra@tulisan.com', '2017-12-18 09:19:08', 'aryaputra@tulisan.com', '2017-12-18 09:30:19'),
(19, 5, 'Surat 2', 'aryaputra@tulisan.com', '2017-12-18 09:19:37', 'aryaputra@tulisan.com', '2017-12-18 09:31:14'),
(20, 11, 'Terbit', 'aryaputra@tulisan.com', '2017-12-18 09:19:58', NULL, NULL),
(21, 11, 'Embun', 'aryaputra@tulisan.com', '2017-12-18 09:20:56', NULL, NULL),
(22, 11, 'Orkestra', 'aryaputra@tulisan.com', '2017-12-18 09:25:52', NULL, NULL),
(23, 11, 'Jantan', 'aryaputra@tulisan.com', '2017-12-18 09:26:31', NULL, NULL),
(24, 11, 'Betina', 'aryaputra@tulisan.com', '2017-12-18 09:26:47', NULL, NULL),
(25, 11, 'Pete', 'aryaputra@tulisan.com', '2017-12-18 09:27:14', NULL, NULL),
(26, 17, 'Nocturno', '', '2017-12-19 04:32:21', NULL, NULL),
(27, 0, 'Jane', '', '2017-12-19 04:46:10', NULL, NULL),
(28, 0, 'Jane', '', '2017-12-19 04:47:07', NULL, NULL);

-- --------------------------------------------------------

--
-- Struktur dari tabel `cms_video`
--

CREATE TABLE `cms_video` (
  `idData` int(11) NOT NULL,
  `title` varchar(100) NOT NULL,
  `description` text NOT NULL,
  `fileName` varchar(100) NOT NULL,
  `fileSize` varchar(10) NOT NULL,
  `createdBy` varchar(100) NOT NULL,
  `createdDate` datetime NOT NULL,
  `changedBy` varchar(100) DEFAULT NULL,
  `changedDate` datetime DEFAULT NULL
) ENGINE=InnoDB DEFAULT CHARSET=latin1;

--
-- Dumping data untuk tabel `cms_video`
--

INSERT INTO `cms_video` (`idData`, `title`, `description`, `fileName`, `fileSize`, `createdBy`, `createdDate`, `changedBy`, `changedDate`) VALUES
(4, 'Finding Unconditional Love', 'DQoNCg0KDQoNCjxzdHlsZSB0eXBlPSJ0ZXh0L2NzcyI+DQpwLnAxIHttYXJnaW46IDAuMHB4IDAuMHB4IDAuMHB4IDAuMHB4OyBmb250OiAxMi4wcHggJ0hlbHZldGljYSBOZXVlJzsgY29sb3I6ICM0NTQ1NDV9DQo8L3N0eWxlPg0KDQoNCjxwIGNsYXNzPSJwMSI+VGhlIFNvdW5kIG9mIERhd27igJksIGFuIGFydCBwcm9qZWN0IGJ5IG11bHRpLWRpbWVuc2lvbmFsIGFydGlzdCBNZWxpc3NhIFN1bmpheWEsIGV4YW1pbmVzIHRoZSBjb25jZXB0IG9mIHNlbGYtbG92ZS4gVGhpcyBzZW5zdWFsIHByb3NlIGlzIGFib3V0IGEgc3Bpcml0dWFsIGF3YWtlbmluZyB0byBkaXNjb3ZlciBibGlzcyBhbmQgaGFwcGluZXNzIHdpdGhpbiBvdXJzZWx2ZXMuIE9ubHkgdGhyb3VnaCBhIGNvbW1pdG1lbnQgb2YgbG92aW5nIG91cnNlbHZlcyB3aG9sZWhlYXJ0ZWRseSwgd2UgY2FuIGJlZ2luIHRvIGxvdmUgb3RoZXJzIHVuY29uZGl0aW9uYWxseS48L3A+DQo8cCBjbGFzcz0icDEiPldlIHJlY2VudGx5IHNhdCBkb3duIHdpdGggZGVzaWduZXIgWmhpanVuIFdhbmcgdG8gZGlzY3VzcyBoaXMgcHJvamVjdCB0aGF0IHR1cm5zIGh5cGVkIHNuZWFrZXJzIGludG8gd2VhcmFibGUgZmFjZSBtYXNrcy4gVGhlIEJlaWppbmctYmFzZWQgY3JlYXRpdmUgc3RhcnRlZCBoaXMgZmFjZSBtYXNrIHByb2plY3QgdG8gY29tbWVudCBvbiB0aGUgcG9sbHV0aW9uIGluIGhpcyBjaXR5LCB3aGVyZSBjaXRpemVucyBhcmUgYmF0dGxpbmcgZXh0cmVtZSBhaXIgcG9sbHV0aW9uLiBVbmRlcnN0YW5kYWJseSwgV2FuZ+KAmXMgbWFzayBwcm9qZWN0cyBoYXZlIGJlZW4gbWV0IHdpdGggbWl4ZWQgcmVzcG9uc2VzIGFuZCBoYXZlIGNyZWF0ZWQgcXVpdGUgYSBidXp6IG9uIHRoZSBpbnRlcm5ldC4gSW4gb3VyIHRhbGsgd2l0aCBXYW5nIGhlIG5vdGVzIHRoYXQgaGUgb25seSB3aXNoZXMgdG8gbWFrZSBpbnRlcmVzdGluZyBpdGVtcyB0aGF0IG5vIG9uZSBoYXMgbWFkZSBiZWZvcmUgYW5kIHRoYXQgaGUgaGFzIG5vIGludGVyZXN0IGluIHNlbGxpbmcgaGlzIG1hc2tzLiBBZGRpdGlvbmFsbHksIHdlIGdhdmUgYSBwYWlyIG9mIG91ciBIWVBFQkVBU1QgMjB0aCBhbm5pdmVyc2FyeSBOZXcgQmFsYW5jZSA1ODAg4oCcRWFydGjigJ0gc25lYWtlcnMgdG8gV2FuZyB0byBiZSBtYWRlIGludG8gb25lIG9mIGhpcyBzaWduYXR1cmUgZmFjZSBtYXNrcy48L3A+', '9uHbDLJgxwQ', '10221416', 'SESSION_TEST', '2017-10-23 18:33:00', 'SESSION_TEST', '2017-11-16 16:30:58'),
(5, 'Melisa Sunjaya | Tulisan: Jangan Pernah Takut!', 'PHNwYW4gc3R5bGU9ImNvbG9yOiByZ2IoMTcsIDE3LCAxNyk7IGZvbnQtZmFtaWx5OiBSb2JvdG8sIEFyaWFsLCBzYW5zLXNlcmlmOyB3aGl0ZS1zcGFjZTogcHJlLXdyYXA7Ij5NZWxpc2EgU3VuamF5YSwgbWVuZ2Vrc3ByZXNpa2FuIHNlbXVhIHBlcmFzYWFubnlhIGxld2F0IGthcnlhLWthcnlhbnlhIHlhbmcgZWtza2x1c2lmIGRhbiByYW1haCBsaW5na3VuZ2FuLiANCg0KSWRlYUZlc3QgbWVydXBha2FuIGdlcmFrYW4ga3JlYXRpZiB1bnR1ayBtZW5jaXB0YWthbiBha3NpIG55YXRhLiBCZXJzYW1hIGRlbmdhbiBwYXJhIHRva29oIGR1bmlhIHNlcGVydGkgU3RlZmFuIFNhZ21laXN0ZXIsIEJhc3VraSBQdXJuYW1hLCBBbmllcyBCYXN3ZWRhbiwgZGFuIFBldGVyIEdvbnRoYSwgSWRlYUZlc3QgdGVsYWggYmVyYmFnaSBpZGUsIGluc3BpcmFzaSwgZGFuIHBlbmdhbGFtYW4ga2VwYWRhIHJpYnVhbiB0YWxlbnRhIG11ZGEgSW5kb25lc2lhLiBUYWh1biBpbmksIGthbWkgcGVyc2VtYmFoa2FuIGtodXN1cyB1bnR1ayBJbmRvbmVzaWEgc2VidWFoIG5pbGFpIG55YXRhIHRlbnRhbmcgIkNyZWF0aXZpdHkgd2l0aCBQdXJwb3NlIi4NCg0KVW50dWsgaW5mb3JtYXNpIHNlbGVuZ2thcG55YSwga3VuanVuZ2kgd3d3LmlkZWFmZXN0LmlkIQ0KDQpGYWNlYm9vazogPC9zcGFuPjxhIGNsYXNzPSJ5dC1zaW1wbGUtZW5kcG9pbnQgc3R5bGUtc2NvcGUgeXQtZm9ybWF0dGVkLXN0cmluZyIgaHJlZj0iaHR0cHM6Ly93d3cueW91dHViZS5jb20vcmVkaXJlY3Q/cmVkaXJfdG9rZW49T1VFVU1ETmR2c2dtS0Iyc0dVc2x3NmlZVnBWOE1UVXhNRGt4TVRBMk9VQXhOVEV3T0RJME5qWTUmYW1wO2V2ZW50PXZpZGVvX2Rlc2NyaXB0aW9uJmFtcDt2PXh2ajVEN0pCOEtFJmFtcDtxPWh0dHBzJTNBJTJGJTJGd3d3LmZhY2Vib29rLmNvbSUyRmlkZWFmZXN0IiBzdHlsZT0iZGlzcGxheTogaW5saW5lLWJsb2NrOyBjdXJzb3I6IHBvaW50ZXI7IGNvbG9yOiB2YXIoLS15dC1lbmRwb2ludC1jb2xvcik7IGZvbnQtZmFtaWx5OiBSb2JvdG8sIEFyaWFsLCBzYW5zLXNlcmlmOyB3aGl0ZS1zcGFjZTogcHJlLXdyYXA7IGJhY2tncm91bmQtY29sb3I6IHJnYigyNTUsIDI1NSwgMjU1KTsiPmh0dHBzOi8vd3d3LmZhY2Vib29rLmNvbS9pZGVhZmVzdDwvYT48c3BhbiBzdHlsZT0iY29sb3I6IHJnYigxNywgMTcsIDE3KTsgZm9udC1mYW1pbHk6IFJvYm90bywgQXJpYWwsIHNhbnMtc2VyaWY7IHdoaXRlLXNwYWNlOiBwcmUtd3JhcDsiPg0KVHdpdHRlcjogPC9zcGFuPjxhIGNsYXNzPSJ5dC1zaW1wbGUtZW5kcG9pbnQgc3R5bGUtc2NvcGUgeXQtZm9ybWF0dGVkLXN0cmluZyIgaHJlZj0iaHR0cHM6Ly93d3cueW91dHViZS5jb20vcmVkaXJlY3Q/cmVkaXJfdG9rZW49T1VFVU1ETmR2c2dtS0Iyc0dVc2x3NmlZVnBWOE1UVXhNRGt4TVRBMk9VQXhOVEV3T0RJME5qWTUmYW1wO2V2ZW50PXZpZGVvX2Rlc2NyaXB0aW9uJmFtcDt2PXh2ajVEN0pCOEtFJmFtcDtxPWh0dHBzJTNBJTJGJTJGdHdpdHRlci5jb20lMkZpZGVhZmVzdCIgc3R5bGU9ImRpc3BsYXk6IGlubGluZS1ibG9jazsgY3Vyc29yOiBwb2ludGVyOyBjb2xvcjogdmFyKC0teXQtZW5kcG9pbnQtY29sb3IpOyBmb250LWZhbWlseTogUm9ib3RvLCBBcmlhbCwgc2Fucy1zZXJpZjsgd2hpdGUtc3BhY2U6IHByZS13cmFwOyBiYWNrZ3JvdW5kLWNvbG9yOiByZ2IoMjU1LCAyNTUsIDI1NSk7Ij5odHRwczovL3R3aXR0ZXIuY29tL2lkZWFmZXN0PC9hPjxzcGFuIHN0eWxlPSJjb2xvcjogcmdiKDE3LCAxNywgMTcpOyBmb250LWZhbWlseTogUm9ib3RvLCBBcmlhbCwgc2Fucy1zZXJpZjsgd2hpdGUtc3BhY2U6IHByZS13cmFwOyI+DQpJbnN0YWdyYW06IDwvc3Bhbj48YSBjbGFzcz0ieXQtc2ltcGxlLWVuZHBvaW50IHN0eWxlLXNjb3BlIHl0LWZvcm1hdHRlZC1zdHJpbmciIGhyZWY9Imh0dHBzOi8vd3d3LnlvdXR1YmUuY29tL3JlZGlyZWN0P3JlZGlyX3Rva2VuPU9VRVVNRE5kdnNnbUtCMnNHVXNsdzZpWVZwVjhNVFV4TURreE1UQTJPVUF4TlRFd09ESTBOalk1JmFtcDtldmVudD12aWRlb19kZXNjcmlwdGlvbiZhbXA7dj14dmo1RDdKQjhLRSZhbXA7cT1odHRwcyUzQSUyRiUyRmluc3RhZ3JhbS5jb20lMkZpZGVhZmVzdGlkIiBzdHlsZT0iZGlzcGxheTogaW5saW5lLWJsb2NrOyBjdXJzb3I6IHBvaW50ZXI7IGNvbG9yOiB2YXIoLS15dC1lbmRwb2ludC1jb2xvcik7IGZvbnQtZmFtaWx5OiBSb2JvdG8sIEFyaWFsLCBzYW5zLXNlcmlmOyB3aGl0ZS1zcGFjZTogcHJlLXdyYXA7IGJhY2tncm91bmQtY29sb3I6IHJnYigyNTUsIDI1NSwgMjU1KTsiPmh0dHBzOi8vaW5zdGFncmFtLmNvbS9pZGVhZmVzdGlkPC9hPjxicj4=', 'xvj5D7JB8KE', '', 'SESSION_TEST', '2017-11-16 16:32:02', NULL, NULL),
(6, 'Tulisan - The making of Surat No. 2 (Videographer: Art Director)', 'PHNwYW4gc3R5bGU9ImNvbG9yOiByZ2IoMTcsIDE3LCAxNyk7IGZvbnQtZmFtaWx5OiBSb2JvdG8sIEFyaWFsLCBzYW5zLXNlcmlmOyB3aGl0ZS1zcGFjZTogcHJlLXdyYXA7Ij5UaGUgbWFraW5nIG9mIFN1cmF0IE5vLiAyOiBQZXJzaW5nZ3VuZ2FuIG9mIFZpZGVvZ3JhcGhlci4NCg0KVGhlIHZpc3VhbCBlc3NheSB0ZWFtOg0KQ2hpZWYgb2YgUmVzZWFyY2ggJmFtcDsgQ3VyYXRvcnNoaXAgLSBNZWxpc3NhIFN1bmpheWENCkRlcHV0eSBvZiBSZXNlYXJjaCAmYW1wOyBDdXJhdG9yc2hpcCAtIE11aGFtbWFkIFp1bGZhZGx5DQpQcm9ncmFtIERpcmVjdG9yIC0gUmFobWEgQXl1DQpWaXN1YWwgRGlyZWN0b3IgLSBLcmlzaG5pIFN3YW5kYXlhbmkNCkFydCBEaXJlY3RvciAtIEJpbWEgQ2hyaXMNClBob3RvZ3JhcGhlciAtIFpoYXJmYW5pIFBhZG1hc2VkaGFuYQ0KRWRpdG9yIC0gTWVsYW55IFp3YXJ0amVzDQpTdHlsZSBEaXJlY3RvciAtIEFqaSBCYWdqYXJheWENClByb3BzIE1hc3RlciAtIEFyeWEgSXJoYXNkaW5hdGENClN0YWdlIERlc2lnbmVyIC0gRmFyaWQgUmluYWxkaQ0KQ29zdHVtZSBNYW5hZ2VyIC0gRmFkcmkgUGFtdW5na2FzPC9zcGFuPjxicj4=', 'iQmNxsAKPfg', '', 'SESSION_TEST', '2017-11-16 16:33:38', NULL, NULL);

-- --------------------------------------------------------

--
-- Struktur dari tabel `colors`
--

CREATE TABLE `colors` (
  `idData` int(11) NOT NULL,
  `name` varchar(100) NOT NULL,
  `createdBy` varchar(100) NOT NULL,
  `createdDate` datetime NOT NULL,
  `changedBy` varchar(100) DEFAULT NULL,
  `changedDate` datetime DEFAULT NULL
) ENGINE=InnoDB DEFAULT CHARSET=latin1;

--
-- Dumping data untuk tabel `colors`
--

INSERT INTO `colors` (`idData`, `name`, `createdBy`, `createdDate`, `changedBy`, `changedDate`) VALUES
(3, 'Blue Note', 'SESSION_TEST', '2017-10-23 14:39:48', 'admin@tulisan.com', '2017-12-05 02:17:03'),
(4, 'Fuchsia Fantasia', 'admin@tulisan.com', '2017-11-29 18:45:06', 'admin@tulisan.com', '2017-12-05 02:18:18'),
(6, 'Light Snow', 'admin@tulisan.com', '2017-12-05 23:11:44', NULL, NULL),
(7, 'Green Grass', 'admin@tulisan.com', '2017-12-13 00:12:57', 'admin@tulisan.com', '2017-12-13 00:15:00'),
(8, 'Blue', 'admin@tulisan.com', '2017-12-14 09:42:26', NULL, NULL),
(9, 'Blue Capri', 'admin@tulisan.com', '2017-12-14 09:42:53', NULL, NULL),
(10, 'Blue Bell', 'admin@tulisan.com', '2017-12-14 09:43:15', NULL, NULL),
(11, 'Blue Sky', 'admin@tulisan.com', '2017-12-14 09:43:37', NULL, NULL),
(12, 'Cyan', 'admin@tulisan.com', '2017-12-14 09:43:50', NULL, NULL),
(13, 'Fuchsia Desert', 'admin@tulisan.com', '2017-12-14 09:45:10', NULL, NULL),
(14, 'Fuchsia Berry', 'admin@tulisan.com', '2017-12-14 09:45:30', NULL, NULL),
(15, 'Fuchsia Pink', 'admin@tulisan.com', '2017-12-14 09:45:48', NULL, NULL),
(16, 'Green', 'admin@tulisan.com', '2017-12-14 09:46:10', NULL, NULL),
(17, 'Green Lime', 'admin@tulisan.com', '2017-12-14 09:46:34', NULL, NULL),
(18, 'Green Winter', 'admin@tulisan.com', '2017-12-14 09:47:07', NULL, NULL),
(19, 'Nero Jet', 'admin@tulisan.com', '2017-12-14 09:47:34', NULL, NULL),
(20, 'Green Tea', 'admin@tulisan.com', '2017-12-14 09:48:13', NULL, NULL),
(21, 'Light Coco', 'admin@tulisan.com', '2017-12-14 09:48:49', NULL, NULL),
(22, 'Light Lemon', 'admin@tulisan.com', '2017-12-14 09:49:03', NULL, NULL),
(23, 'Nero Burgundy', 'admin@tulisan.com', '2017-12-14 09:49:36', NULL, NULL),
(24, 'Orange Oriental', 'admin@tulisan.com', '2017-12-14 09:49:55', NULL, NULL),
(25, 'Orange Salmon', 'admin@tulisan.com', '2017-12-14 09:50:13', NULL, NULL),
(26, 'Orange Tangerine', 'admin@tulisan.com', '2017-12-14 09:50:37', NULL, NULL),
(27, 'Pink', 'admin@tulisan.com', '2017-12-14 09:51:03', NULL, NULL),
(28, 'Purple Plum', 'admin@tulisan.com', '2017-12-14 09:51:58', NULL, NULL),
(29, 'Red', 'admin@tulisan.com', '2017-12-14 09:52:08', NULL, NULL),
(30, 'Red Blush', 'admin@tulisan.com', '2017-12-14 09:52:40', NULL, NULL),
(31, 'Red Letter', 'admin@tulisan.com', '2017-12-14 09:53:19', NULL, NULL),
(32, 'Red Rumor', 'admin@tulisan.com', '2017-12-14 09:53:49', NULL, NULL),
(33, 'Red Sangria', 'admin@tulisan.com', '2017-12-14 09:53:58', NULL, NULL),
(34, 'Red Wine', 'admin@tulisan.com', '2017-12-14 09:54:23', NULL, NULL),
(35, 'Smokey Lunar', 'admin@tulisan.com', '2017-12-14 09:54:38', NULL, NULL),
(36, 'Smokey Sage', 'admin@tulisan.com', '2017-12-14 09:55:00', NULL, NULL),
(37, 'Smokey Night', 'admin@tulisan.com', '2017-12-14 09:55:27', NULL, NULL),
(38, 'Smokey Ash', 'admin@tulisan.com', '2017-12-14 09:55:50', NULL, NULL),
(39, 'Smokey Plum', 'admin@tulisan.com', '2017-12-14 09:56:08', NULL, NULL),
(40, 'Teal Jade', 'admin@tulisan.com', '2017-12-14 09:56:34', NULL, NULL),
(41, 'Teal Mint', 'admin@tulisan.com', '2017-12-14 09:56:48', NULL, NULL),
(42, 'Teal Pool', 'admin@tulisan.com', '2017-12-14 09:57:02', NULL, NULL),
(43, 'Turquoise', 'admin@tulisan.com', '2017-12-14 09:57:35', NULL, NULL),
(44, 'Yellow', 'admin@tulisan.com', '2017-12-14 09:57:55', NULL, NULL),
(45, 'Yellow Butter', 'admin@tulisan.com', '2017-12-14 09:58:13', NULL, NULL),
(46, 'Yellow Canary', 'admin@tulisan.com', '2017-12-14 09:58:31', NULL, NULL),
(47, 'Yellow Mustard', 'admin@tulisan.com', '2017-12-14 09:59:01', NULL, NULL),
(48, 'Yellow Olive', 'admin@tulisan.com', '2017-12-14 09:59:21', NULL, NULL),
(49, 'Yellow Sunflower', 'admin@tulisan.com', '2017-12-14 09:59:47', NULL, NULL),
(50, 'Yellow Sunshine', 'admin@tulisan.com', '2017-12-14 10:00:15', NULL, NULL),
(51, 'Nero Indigo', 'admin@tulisan.com', '2017-12-14 10:00:29', NULL, NULL),
(52, 'Nero Forest', 'admin@tulisan.com', '2017-12-14 10:01:34', NULL, NULL),
(53, 'Nero Velvet', 'admin@tulisan.com', '2017-12-14 10:02:15', NULL, NULL),
(54, 'Green Herb', 'admin@tulisan.com', '2017-12-14 10:02:30', NULL, NULL),
(55, 'Nero Coffe', 'admin@tulisan.com', '2017-12-14 10:02:55', 'admin@tulisan.com', '2017-12-14 10:03:13'),
(56, 'Purple Rain', 'admin@tulisan.com', '2017-12-14 10:03:36', NULL, NULL),
(57, 'Light Ecru', 'admin@tulisan.com', '2017-12-14 10:04:14', NULL, NULL),
(58, 'Teal Sea', 'aryaputra@tulisan.com', '2017-12-15 05:12:43', NULL, NULL);

-- --------------------------------------------------------

--
-- Struktur dari tabel `countries`
--

CREATE TABLE `countries` (
  `id` int(11) NOT NULL,
  `country_code` varchar(2) NOT NULL DEFAULT '',
  `country_name` varchar(100) NOT NULL DEFAULT ''
) ENGINE=MyISAM DEFAULT CHARSET=utf8;

--
-- Dumping data untuk tabel `countries`
--

INSERT INTO `countries` (`id`, `country_code`, `country_name`) VALUES
(1, 'AF', 'Afghanistan'),
(2, 'AL', 'Albania'),
(3, 'DZ', 'Algeria'),
(4, 'DS', 'American Samoa'),
(5, 'AD', 'Andorra'),
(6, 'AO', 'Angola'),
(7, 'AI', 'Anguilla'),
(8, 'AQ', 'Antarctica'),
(9, 'AG', 'Antigua and Barbuda'),
(10, 'AR', 'Argentina'),
(11, 'AM', 'Armenia'),
(12, 'AW', 'Aruba'),
(13, 'AU', 'Australia'),
(14, 'AT', 'Austria'),
(15, 'AZ', 'Azerbaijan'),
(16, 'BS', 'Bahamas'),
(17, 'BH', 'Bahrain'),
(18, 'BD', 'Bangladesh'),
(19, 'BB', 'Barbados'),
(20, 'BY', 'Belarus'),
(21, 'BE', 'Belgium'),
(22, 'BZ', 'Belize'),
(23, 'BJ', 'Benin'),
(24, 'BM', 'Bermuda'),
(25, 'BT', 'Bhutan'),
(26, 'BO', 'Bolivia'),
(27, 'BA', 'Bosnia and Herzegovina'),
(28, 'BW', 'Botswana'),
(29, 'BV', 'Bouvet Island'),
(30, 'BR', 'Brazil'),
(31, 'IO', 'British Indian Ocean Territory'),
(32, 'BN', 'Brunei Darussalam'),
(33, 'BG', 'Bulgaria'),
(34, 'BF', 'Burkina Faso'),
(35, 'BI', 'Burundi'),
(36, 'KH', 'Cambodia'),
(37, 'CM', 'Cameroon'),
(38, 'CA', 'Canada'),
(39, 'CV', 'Cape Verde'),
(40, 'KY', 'Cayman Islands'),
(41, 'CF', 'Central African Republic'),
(42, 'TD', 'Chad'),
(43, 'CL', 'Chile'),
(44, 'CN', 'China'),
(45, 'CX', 'Christmas Island'),
(46, 'CC', 'Cocos (Keeling) Islands'),
(47, 'CO', 'Colombia'),
(48, 'KM', 'Comoros'),
(49, 'CG', 'Congo'),
(50, 'CK', 'Cook Islands'),
(51, 'CR', 'Costa Rica'),
(52, 'HR', 'Croatia (Hrvatska)'),
(53, 'CU', 'Cuba'),
(54, 'CY', 'Cyprus'),
(55, 'CZ', 'Czech Republic'),
(56, 'DK', 'Denmark'),
(57, 'DJ', 'Djibouti'),
(58, 'DM', 'Dominica'),
(59, 'DO', 'Dominican Republic'),
(60, 'TP', 'East Timor'),
(61, 'EC', 'Ecuador'),
(62, 'EG', 'Egypt'),
(63, 'SV', 'El Salvador'),
(64, 'GQ', 'Equatorial Guinea'),
(65, 'ER', 'Eritrea'),
(66, 'EE', 'Estonia'),
(67, 'ET', 'Ethiopia'),
(68, 'FK', 'Falkland Islands (Malvinas)'),
(69, 'FO', 'Faroe Islands'),
(70, 'FJ', 'Fiji'),
(71, 'FI', 'Finland'),
(72, 'FR', 'France'),
(73, 'FX', 'France, Metropolitan'),
(74, 'GF', 'French Guiana'),
(75, 'PF', 'French Polynesia'),
(76, 'TF', 'French Southern Territories'),
(77, 'GA', 'Gabon'),
(78, 'GM', 'Gambia'),
(79, 'GE', 'Georgia'),
(80, 'DE', 'Germany'),
(81, 'GH', 'Ghana'),
(82, 'GI', 'Gibraltar'),
(83, 'GK', 'Guernsey'),
(84, 'GR', 'Greece'),
(85, 'GL', 'Greenland'),
(86, 'GD', 'Grenada'),
(87, 'GP', 'Guadeloupe'),
(88, 'GU', 'Guam'),
(89, 'GT', 'Guatemala'),
(90, 'GN', 'Guinea'),
(91, 'GW', 'Guinea-Bissau'),
(92, 'GY', 'Guyana'),
(93, 'HT', 'Haiti'),
(94, 'HM', 'Heard and Mc Donald Islands'),
(95, 'HN', 'Honduras'),
(96, 'HK', 'Hong Kong'),
(97, 'HU', 'Hungary'),
(98, 'IS', 'Iceland'),
(99, 'IN', 'India'),
(100, 'IM', 'Isle of Man'),
(101, 'ID', 'Indonesia'),
(102, 'IR', 'Iran (Islamic Republic of)'),
(103, 'IQ', 'Iraq'),
(104, 'IE', 'Ireland'),
(105, 'IL', 'Israel'),
(106, 'IT', 'Italy'),
(107, 'CI', 'Ivory Coast'),
(108, 'JE', 'Jersey'),
(109, 'JM', 'Jamaica'),
(110, 'JP', 'Japan'),
(111, 'JO', 'Jordan'),
(112, 'KZ', 'Kazakhstan'),
(113, 'KE', 'Kenya'),
(114, 'KI', 'Kiribati'),
(115, 'KP', 'Korea, Democratic People\'s Republic of'),
(116, 'KR', 'Korea, Republic of'),
(117, 'XK', 'Kosovo'),
(118, 'KW', 'Kuwait'),
(119, 'KG', 'Kyrgyzstan'),
(120, 'LA', 'Lao People\'s Democratic Republic'),
(121, 'LV', 'Latvia'),
(122, 'LB', 'Lebanon'),
(123, 'LS', 'Lesotho'),
(124, 'LR', 'Liberia'),
(125, 'LY', 'Libyan Arab Jamahiriya'),
(126, 'LI', 'Liechtenstein'),
(127, 'LT', 'Lithuania'),
(128, 'LU', 'Luxembourg'),
(129, 'MO', 'Macau'),
(130, 'MK', 'Macedonia'),
(131, 'MG', 'Madagascar'),
(132, 'MW', 'Malawi'),
(133, 'MY', 'Malaysia'),
(134, 'MV', 'Maldives'),
(135, 'ML', 'Mali'),
(136, 'MT', 'Malta'),
(137, 'MH', 'Marshall Islands'),
(138, 'MQ', 'Martinique'),
(139, 'MR', 'Mauritania'),
(140, 'MU', 'Mauritius'),
(141, 'TY', 'Mayotte'),
(142, 'MX', 'Mexico'),
(143, 'FM', 'Micronesia, Federated States of'),
(144, 'MD', 'Moldova, Republic of'),
(145, 'MC', 'Monaco'),
(146, 'MN', 'Mongolia'),
(147, 'ME', 'Montenegro'),
(148, 'MS', 'Montserrat'),
(149, 'MA', 'Morocco'),
(150, 'MZ', 'Mozambique'),
(151, 'MM', 'Myanmar'),
(152, 'NA', 'Namibia'),
(153, 'NR', 'Nauru'),
(154, 'NP', 'Nepal'),
(155, 'NL', 'Netherlands'),
(156, 'AN', 'Netherlands Antilles'),
(157, 'NC', 'New Caledonia'),
(158, 'NZ', 'New Zealand'),
(159, 'NI', 'Nicaragua'),
(160, 'NE', 'Niger'),
(161, 'NG', 'Nigeria'),
(162, 'NU', 'Niue'),
(163, 'NF', 'Norfolk Island'),
(164, 'MP', 'Northern Mariana Islands'),
(165, 'NO', 'Norway'),
(166, 'OM', 'Oman'),
(167, 'PK', 'Pakistan'),
(168, 'PW', 'Palau'),
(169, 'PS', 'Palestine'),
(170, 'PA', 'Panama'),
(171, 'PG', 'Papua New Guinea'),
(172, 'PY', 'Paraguay'),
(173, 'PE', 'Peru'),
(174, 'PH', 'Philippines'),
(175, 'PN', 'Pitcairn'),
(176, 'PL', 'Poland'),
(177, 'PT', 'Portugal'),
(178, 'PR', 'Puerto Rico'),
(179, 'QA', 'Qatar'),
(180, 'RE', 'Reunion'),
(181, 'RO', 'Romania'),
(182, 'RU', 'Russian Federation'),
(183, 'RW', 'Rwanda'),
(184, 'KN', 'Saint Kitts and Nevis'),
(185, 'LC', 'Saint Lucia'),
(186, 'VC', 'Saint Vincent and the Grenadines'),
(187, 'WS', 'Samoa'),
(188, 'SM', 'San Marino'),
(189, 'ST', 'Sao Tome and Principe'),
(190, 'SA', 'Saudi Arabia'),
(191, 'SN', 'Senegal'),
(192, 'RS', 'Serbia'),
(193, 'SC', 'Seychelles'),
(194, 'SL', 'Sierra Leone'),
(195, 'SG', 'Singapore'),
(196, 'SK', 'Slovakia'),
(197, 'SI', 'Slovenia'),
(198, 'SB', 'Solomon Islands'),
(199, 'SO', 'Somalia'),
(200, 'ZA', 'South Africa'),
(201, 'GS', 'South Georgia South Sandwich Islands'),
(202, 'ES', 'Spain'),
(203, 'LK', 'Sri Lanka'),
(204, 'SH', 'St. Helena'),
(205, 'PM', 'St. Pierre and Miquelon'),
(206, 'SD', 'Sudan'),
(207, 'SR', 'Suriname'),
(208, 'SJ', 'Svalbard and Jan Mayen Islands'),
(209, 'SZ', 'Swaziland'),
(210, 'SE', 'Sweden'),
(211, 'CH', 'Switzerland'),
(212, 'SY', 'Syrian Arab Republic'),
(213, 'TW', 'Taiwan'),
(214, 'TJ', 'Tajikistan'),
(215, 'TZ', 'Tanzania, United Republic of'),
(216, 'TH', 'Thailand'),
(217, 'TG', 'Togo'),
(218, 'TK', 'Tokelau'),
(219, 'TO', 'Tonga'),
(220, 'TT', 'Trinidad and Tobago'),
(221, 'TN', 'Tunisia'),
(222, 'TR', 'Turkey'),
(223, 'TM', 'Turkmenistan'),
(224, 'TC', 'Turks and Caicos Islands'),
(225, 'TV', 'Tuvalu'),
(226, 'UG', 'Uganda'),
(227, 'UA', 'Ukraine'),
(228, 'AE', 'United Arab Emirates'),
(229, 'GB', 'United Kingdom'),
(230, 'US', 'United States'),
(231, 'UM', 'United States minor outlying islands'),
(232, 'UY', 'Uruguay'),
(233, 'UZ', 'Uzbekistan'),
(234, 'VU', 'Vanuatu'),
(235, 'VA', 'Vatican City State'),
(236, 'VE', 'Venezuela'),
(237, 'VN', 'Vietnam'),
(238, 'VG', 'Virgin Islands (British)'),
(239, 'VI', 'Virgin Islands (U.S.)'),
(240, 'WF', 'Wallis and Futuna Islands'),
(241, 'EH', 'Western Sahara'),
(242, 'YE', 'Yemen'),
(243, 'ZR', 'Zaire'),
(244, 'ZM', 'Zambia'),
(245, 'ZW', 'Zimbabwe');

-- --------------------------------------------------------

--
-- Struktur dari tabel `customers`
--

CREATE TABLE `customers` (
  `idData` int(11) NOT NULL,
  `name` varchar(100) NOT NULL,
  `address` text NOT NULL,
  `city` varchar(100) NOT NULL,
  `country` varchar(100) NOT NULL,
  `zipCode` varchar(10) NOT NULL,
  `phone` varchar(16) NOT NULL,
  `email` varchar(100) NOT NULL,
  `userId` int(11) NOT NULL,
  `company` varchar(100) NOT NULL,
  `createdBy` varchar(100) NOT NULL,
  `createdDate` datetime NOT NULL,
  `changedBy` varchar(100) DEFAULT NULL,
  `changedDate` datetime DEFAULT NULL
) ENGINE=InnoDB DEFAULT CHARSET=latin1;

--
-- Dumping data untuk tabel `customers`
--

INSERT INTO `customers` (`idData`, `name`, `address`, `city`, `country`, `zipCode`, `phone`, `email`, `userId`, `company`, `createdBy`, `createdDate`, `changedBy`, `changedDate`) VALUES
(1, 'Demo Customer', 'demo', 'Bandung', 'ID', '52313', '085794867714', 'demo@tulisan.com', 4, 'Tulisan', 'SESSION_TEST', '2017-10-23 21:32:06', 'SESSION_TEST', '2017-10-23 21:40:24');

-- --------------------------------------------------------

--
-- Struktur dari tabel `departments`
--

CREATE TABLE `departments` (
  `idData` int(11) NOT NULL,
  `name` varchar(100) NOT NULL,
  `createdBy` varchar(100) NOT NULL,
  `createdDate` datetime NOT NULL,
  `changedBy` varchar(100) DEFAULT NULL,
  `changedDate` datetime DEFAULT NULL
) ENGINE=InnoDB DEFAULT CHARSET=latin1;

--
-- Dumping data untuk tabel `departments`
--

INSERT INTO `departments` (`idData`, `name`, `createdBy`, `createdDate`, `changedBy`, `changedDate`) VALUES
(1, 'System', 'SESSION_TEST', '2017-10-23 14:50:26', NULL, NULL),
(4, 'Product', 'SESSION_TEST', '2017-10-23 14:50:26', NULL, NULL);

-- --------------------------------------------------------

--
-- Struktur dari tabel `feedback`
--

CREATE TABLE `feedback` (
  `idData` int(11) NOT NULL,
  `name` varchar(100) NOT NULL,
  `email` varchar(100) NOT NULL,
  `category` varchar(100) NOT NULL,
  `subject` varchar(100) NOT NULL,
  `message` text NOT NULL,
  `createdBy` varchar(100) NOT NULL,
  `createdDate` datetime NOT NULL,
  `changedBy` varchar(100) DEFAULT NULL,
  `changedDate` datetime DEFAULT NULL
) ENGINE=InnoDB DEFAULT CHARSET=latin1;

-- --------------------------------------------------------

--
-- Struktur dari tabel `orders`
--

CREATE TABLE `orders` (
  `idData` int(11) NOT NULL,
  `customerId` int(11) DEFAULT NULL,
  `name` varchar(100) DEFAULT NULL,
  `address` text NOT NULL,
  `city` varchar(100) NOT NULL,
  `zipCode` varchar(10) NOT NULL,
  `country` varchar(100) NOT NULL,
  `phone` varchar(16) NOT NULL,
  `email` varchar(100) NOT NULL,
  `total` int(11) NOT NULL,
  `paymentMethod` varchar(100) DEFAULT NULL,
  `bank` varchar(100) NOT NULL,
  `transferPicture` varchar(100) DEFAULT NULL,
  `dokuStatus` varchar(100) NOT NULL,
  `dokuMessage` text,
  `shippingMethod` varchar(100) DEFAULT NULL,
  `receiptNumber` text,
  `status` varchar(20) NOT NULL,
  `createdBy` varchar(100) NOT NULL,
  `createdDate` datetime NOT NULL,
  `changedBy` varchar(100) DEFAULT NULL,
  `changedDate` datetime DEFAULT NULL
) ENGINE=InnoDB DEFAULT CHARSET=latin1;

--
-- Dumping data untuk tabel `orders`
--

INSERT INTO `orders` (`idData`, `customerId`, `name`, `address`, `city`, `zipCode`, `country`, `phone`, `email`, `total`, `paymentMethod`, `bank`, `transferPicture`, `dokuStatus`, `dokuMessage`, `shippingMethod`, `receiptNumber`, `status`, `createdBy`, `createdDate`, `changedBy`, `changedDate`) VALUES
(1, 0, 'Demo Customer 1', 'Jl.Samosir Timur IV No.237 Bojongbata', 'Pemalang', '52319', 'ID', '085794867714', 'mereceiver7logia@gmail.com', 230000, 'BANK TRANSFER', 'MANDIRI', NULL, '', NULL, NULL, NULL, 'Waiting for payment', 'guest', '2017-12-03 22:39:49', NULL, NULL),
(2, 1, 'Demo Customer', 'Demo', 'Bandung', '52313', 'ID', '085794867714', 'megan@gmail.com', 100000, 'BANK TRANSFER', 'MANDIRI', NULL, '', NULL, NULL, NULL, 'Waiting for payment', 'demo@tulisan.com', '2017-12-03 22:50:14', NULL, NULL),
(3, 1, 'Demo Customer', 'demo', 'Bandung', '52313', 'ID', '085794867714', 'demo@tulisan.com', 100000, 'BANK TRANSFER', 'MANDIRI', NULL, '', NULL, NULL, NULL, 'Waiting for payment', 'demo@tulisan.com', '2017-12-03 10:28:56', NULL, NULL),
(4, 1, 'Demo Customer', 'demo', 'Bandung', '52313', 'ID', '085794867714', 'demo@tulisan.com', 100000, 'DOKU WALLET', '', NULL, '', NULL, NULL, NULL, 'Waiting for payment', 'demo@tulisan.com', '2017-12-04 19:19:12', NULL, NULL),
(5, 1, 'Demo Customer', 'demo', 'Bandung', '52313', 'ID', '085794867714', 'demo@tulisan.com', 200000, 'BANK TRANSFER', 'MANDIRI', NULL, '', NULL, NULL, NULL, 'Waiting for payment', 'demo@tulisan.com', '2017-12-04 19:20:27', NULL, NULL),
(6, 1, 'Demo Customer', 'demo', 'Bandung', '52313', 'ID', '085794867714', 'demo@tulisan.com', 1536000, 'BANK TRANSFER', 'MANDIRI', NULL, '', NULL, NULL, NULL, 'Waiting for payment', 'demo@tulisan.com', '2017-12-05 23:33:17', NULL, NULL),
(7, 1, 'Demo Customer', 'demo', 'Bandung', '52313', 'ID', '085794867714', 'demo@tulisan.com', 1836000, 'BANK TRANSFER', 'MANDIRI', NULL, '', NULL, NULL, NULL, 'Waiting for payment', 'demo@tulisan.com', '2017-12-05 23:34:17', NULL, NULL),
(8, 1, 'Demo Customer', 'demo', 'Bandung', '52313', 'ID', '085794867714', 'demo@tulisan.com', 918000, 'DOKU WALLET', '', NULL, '', NULL, NULL, NULL, 'Waiting for payment', 'demo@tulisan.com', '2017-12-05 23:34:34', NULL, NULL),
(9, 1, 'Demo Customer', 'demo', 'Bandung', '52313', 'ID', '085794867714', 'demo@tulisan.com', 918000, 'BANK TRANSFER', 'MANDIRI', NULL, '', NULL, NULL, NULL, 'Waiting for payment', 'demo@tulisan.com', '2017-12-07 01:56:25', NULL, NULL);

-- --------------------------------------------------------

--
-- Struktur dari tabel `orders_item`
--

CREATE TABLE `orders_item` (
  `idData` int(11) NOT NULL,
  `orderId` int(11) NOT NULL,
  `variantId` int(11) NOT NULL,
  `price` varchar(15) NOT NULL,
  `qty` int(11) NOT NULL,
  `createdBy` varchar(100) NOT NULL,
  `createdDate` datetime NOT NULL,
  `changedBy` varchar(100) DEFAULT NULL,
  `changedDate` datetime DEFAULT NULL
) ENGINE=InnoDB DEFAULT CHARSET=latin1;

--
-- Dumping data untuk tabel `orders_item`
--

INSERT INTO `orders_item` (`idData`, `orderId`, `variantId`, `price`, `qty`, `createdBy`, `createdDate`, `changedBy`, `changedDate`) VALUES
(1, 1, 1, '100000', 2, 'guest', '2017-12-03 22:39:49', NULL, NULL),
(2, 1, 4, '30000', 1, 'guest', '2017-12-03 22:39:49', NULL, NULL),
(3, 2, 1, '100000', 1, 'demo@tulisan.com', '2017-12-03 22:50:14', NULL, NULL),
(4, 3, 1, '100000', 1, 'demo@tulisan.com', '2017-12-03 10:28:56', NULL, NULL),
(5, 4, 1, '100000', 1, 'demo@tulisan.com', '2017-12-04 19:19:12', NULL, NULL),
(6, 5, 1, '100000', 2, 'demo@tulisan.com', '2017-12-04 19:20:27', NULL, NULL),
(7, 6, 9, '918000', 1, 'demo@tulisan.com', '2017-12-05 23:33:17', NULL, NULL),
(8, 6, 1, '618000', 1, 'demo@tulisan.com', '2017-12-05 23:33:17', NULL, NULL),
(9, 7, 4, '918000', 1, 'demo@tulisan.com', '2017-12-05 23:34:17', NULL, NULL),
(10, 7, 9, '918000', 1, 'demo@tulisan.com', '2017-12-05 23:34:17', NULL, NULL),
(11, 8, 9, '918000', 1, 'demo@tulisan.com', '2017-12-05 23:34:34', NULL, NULL),
(12, 9, 4, '918000', 1, 'demo@tulisan.com', '2017-12-07 01:56:25', NULL, NULL);

-- --------------------------------------------------------

--
-- Struktur dari tabel `products`
--

CREATE TABLE `products` (
  `idData` int(11) NOT NULL,
  `name` varchar(100) NOT NULL,
  `sku` varchar(10) NOT NULL,
  `description` text NOT NULL,
  `material` text NOT NULL,
  `dimension` varchar(100) NOT NULL,
  `price` varchar(15) NOT NULL,
  `storyId` int(11) NOT NULL,
  `categoryId` int(11) NOT NULL,
  `lookBook1` varchar(100) DEFAULT NULL,
  `lookBook2` varchar(100) DEFAULT NULL,
  `status` int(11) NOT NULL DEFAULT '0' COMMENT '[0,''dsiabled''],[1,''active'']',
  `createdBy` varchar(100) NOT NULL,
  `createdDate` datetime NOT NULL,
  `changedBy` varchar(100) DEFAULT NULL,
  `changedDate` datetime DEFAULT NULL
) ENGINE=InnoDB DEFAULT CHARSET=latin1;

--
-- Dumping data untuk tabel `products`
--

INSERT INTO `products` (`idData`, `name`, `sku`, `description`, `material`, `dimension`, `price`, `storyId`, `categoryId`, `lookBook1`, `lookBook2`, `status`, `createdBy`, `createdDate`, `changedBy`, `changedDate`) VALUES
(87, 'Chemist Bag', '', '', 'Water-resistant PU coated cotton canvas. features 2 side pockets. comes with adjustable sling and dust bag.', '36 x 16.5 x 26 cm | 14 x 6.5 x 10.25 in', '1,298,000', 5, 1, 'products_87_7.jpg', 'products_87_8.jpg', 0, 'admin@tulisan.com', '2017-12-05 01:13:05', '', '2017-12-27 01:12:34'),
(91, 'Pepe Doll', 'DPE1105', '', 'Cotton canvas', '4.3 x 11.7 cm (body only)', '98,000', 3, 0, NULL, NULL, 0, 'admin@tulisan.com', '2017-12-07 01:25:25', 'aryaputra@tulisan.com', '2017-12-19 23:39:08'),
(100, 'Chemist Bag', '', '', 'Water-resistant PU coated cotton canvas. features 2 side pockets. comes with adjustable sling and dust bag.', '36 x 16.5 x 26 cm | 14 x 6.5 x 10.25 in', '', 5, 1, NULL, NULL, 0, 'admin@tulisan.com', '2017-12-14 07:57:33', '', '2017-12-27 01:12:52'),
(101, 'Chemist Bag', '', '', 'Water-resistant PU coated cotton canvas. features 2 side pockets. comes with adjustable sling and dust bag.', '36 x 16.5 x 26 cm | 14 x 6.5 x 10.25 in', '', 5, 1, NULL, NULL, 0, 'admin@tulisan.com', '2017-12-14 07:58:19', '', '2017-12-27 01:14:31'),
(102, 'Chemist Bag', '', '', 'Water-resistant PU coated cotton canvas. features 2 side pockets. comes with adjustable sling and dust bag.', '36 x 16.5 x 26 cm | 14 x 6.5 x 10.25 in', '', 5, 1, NULL, NULL, 0, 'admin@tulisan.com', '2017-12-14 07:58:58', '', '2017-12-27 01:16:45'),
(103, 'Metropole Bag', 'BME1706', '', 'Water-resistant PU coated cotton canvas. Features 2 side pockets. Comes with sling and dust bag.', '42 x 11.5 x 33 cm | 16.5 x 4.5 x 13 in', '', 5, 0, NULL, NULL, 0, 'admin@tulisan.com', '2017-12-14 08:00:43', 'admin@tulisan.com', '2017-12-14 09:37:32'),
(104, 'Mochila Bag', 'BMO1708', '', 'Water-resistant PU coated cotton canvas. features 1 zippered exterior compartment 2 side pockets and mesh interior pocket. comes with pouch and dust bag.\r\n', '33 x 14 x 44.5 cm | 13 x 5.5 x 17.5 in', '', 5, 0, NULL, NULL, 0, 'admin@tulisan.com', '2017-12-14 08:02:16', 'aryaputra@tulisan.com', '2017-12-19 22:57:41'),
(105, 'Mochila Bag', 'BMO1706', '', 'Water-resistant PU coated cotton canvas. features 1 zippered exterior compartment 2 side pockets and mesh interior pocket. comes with pouch and dust bag.\r\n', '33 x 14 x 44.5 cm | 13 x 5.5 x 17.5 in', '', 5, 0, NULL, NULL, 0, 'admin@tulisan.com', '2017-12-14 08:04:14', 'aryaputra@tulisan.com', '2017-12-19 22:58:47'),
(107, 'Mungil Bag', '', '', 'Water-resistant PU coated cotton canvas. comes with sling and dust bag.', '25.5 x 10 x 23 cm | 10 x 4 x 9 in', '848,000', 5, 1, 'products_107_120171227113227pm.jpg', 'products_107_220171227113227pm.jpg', 1, 'admin@tulisan.com', '2017-12-14 08:06:13', 'aryaputra@tulisan.com', '2017-12-27 23:32:27'),
(109, 'Sailing Bag', 'BSL1623', '', 'Water-resistant PU coated cotton canvas. Features 1 exterior pocket  3 interior pockets and 1 hanging pocket. Comes with matching pouch and dust bag.', '32 x 16 x 40 cm | 12.5 x 6.25 x 15.75 in', '', 9, 0, NULL, NULL, 0, 'admin@tulisan.com', '2017-12-14 08:08:39', '', '2017-12-20 01:36:44'),
(110, 'Sailing Bag', 'BSL1622', '', 'Water-resistant PU coated cotton canvas. Features 1 exterior pocket  3 interior pockets and 1 hanging pocket. Comes with matching pouch and dust bag.\r\nDimensions', '32 x 16 x 40 cm | 12.5 x 6.25 x 15.75 in', '', 9, 0, NULL, NULL, 0, 'admin@tulisan.com', '2017-12-14 08:09:25', '', '2017-12-20 01:38:44'),
(111, 'Skipper Bag', 'BSK1623', '', 'Water-resistant PU coated cotton canvas with genuine leather handle. Features 1 exterior zipped pocket and interior hanging pocket. Comes with matching pouch and dust bag.\r\n', '31 x 10 x 42cm | 12.25 x 4 x 16.5 in', '', 9, 0, NULL, NULL, 0, 'admin@tulisan.com', '2017-12-14 08:10:34', '', '2017-12-20 01:40:06'),
(112, 'Skipper Bag', 'BSK1622', '', 'Water-resistant PU coated cotton canvas with genuine leather handle. Features 1 exterior zipped pocket and interior hanging pocket. Comes with matching pouch and dust bag.', '31 x 10 x 42cm | 12.25 x 4 x 16.5 in', '', 9, 0, NULL, NULL, 0, 'admin@tulisan.com', '2017-12-14 08:11:06', '', '2017-12-20 01:41:14'),
(113, 'Weekend Bag', 'BWE1603', '', 'Water-resistant PU coated cotton canvas. Comes with matching pouch and dust bag.', '36 x 20 x 39.5 cm | 14 x 7.75 x 15.5 in', '', 11, 0, NULL, NULL, 0, 'admin@tulisan.com', '2017-12-14 08:13:28', '', '2017-12-20 02:07:57'),
(114, 'Weekend Bag', 'BWE1604', '', 'Water-resistant PU coated cotton canvas. Comes with matching pouch and dust bag.', '36 x 20 x 39.5 cm | 14 x 7.75 x 15.5 in', '', 11, 0, NULL, NULL, 0, 'admin@tulisan.com', '2017-12-14 08:14:20', '', '2017-12-20 02:09:28'),
(115, 'Weekend Bag', 'BWE1605', '', 'Water-resistant PU coated cotton canvas. Comes with matching pouch and dust bag.', '36 x 20 x 39.5 cm | 14 x 7.75 x 15.5 in', '', 11, 0, NULL, NULL, 0, 'admin@tulisan.com', '2017-12-14 08:16:53', '', '2017-12-20 02:12:29'),
(116, 'Weekend Bag', 'BWE1606', '', 'Water-resistant PU coated cotton canvas. Comes with matching pouch and dust bag.', '36 x 20 x 39.5 cm | 14 x 7.75 x 15.5 in', '', 11, 0, NULL, NULL, 0, 'admin@tulisan.com', '2017-12-14 08:17:48', '', '2017-12-20 02:13:41'),
(117, 'Weekend Bag', 'BWE1626', '', 'Water-resistant PU coated cotton canvas. Comes with matching pouch and dust bag.', '36 x 20 x 39.5 cm | 14 x 7.75 x 15.5 in', '', 9, 0, NULL, NULL, 0, 'admin@tulisan.com', '2017-12-14 08:19:11', '', '2017-12-20 02:17:40'),
(119, 'Pouches', '', '', 'Water-resistant PU coated cotton canvas.', '36 x 26.5 cm | 14.25 x 10.5 in', '', 9, 2, NULL, NULL, 0, 'admin@tulisan.com', '2017-12-14 08:25:02', 'aryaputra@tulisan.com', '2017-12-28 02:17:51'),
(121, 'Pouches', '', '', 'Water-resistant PU coated cotton canvas.', '36 x 26.5 cm | 14.25 x 10.5 in', '', 9, 2, NULL, NULL, 0, 'admin@tulisan.com', '2017-12-14 08:42:55', 'aryaputra@tulisan.com', '2017-12-28 02:22:02'),
(122, 'Pouches', '', '', 'Water-resistant PU coated cotton canvas.', '36 x 26.5 cm | 14.25 x 10.5 in', '', 9, 2, NULL, NULL, 0, 'admin@tulisan.com', '2017-12-14 08:44:16', 'aryaputra@tulisan.com', '2017-12-28 02:26:13'),
(123, 'Pouches', '', '', 'Water-resistant PU coated cotton canvas.\r\n', '36 x 26.5 cm | 14.25 x 10.5 in', '', 9, 2, NULL, NULL, 0, 'admin@tulisan.com', '2017-12-14 08:45:13', 'aryaputra@tulisan.com', '2017-12-28 02:34:51'),
(124, 'Pouches', '', '', 'Water-resistant PU coated cotton canvas.', '36 x 26.5 cm | 14.25 x 10.5 in', '', 5, 2, NULL, NULL, 0, 'admin@tulisan.com', '2017-12-14 08:48:44', 'aryaputra@tulisan.com', '2017-12-28 02:41:10'),
(125, 'Pouches', '', '', 'Water-resistant PU coated cotton canvas.', '36 x 26.5 cm | 14.25 x 10.5 in', '', 5, 2, NULL, NULL, 0, 'admin@tulisan.com', '2017-12-14 08:49:40', 'aryaputra@tulisan.com', '2017-12-28 02:43:55'),
(126, 'Pouches', '', '', 'Water-resistant PU coated cotton canvas.\r\n', '36 x 26.5 cm | 14.25 x 10.5 in', '', 5, 2, NULL, NULL, 0, 'admin@tulisan.com', '2017-12-14 08:50:40', 'aryaputra@tulisan.com', '2017-12-28 02:48:03'),
(127, 'Pouches', '', '', 'Water-resistant PU coated cotton canvas.\r\n', '36 x 26.5 cm | 14.25 x 10.5 in', '', 5, 2, NULL, NULL, 0, 'admin@tulisan.com', '2017-12-14 08:51:33', 'aryaputra@tulisan.com', '2017-12-28 02:52:30'),
(128, 'Organizer', '', '', 'Water-resistant PU coated cotton canvas.', '25 x 10 x 21.5 cm | 10 x 4 x 8.5 in', '', 9, 2, NULL, NULL, 0, 'admin@tulisan.com', '2017-12-14 08:57:59', 'aryaputra@tulisan.com', '2017-12-27 21:19:56'),
(129, 'Organizer', '', '', 'Water-resistant PU coated cotton canvas.', '25 x 10 x 21.5 cm | 10 x 4 x 8.5 in', '', 9, 2, NULL, NULL, 0, 'admin@tulisan.com', '2017-12-14 08:59:25', 'aryaputra@tulisan.com', '2017-12-27 21:29:43'),
(130, 'Organizer', '', '', 'Water-resistant PU coated cotton canvas.\r\n', '25 x 10 x 21.5 cm | 10 x 4 x 8.5 in', '', 9, 2, NULL, NULL, 0, 'admin@tulisan.com', '2017-12-14 09:00:30', '', '2017-12-27 22:21:40'),
(131, 'Organizer', '', '', 'Water-resistant PU coated cotton canvas.', '25 x 10 x 21.5 cm | 10 x 4 x 8.5 in', '', 9, 2, NULL, NULL, 0, 'admin@tulisan.com', '2017-12-14 09:01:36', 'aryaputra@tulisan.com', '2017-12-28 00:29:33'),
(132, 'Organizer', '', '', 'Water-resistant PU coated cotton canvas.\r\n', '25 x 10 x 21.5 cm | 10 x 4 x 8.5 in', '', 5, 2, NULL, NULL, 0, 'admin@tulisan.com', '2017-12-14 09:03:15', 'aryaputra@tulisan.com', '2017-12-28 01:03:49'),
(133, 'Organizer', '', '', 'Water-resistant PU coated cotton canvas.', '25 x 10 x 21.5 cm | 10 x 4 x 8.5 in', '', 5, 2, NULL, NULL, 0, 'admin@tulisan.com', '2017-12-14 09:04:25', 'aryaputra@tulisan.com', '2017-12-28 02:03:16'),
(134, 'Organizer', '', '', 'Water-resistant PU coated cotton canvas.\r\n', '25 x 10 x 21.5 cm | 10 x 4 x 8.5 in', '', 5, 2, NULL, NULL, 0, 'admin@tulisan.com', '2017-12-14 09:05:17', 'aryaputra@tulisan.com', '2017-12-28 02:03:54'),
(135, 'Organizer', '', '', 'Water-resistant PU coated cotton canvas.\r\n', '25 x 10 x 21.5 cm | 10 x 4 x 8.5 in', '', 5, 2, NULL, NULL, 0, 'admin@tulisan.com', '2017-12-14 09:05:20', 'aryaputra@tulisan.com', '2017-12-28 02:09:04'),
(136, 'Cubes', '', '', 'Water-resistant PU coated cotton canvas.', '25 x 13.5 x 13.5 cm | 10 x 5.5 x 5.5 in', '', 9, 2, NULL, NULL, 0, 'admin@tulisan.com', '2017-12-14 10:07:10', '', '2017-12-27 01:36:40'),
(137, 'Cubes', '', '', 'Water-resistant PU coated cotton canvas.', '25 x 13.5 x 13.5 cm | 10 x 5.5 x 5.5 in', '', 9, 2, NULL, NULL, 0, 'admin@tulisan.com', '2017-12-14 10:08:11', '', '2017-12-27 01:40:28'),
(138, 'Cubes', '', '', 'Water-resistant PU coated cotton canvas.', '25 x 13.5 x 13.5 cm | 10 x 5.5 x 5.5 in', '', 9, 2, NULL, NULL, 0, 'admin@tulisan.com', '2017-12-14 10:08:55', '', '2017-12-27 01:43:26'),
(139, 'Cubes', '', '', 'Water-resistant PU coated cotton canvas.\r\n', '25 x 13.5 x 13.5 cm | 10 x 5.5 x 5.5 in', '', 9, 2, NULL, NULL, 0, 'admin@tulisan.com', '2017-12-14 10:09:39', '', '2017-12-27 01:47:13'),
(140, 'Cubes', '', '', 'Water-resistant PU coated cotton canvas.\r\n', '25 x 13.5 x 13.5 cm | 10 x 5.5 x 5.5 in', '', 5, 2, NULL, NULL, 0, 'admin@tulisan.com', '2017-12-14 10:10:42', '', '2017-12-27 01:49:43'),
(141, 'Cubes', '', '', 'Water-resistant PU coated cotton canvas.', '25 x 13.5 x 13.5 cm | 10 x 5.5 x 5.5 in', '', 5, 2, NULL, NULL, 0, 'admin@tulisan.com', '2017-12-14 10:11:21', '', '2017-12-27 01:53:13'),
(142, 'Cubes', '', '', 'Water-resistant PU coated cotton canvas.', '25 x 13.5 x 13.5 cm | 10 x 5.5 x 5.5 in', '', 5, 2, NULL, NULL, 0, 'admin@tulisan.com', '2017-12-14 10:12:06', '', '2017-12-27 01:56:27'),
(143, 'Cubes', '', '', 'Water-resistant PU coated cotton canvas.', '25 x 13.5 x 13.5 cm | 10 x 5.5 x 5.5 in', '', 5, 2, NULL, NULL, 0, 'admin@tulisan.com', '2017-12-14 10:12:37', '', '2017-12-27 01:59:50'),
(144, 'Olio Clutch', '', '', 'Water-resistant PU coated cotton canvas. Features 12 card compartments 1 zipped pocket 4 bill compartments and comes with dust bag.', '21 x 12 cm | 8.25 x 4.75 in', '', 9, 2, NULL, NULL, 0, 'admin@tulisan.com', '2017-12-14 10:15:58', 'aryaputra@tulisan.com', '2017-12-27 21:12:41'),
(145, 'Olio Clutch', '', '', 'Water-resistant PU coated cotton canvas. Features 12 card compartments 1 zipped pocket 4 bill compartments and comes with dust bag.', '21 x 12 cm | 8.25 x 4.75 in', '', 5, 2, NULL, NULL, 0, 'admin@tulisan.com', '2017-12-14 10:17:35', 'aryaputra@tulisan.com', '2017-12-27 21:12:58'),
(146, 'Olio Clutch', '', '', 'Water-resistant PU coated cotton canvas. Features 12 card compartments 1 zipped pocket 4 bill compartments and comes with dust bag.', '21 x 12 cm | 8.25 x 4.75 in', '', 5, 2, NULL, NULL, 0, 'admin@tulisan.com', '2017-12-14 10:18:15', 'aryaputra@tulisan.com', '2017-12-27 21:15:12'),
(147, 'Olio Clutch', '', '', 'Water-resistant PU coated cotton canvas. Features 12 card compartments 1 zipped pocket 4 bill compartments and comes with dust bag.', '21 x 12 cm | 8.25 x 4.75 in', '', 5, 2, NULL, NULL, 0, 'admin@tulisan.com', '2017-12-14 10:18:45', 'aryaputra@tulisan.com', '2017-12-27 21:17:28'),
(148, 'Card Holder ', '', '', 'Water-resistant PU coated cotton canvas.', '11 x 7 cm | 4.25 x 2.75 in', '', 5, 2, NULL, NULL, 0, 'admin@tulisan.com', '2017-12-14 10:20:17', '', '2017-12-27 01:05:07'),
(149, 'Card Holder ', '', '', 'Water-resistant PU coated cotton canvas.\r\n', '11 x 7 cm | 4.25 x 2.75 in', '', 5, 2, NULL, NULL, 0, 'admin@tulisan.com', '2017-12-14 10:20:48', '', '2017-12-27 01:08:38'),
(150, 'Card Holder ', '', '', 'Water-resistant PU coated cotton canvas.\r\n', '11 x 7 cm | 4.25 x 2.75 in', '', 5, 2, NULL, NULL, 0, 'admin@tulisan.com', '2017-12-14 10:21:17', '', '2017-12-27 01:08:51'),
(151, 'Passport Envelope', '', '', 'Water-resistant PU coated cotton canvas.\r\n', '14 x 9.5 cm | 5.5 x 3.75 in (Folded) 14x19cm | 5.5x7.5in(Unfolded)', '', 9, 2, NULL, NULL, 0, 'admin@tulisan.com', '2017-12-14 10:22:37', '', '2017-12-27 20:56:39'),
(152, 'Passport Envelope', '', '', 'Water-resistant PU coated cotton canvas.\r\n', '14 x 9.5 cm | 5.5 x 3.75 in (Folded) 14x19cm | 5.5x7.5in(Unfolded)', '', 9, 2, NULL, NULL, 0, 'admin@tulisan.com', '2017-12-14 10:24:37', '', '2017-12-27 20:58:47'),
(153, 'Passport Envelope', '', '', 'Water-resistant PU coated cotton canvas.\r\n', '14 x 9.5 cm | 5.5 x 3.75 in (Folded) 14x19cm | 5.5x7.5in(Unfolded)', '', 9, 2, NULL, NULL, 0, 'admin@tulisan.com', '2017-12-14 10:26:14', '', '2017-12-27 21:00:17'),
(154, 'Passport Envelope', '', '', 'Water-resistant PU coated cotton canvas.', '14 x 9.5 cm | 5.5 x 3.75 in (Folded) 14x19cm | 5.5x7.5in(Unfolded)', '', 5, 2, NULL, NULL, 0, 'admin@tulisan.com', '2017-12-14 10:27:15', '', '2017-12-27 21:02:45'),
(155, 'Passport Envelope', '', '', 'Water-resistant PU coated cotton canvas.\r\n', '14 x 9.5 cm | 5.5 x 3.75 in (Folded) 14x19cm | 5.5x7.5in(Unfolded)', '', 5, 2, NULL, NULL, 0, 'admin@tulisan.com', '2017-12-14 10:27:43', '', '2017-12-27 21:05:15'),
(156, 'Passport Envelope', '', '', 'Water-resistant PU coated cotton canvas.\r\n', '14 x 9.5 cm | 5.5 x 3.75 in (Folded) 14x19cm | 5.5x7.5in(Unfolded)', '', 5, 2, NULL, NULL, 0, 'admin@tulisan.com', '2017-12-14 10:28:05', '', '2017-12-27 21:06:52'),
(157, 'Luncheon Napkin', '', '', 'Non-bleached cotton canvas (non-coated). set of four napkins.', '40 x 40 cm | 15.75 x 15.75 in', '', 11, 3, NULL, NULL, 0, 'admin@tulisan.com', '2017-12-14 10:30:46', 'admin@tulisan.com', '2017-12-27 04:23:07'),
(158, 'Luncheon Napkin', '', '', 'Non-bleached cotton canvas (non-coated). set of four napkins.', '40 x 40 cm | 15.75 x 15.75 in', '', 11, 3, NULL, NULL, 0, 'admin@tulisan.com', '2017-12-14 10:31:11', 'admin@tulisan.com', '2017-12-27 04:24:57'),
(159, 'Luncheon Napkin', '', '', 'Non-bleached cotton canvas (non-coated). set of four napkins.', '40 x 40 cm | 15.75 x 15.75 in', '', 11, 3, NULL, NULL, 0, 'admin@tulisan.com', '2017-12-14 10:31:37', 'admin@tulisan.com', '2017-12-27 04:26:14'),
(160, 'Luncheon Napkin', '', '', 'Non-bleached cotton canvas (non-coated). set of four napkins.', '40 x 40 cm | 15.75 x 15.75 in', '', 11, 3, NULL, NULL, 0, 'admin@tulisan.com', '2017-12-14 10:31:52', 'admin@tulisan.com', '2017-12-27 04:27:41'),
(161, 'Luncheon Napkin', '', '', 'Non-bleached cotton canvas (non-coated). set of four napkins.', '40 x 40 cm | 15.75 x 15.75 in', '', 9, 3, NULL, NULL, 0, 'admin@tulisan.com', '2017-12-14 10:32:26', 'admin@tulisan.com', '2017-12-27 04:29:00'),
(162, 'Luncheon Napkin', '', '', 'Non-bleached cotton canvas (non-coated). set of four napkins.', '40 x 40 cm | 15.75 x 15.75 in', '', 9, 3, NULL, NULL, 0, 'admin@tulisan.com', '2017-12-14 10:32:46', 'admin@tulisan.com', '2017-12-27 04:30:15'),
(163, 'Luncheon Napkin', '', '', 'Non-bleached cotton canvas (non-coated). set of four napkins.', '40 x 40 cm | 15.75 x 15.75 in', '', 9, 3, NULL, NULL, 0, 'admin@tulisan.com', '2017-12-14 10:33:09', 'admin@tulisan.com', '2017-12-27 04:31:40'),
(164, 'Luncheon Napkin', '', '', 'Non-bleached cotton canvas (non-coated). set of four napkins.', '40 x 40 cm | 15.75 x 15.75 in', '', 9, 3, NULL, NULL, 0, 'admin@tulisan.com', '2017-12-14 10:33:31', 'admin@tulisan.com', '2017-12-27 04:33:00'),
(165, 'Luncheon Napkin', '', '', 'Non-bleached cotton canvas (non-coated). set of four napkins.', '40 x 40 cm | 15.75 x 15.75 in', '', 5, 3, NULL, NULL, 0, 'admin@tulisan.com', '2017-12-14 10:33:52', 'admin@tulisan.com', '2017-12-27 04:34:39'),
(166, 'Luncheon Napkin', '', '', 'Non-bleached cotton canvas (non-coated). set of four napkins.', '40 x 40 cm | 15.75 x 15.75 in', '', 5, 3, NULL, NULL, 0, 'admin@tulisan.com', '2017-12-14 10:34:50', 'admin@tulisan.com', '2017-12-27 04:37:43'),
(167, 'Luncheon Napkin', '', '', 'Non-bleached cotton canvas (non-coated). set of four napkins.', '40 x 40 cm | 15.75 x 15.75 in', '', 5, 3, NULL, NULL, 0, 'admin@tulisan.com', '2017-12-14 10:35:49', 'admin@tulisan.com', '2017-12-27 04:38:51'),
(168, 'Luncheon Napkin', '', '', 'Non-bleached cotton canvas (non-coated). set of four napkins.', '40 x 40 cm | 15.75 x 15.75 in', '', 5, 3, NULL, NULL, 0, 'admin@tulisan.com', '2017-12-14 10:36:10', 'aryaputra@tulisan.com', '2017-12-27 04:41:10'),
(169, 'Studio Apron', '', '', 'Non-bleached cotton canvas (non-coated).', '34 x 77 cm | 13.5 x 30.5 in', '', 11, 3, NULL, NULL, 0, 'admin@tulisan.com', '2017-12-14 10:40:53', 'aryaputra@tulisan.com', '2017-12-27 04:42:42'),
(170, 'Studio Apron', '', '', 'Non-bleached cotton canvas (non-coated).', '34 x 77 cm | 13.5 x 30.5 in', '', 11, 3, NULL, NULL, 0, 'admin@tulisan.com', '2017-12-14 10:41:24', 'aryaputra@tulisan.com', '2017-12-27 04:45:58'),
(171, 'Studio Apron', '', '', 'Non-bleached cotton canvas (non-coated).', '34 x 77 cm | 13.5 x 30.5 in', '', 11, 3, NULL, NULL, 0, 'admin@tulisan.com', '2017-12-14 10:41:36', 'aryaputra@tulisan.com', '2017-12-27 04:48:25'),
(172, 'Studio Apron', '', '', 'Non-bleached cotton canvas (non-coated).', '34 x 77 cm | 13.5 x 30.5 in', '', 11, 3, NULL, NULL, 0, 'admin@tulisan.com', '2017-12-14 10:41:48', 'aryaputra@tulisan.com', '2017-12-27 05:00:43'),
(173, 'Studio Apron', '', '', 'Non-bleached cotton canvas (non-coated).', '34 x 77 cm | 13.5 x 30.5 in', '', 9, 3, NULL, NULL, 0, 'admin@tulisan.com', '2017-12-14 10:42:05', 'aryaputra@tulisan.com', '2017-12-27 05:02:01'),
(174, 'Studio Apron', '', '', 'Non-bleached cotton canvas (non-coated).', '34 x 77 cm | 13.5 x 30.5 in', '', 9, 3, NULL, NULL, 0, 'admin@tulisan.com', '2017-12-14 10:42:16', 'aryaputra@tulisan.com', '2017-12-27 05:03:30'),
(175, 'Studio Apron', '', '', 'Non-bleached cotton canvas (non-coated).', '34 x 77 cm | 13.5 x 30.5 in', '', 9, 3, NULL, NULL, 0, 'admin@tulisan.com', '2017-12-14 10:42:29', 'aryaputra@tulisan.com', '2017-12-27 05:04:58'),
(176, 'Studio Apron', '', '', 'Non-bleached cotton canvas (non-coated).', '34 x 77 cm | 13.5 x 30.5 in', '', 9, 3, NULL, NULL, 0, 'admin@tulisan.com', '2017-12-14 10:42:42', 'aryaputra@tulisan.com', '2017-12-27 05:09:24'),
(177, 'Studio Apron', '', '', 'Non-bleached cotton canvas (non-coated).', '34 x 77 cm | 13.5 x 30.5 in', '', 5, 3, NULL, NULL, 0, 'admin@tulisan.com', '2017-12-14 10:43:15', 'aryaputra@tulisan.com', '2017-12-27 05:10:47'),
(178, 'Studio Apron', '', '', 'Non-bleached cotton canvas (non-coated).', '34 x 77 cm | 13.5 x 30.5 in', '', 5, 3, NULL, NULL, 0, 'admin@tulisan.com', '2017-12-14 10:43:37', 'aryaputra@tulisan.com', '2017-12-27 05:15:58'),
(179, 'Studio Apron', '', '', 'Non-bleached cotton canvas (non-coated).', '34 x 77 cm | 13.5 x 30.5 in', '', 5, 3, NULL, NULL, 0, 'admin@tulisan.com', '2017-12-14 10:44:01', 'aryaputra@tulisan.com', '2017-12-27 05:27:07'),
(180, 'Studio Apron', '', '', 'Non-bleached cotton canvas (non-coated).', '34 x 77 cm | 13.5 x 30.5 in', '', 5, 3, NULL, NULL, 0, 'admin@tulisan.com', '2017-12-14 10:44:23', 'aryaputra@tulisan.com', '2017-12-27 05:28:05'),
(181, 'Car Organizer', '', '', 'Non-bleached cotton canvas (non-coated).', '29 x 39 cm | 11.5 x 15.5 in', '', 11, 3, NULL, NULL, 0, 'admin@tulisan.com', '2017-12-14 10:45:41', '', '2017-12-27 00:42:54'),
(193, 'Twiggy Hat', '', '', 'non-bleached cotton canvas (non-coated).', '', '', 11, 3, NULL, NULL, 0, 'admin@tulisan.com', '2017-12-14 10:51:00', 'aryaputra@tulisan.com', '2017-12-27 05:31:03'),
(194, 'Twiggy Hat', '', '', 'Non-bleached cotton canvas (non-coated).', '', '', 11, 3, NULL, NULL, 0, 'admin@tulisan.com', '2017-12-14 10:51:12', 'aryaputra@tulisan.com', '2017-12-27 05:33:05'),
(195, 'Twiggy Hat', '', '', 'Non-bleached cotton canvas (non-coated).', '', '', 11, 3, NULL, NULL, 0, 'admin@tulisan.com', '2017-12-14 10:51:36', 'aryaputra@tulisan.com', '2017-12-27 05:34:20'),
(196, 'Twiggy Hat', '', '', 'Non-bleached cotton canvas (non-coated).', '', '', 11, 3, NULL, NULL, 0, 'admin@tulisan.com', '2017-12-14 10:51:51', 'aryaputra@tulisan.com', '2017-12-27 05:35:27'),
(197, 'Twiggy Hat', '', '', 'Non-bleached cotton canvas (non-coated).', '', '', 5, 3, NULL, NULL, 0, 'admin@tulisan.com', '2017-12-14 10:52:15', 'aryaputra@tulisan.com', '2017-12-27 05:37:03'),
(198, 'Beverage Coaster', '', '', 'Non-bleached cotton canvas (non-coated). set of four coasters.', '10 x 10 cm | 4 x 4 in', '', 9, 3, NULL, NULL, 0, 'admin@tulisan.com', '2017-12-14 10:53:18', '', '2017-12-27 00:06:20'),
(205, 'Post Card', 'PPO1407', 'ANIMA are Tulisan limited edition playing cards illustrated by Melissa Sunjaya and Sebastien Theraulaz. The four suits correspond to the four classical elements: Air (Hearts) Fire (Spades) Water (Clubs) and Earth (Diamonds). Additionally the deck features two jokers depicted by the artist\' Oracle of the Sacred Catfish and two special Anima cards portrayed by their Supreme Hippocampus. While ANIMA cards are perfect for playing traditional card games divination and storytelling they are also excellent for crafting whimsical gift tags secret notes or special reminders.', '', '', '', 10, 0, NULL, NULL, 0, 'admin@tulisan.com', '2017-12-14 10:55:46', 'aryaputra@tulisan.com', '2017-12-17 22:21:19'),
(206, 'Playing Card', 'PPC1407', 'ANIMA are Tulisan limited edition playing cards illustrated by Melissa Sunjaya and Sebastien Theraulaz. The four suits correspond to the four classical elements: Air (Hearts) Fire (Spades) Water (Clubs) and Earth (Diamonds). Additionally the deck features two jokers depicted by the artist\' Oracle of the Sacred Catfish and two special Anima cards portrayed by their Supreme Hippocampus. While ANIMA cards are perfect for playing traditional card games divination and storytelling they are also excellent for crafting whimsical gift tags secret notes or special reminders.\r\n', 'Coated card stock with matte laminating finish.\r\n', '5.5 cm x 9.5 cm', '', 10, 0, NULL, NULL, 0, 'admin@tulisan.com', '2017-12-14 10:56:41', '', '2017-12-20 01:07:33'),
(207, 'Bio Fantasy Books', '', '', '180 coloured pages hard cover with stitched binding Finished with gold de-bossed title\r\n', '176 x 250 x 17 mm', '', 17, 4, NULL, NULL, 0, 'admin@tulisan.com', '2017-12-14 10:58:24', '', '2017-12-27 00:39:33'),
(208, 'Surat 1', 'BSX1629', '', '', '', '', 9, 0, NULL, NULL, 0, 'admin@tulisan.com', '2017-12-14 10:59:23', 'aryaputra@tulisan.com', '2017-12-18 09:31:46'),
(209, 'Surat 2', 'BSX1723', '', '', '', '', 5, 0, NULL, NULL, 0, 'admin@tulisan.com', '2017-12-14 11:00:03', 'aryaputra@tulisan.com', '2017-12-18 09:32:32'),
(210, 'Daisy Loops', '', '', 'Water-resistant non-toxic coated cotton canvas', '9 cm (diameter)', '', 12, 2, NULL, NULL, 0, 'admin@tulisan.com', '2017-12-14 11:01:03', 'admin@tulisan.com', '2017-12-27 04:15:48'),
(211, 'Monograph Fiction', 'MFI1107-EN', '', '', '', '', 12, 0, NULL, NULL, 0, 'admin@tulisan.com', '2017-12-14 11:02:02', 'aryaputra@tulisan.com', '2017-12-19 23:00:38'),
(212, 'Batavia Hotel Gift Tag', '', 'A box of 20 cards and a roll of ribbon with 10 unique illustrated designs for personalized tags or gifts. Each tag has a 0.125 inch hole for tying the ribbon.\r\n', 'Uncoated card stock with matte laminating finish on one side.', '13.3 x 9.5 cm', '', 0, 4, NULL, NULL, 0, 'admin@tulisan.com', '2017-12-14 11:03:57', 'aryaputra@tulisan.com', '2017-12-26 22:54:31'),
(213, 'Delightfully Yours Gift Tag', '', 'A box of 20 cards and a roll of ribbon with 10 unique illustrated designs for personalized tags or gifts. Each tag has a 0.125 inch hole for tying the ribbon.\r\n', 'Uncoated card stock with matte laminating finish on one side.\r\n', '13.3 x 9.5 cm', '', 0, 4, NULL, NULL, 0, 'admin@tulisan.com', '2017-12-14 11:05:04', 'admin@tulisan.com', '2017-12-27 04:17:54'),
(214, 'Eyewear', '', '', '', '', '', 0, 2, NULL, NULL, 0, 'admin@tulisan.com', '2017-12-14 11:08:23', 'admin@tulisan.com', '2017-12-27 04:19:32'),
(215, 'Eyewear', '', '', '', '', '', 0, 2, NULL, NULL, 0, 'admin@tulisan.com', '2017-12-14 11:08:53', 'admin@tulisan.com', '2017-12-27 04:21:22'),
(216, 'Eyewear', '', '', '', '', '', 0, 2, NULL, NULL, 0, 'admin@tulisan.com', '2017-12-14 11:09:07', 'admin@tulisan.com', '2017-12-27 04:21:37'),
(217, 'Besame Mucho', '', '', 'Non-bleached cotton canvas (non-coated).', '12.5 x 21 cm | 5 x 8.25 in', '', 11, 3, NULL, NULL, 0, 'aryaputra@tulisan.com', '2017-12-15 03:36:44', 'aryaputra@tulisan.com', '2017-12-26 22:55:00'),
(223, 'Apron Kangaroo', '', '', 'Non-bleached cotton canvas (non-coated).', '73 x 80 cm | 28.75 x 31.5 in', '', 9, 3, NULL, NULL, 0, 'aryaputra@tulisan.com', '2017-12-15 03:42:14', 'admin@tulisan.com', '2017-12-27 02:44:11'),
(228, 'Cooking Apron', '', '', 'Non-bleached cotton canvas (non-coated)\r\n', '73 x 81 cm | 28.75 x 32 in', '', 9, 3, NULL, NULL, 0, 'aryaputra@tulisan.com', '2017-12-15 03:49:09', '', '2017-12-27 01:18:57'),
(229, 'Cooking Apron', '', '', 'Non-bleached cotton canvas (non-coated)\r\n', '73 x 81 cm | 28.75 x 32 in', '', 9, 3, NULL, NULL, 0, 'aryaputra@tulisan.com', '2017-12-15 03:51:13', '', '2017-12-27 01:20:44'),
(230, 'Cooking Apron', '', 'Another signature product from Tulisan\'s founding team is this multi-purpose apron. Whether you cook for pleasure or for profession the apron wraps to your aid. Also a great addition when working with painting or any craft project.\r\n', 'Non-bleached cotton canvas (non-coated)\r\n', '73 x 81 cm | 28.75 x 32 in', '', 5, 3, NULL, NULL, 0, 'aryaputra@tulisan.com', '2017-12-15 03:52:16', '', '2017-12-27 01:31:48'),
(231, 'Cooking Apron', '', 'Another signature product from Tulisan\'s founding team is this multi-purpose apron. Whether you cook for pleasure or for profession the apron wraps to your aid. Also a great addition when working with painting or any craft project.\r\n', 'Non-bleached cotton canvas (non-coated)\r\n', '73 x 81 cm | 28.75 x 32 in', '', 5, 3, NULL, NULL, 0, 'aryaputra@tulisan.com', '2017-12-15 03:53:45', '', '2017-12-27 01:32:52'),
(232, 'Cooking Apron', '', 'Another signature product from Tulisan\'s founding team is this multi-purpose apron. Whether you cook for pleasure or for profession the apron wraps to your aid. Also a great addition when working with painting or any craft project.\r\n', 'Non-bleached cotton canvas (non-coated)\r\n', '73 x 81 cm | 28.75 x 32 in', '', 5, 3, NULL, NULL, 0, 'aryaputra@tulisan.com', '2017-12-15 03:54:28', '', '2017-12-27 01:34:35'),
(233, 'Cooking Apron', '', 'Another signature product from Tulisan\'s founding team is this multi-purpose apron. Whether you cook for pleasure or for profession the apron wraps to your aid. Also a great addition when working with painting or any craft project.\r\n', 'Non-bleached cotton canvas (non-coated)\r\n', '73 x 81 cm | 28.75 x 32 in', '', 5, 3, NULL, NULL, 0, 'aryaputra@tulisan.com', '2017-12-15 03:55:17', '', '2017-12-27 01:35:38'),
(234, 'Cushion Cover', '', '', 'Non-bleached cotton canvas (non-coated).', '49 x 49 cm | 19.25 x 19.25 in', '', 11, 3, NULL, NULL, 0, 'aryaputra@tulisan.com', '2017-12-15 03:58:59', 'admin@tulisan.com', '2017-12-27 02:47:01'),
(248, 'Cushion Cover', '', 'A two sided cover for your sofa bed or decorative needs.\r\n', 'Non-bleached cotton canvas (non-coated).\r\n', '49 x 49 cm | 19.25 x 19.25 in ', '', 5, 3, NULL, NULL, 0, 'aryaputra@tulisan.com', '2017-12-15 04:07:36', 'admin@tulisan.com', '2017-12-27 04:11:39'),
(249, 'Cushion Cover', '', 'A two sided cover for your sofa bed or decorative needs.\r\n', 'Non-bleached cotton canvas (non-coated).\r\n', '49 x 49 cm | 19.25 x 19.25 in ', '', 5, 3, NULL, NULL, 0, 'aryaputra@tulisan.com', '2017-12-15 04:07:36', 'admin@tulisan.com', '2017-12-27 04:12:49'),
(250, 'Cushion Cover', '', '', 'Non-bleached cotton canvas (non-coated).', '48 x 48 cm | 19 x 19 in', '', 17, 3, NULL, NULL, 0, 'aryaputra@tulisan.com', '2017-12-15 04:09:12', 'admin@tulisan.com', '2017-12-27 04:14:16'),
(251, 'Tea Towel', '', '', 'Non-bleached cotton canvas (non-coated).', '48 x 80 cm | 19 x 31.5 in', '', 11, 3, NULL, NULL, 0, 'aryaputra@tulisan.com', '2017-12-15 04:11:17', '', '2017-12-27 19:52:36'),
(252, 'Tea Towel', '', '', 'Non-bleached cotton canvas (non-coated).', '50 x 80 cm | 19.75 x 31.5 in', '', 11, 3, NULL, NULL, 0, 'aryaputra@tulisan.com', '2017-12-15 04:11:45', '', '2017-12-27 19:54:41'),
(253, 'Tea Towel', '', '', 'Non-bleached cotton canvas (non-coated).', '50 x 80 cm | 19.75 x 31.5 in', '', 11, 3, NULL, NULL, 0, 'aryaputra@tulisan.com', '2017-12-15 04:11:59', '', '2017-12-27 19:56:57'),
(254, 'Tea Towel', '', '', 'Non-bleached cotton canvas (non-coated).', '50 x 80 cm | 19.75 x 31.5 in', '', 11, 3, NULL, NULL, 0, 'aryaputra@tulisan.com', '2017-12-15 04:12:42', '', '2017-12-27 19:58:36'),
(255, 'Tea Towel', '', '', 'Non-bleached cotton canvas (non-coated).', '50 x 80 cm | 19.75 x 31.5 in', '', 11, 3, NULL, NULL, 0, 'aryaputra@tulisan.com', '2017-12-15 04:12:59', '', '2017-12-27 20:01:15'),
(256, 'Tea Towel', '', '', 'Non-bleached cotton canvas (non-coated).', '48 x 80 cm | 19 x 31.5 in', '', 9, 3, NULL, NULL, 0, 'aryaputra@tulisan.com', '2017-12-15 04:13:44', '', '2017-12-27 20:03:40'),
(257, 'Tea Towel', '', '', 'Non-bleached cotton canvas (non-coated).', '50 x 80 cm | 19.75 x 31.5 in', '', 9, 3, NULL, NULL, 0, 'aryaputra@tulisan.com', '2017-12-15 04:14:20', '', '2017-12-27 20:05:33'),
(258, 'Tea Towel', '', '', 'Non-bleached cotton canvas (non-coated).', '50 x 80 cm | 19.75 x 31.5 in', '', 9, 3, NULL, NULL, 0, 'aryaputra@tulisan.com', '2017-12-15 04:14:49', '', '2017-12-27 20:07:08'),
(259, 'Tea Towel', '', '', 'Non-bleached cotton canvas (non-coated).', '50 x 80 cm | 19.75 x 31.5 in', '', 9, 3, NULL, NULL, 0, 'aryaputra@tulisan.com', '2017-12-15 04:15:05', '', '2017-12-27 20:11:46'),
(260, 'Tea Towel', '', '', 'Non-bleached cotton canvas (non-coated).', '50 x 80 cm | 19.75 x 31.5 in', '', 9, 3, NULL, NULL, 0, 'aryaputra@tulisan.com', '2017-12-15 04:15:18', '', '2017-12-27 20:13:41'),
(261, 'Tea Towel', '', 'Lit up the house with one of our signature product: the tea towel. It embellishes kitchen with quirky pattern or decorate the wall with cinematic illustration. Lay it upon the sofa for a quick up-do when guests are coming. The tea towel also preserves the original look of using raw cotton-canvas and uncoated finishing.\r\n', 'Non-bleached cotton canvas (non-coated)\r\n', '48 x 80 cm | 19 x 31.5 in', '', 5, 3, NULL, NULL, 0, 'aryaputra@tulisan.com', '2017-12-15 04:16:14', '', '2017-12-27 20:15:28'),
(262, 'Tea Towel', '', 'Lit up the house with one of our signature product: the tea towel. It embellishes kitchen with quirky pattern or decorate the wall with cinematic illustration. Lay it upon the sofa for a quick up-do when guests are coming. The tea towel also preserves the original look of using raw cotton-canvas and uncoated finishing.\r\n', 'Non-bleached cotton canvas (non-coated)\r\n', '48 x 80 cm | 19 x 31.5 in', '', 5, 3, NULL, NULL, 0, 'aryaputra@tulisan.com', '2017-12-15 04:16:48', '', '2017-12-27 20:17:22'),
(263, 'Tea Towel', '', 'Lit up the house with one of our signature product: the tea towel. It embellishes kitchen with quirky pattern or decorate the wall with cinematic illustration. Lay it upon the sofa for a quick up-do when guests are coming. The tea towel also preserves the original look of using raw cotton-canvas and uncoated finishing.\r\n', 'Non-bleached cotton canvas (non-coated)\r\n', '48 x 80 cm | 19 x 31.5 in', '', 5, 3, NULL, NULL, 0, 'aryaputra@tulisan.com', '2017-12-15 04:17:33', '', '2017-12-27 20:18:40'),
(264, 'Tea Towel', '', 'Lit up the house with one of our signature product: the tea towel. It embellishes kitchen with quirky pattern or decorate the wall with cinematic illustration. Lay it upon the sofa for a quick up-do when guests are coming. The tea towel also preserves the original look of using raw cotton-canvas and uncoated finishing.\r\n', 'Non-bleached cotton canvas (non-coated)\r\n', '48 x 80 cm | 19 x 31.5 in', '', 5, 3, NULL, NULL, 0, 'aryaputra@tulisan.com', '2017-12-15 04:18:13', '', '2017-12-27 20:20:15'),
(265, 'Tea Towel', '', '', 'Non-bleached cotton canvas (non-coated).', '50 x 80 cm | 19.75 x 31.5 in', '', 5, 3, NULL, NULL, 0, 'aryaputra@tulisan.com', '2017-12-15 04:18:39', '', '2017-12-27 20:21:18'),
(266, 'Tea Towel', '', '', 'Non-bleached cotton canvas (non-coated).', '50 x 80 cm | 19.75 x 31.5 in', '', 5, 3, NULL, NULL, 0, 'aryaputra@tulisan.com', '2017-12-15 04:18:56', '', '2017-12-27 20:22:29'),
(267, 'Tea Towel', '', '', 'Non-bleached cotton canvas (non-coated).', '50 x 80 cm | 19.75 x 31.5 in', '', 5, 3, NULL, NULL, 0, 'aryaputra@tulisan.com', '2017-12-15 04:19:16', '', '2017-12-27 20:23:55'),
(268, 'Tea Towel', '', '', 'Non-bleached cotton canvas (non-coated).', '50 x 80 cm | 19.75 x 31.5 in', '', 5, 3, NULL, NULL, 0, 'aryaputra@tulisan.com', '2017-12-15 04:19:40', '', '2017-12-27 20:26:56'),
(269, 'Tea Towel', '', '', '', '48 x 80 cm | 19 x 31.5 in', '', 17, 3, NULL, NULL, 0, 'aryaputra@tulisan.com', '2017-12-15 04:20:33', '', '2017-12-27 20:33:05'),
(270, 'Placemats', '', '', 'Non-bleached cotton canvas (non-coated). set of two placemats.', '35 x 48 cm | 13.75 x 19 in', '', 11, 3, NULL, NULL, 0, 'aryaputra@tulisan.com', '2017-12-15 04:21:54', '', '2017-12-27 20:39:34'),
(271, 'Placemats', '', '', 'Non-bleached cotton canvas (non-coated). set of two placemats.', '35 x 48 cm | 13.75 x 19 in', '', 11, 3, NULL, NULL, 0, 'aryaputra@tulisan.com', '2017-12-15 04:22:10', '', '2017-12-27 20:41:01'),
(272, 'Placemats', '', '', 'on-bleached cotton canvas (non-coated). set of two placemats.', '35 x 48 cm | 13.75 x 19 in', '', 11, 3, NULL, NULL, 0, 'aryaputra@tulisan.com', '2017-12-15 04:22:41', '', '2017-12-27 20:42:53'),
(273, 'Placemats', '', '', 'Non-bleached cotton canvas (non-coated). set of two placemats.', '35 x 48 cm | 13.75 x 19 in', '', 9, 3, NULL, NULL, 0, 'aryaputra@tulisan.com', '2017-12-15 04:23:06', '', '2017-12-27 20:44:15'),
(274, 'Placemats', '', '', 'Non-bleached cotton canvas (non-coated). set of two placemats.', '35 x 48 cm | 13.75 x 19 in', '', 9, 3, NULL, NULL, 0, 'aryaputra@tulisan.com', '2017-12-15 04:23:12', '', '2017-12-27 20:45:41'),
(275, 'Placemats', '', '', 'Non-bleached cotton canvas (non-coated). set of two placemats.', '35 x 48 cm | 13.75 x 19 in', '', 9, 3, NULL, NULL, 0, 'aryaputra@tulisan.com', '2017-12-15 04:24:15', '', '2017-12-27 20:47:18'),
(276, 'Placemats', '', '', 'Non-bleached cotton canvas (non-coated). set of two placemats.', '35 x 48 cm | 13.75 x 19 in', '', 9, 3, NULL, NULL, 0, 'aryaputra@tulisan.com', '2017-12-15 04:24:31', '', '2017-12-27 20:49:02'),
(277, 'Placemats', '', '', 'Non-bleached cotton canvas (non-coated). set of two placemats.', '35 x 48 cm | 13.75 x 19 in', '', 5, 3, NULL, NULL, 0, 'aryaputra@tulisan.com', '2017-12-15 04:24:49', '', '2017-12-27 20:50:52'),
(278, 'Placemats', '', '', 'Non-bleached cotton canvas (non-coated). set of two placemats.', '35 x 48 cm | 13.75 x 19 in', '', 5, 3, NULL, NULL, 0, 'aryaputra@tulisan.com', '2017-12-15 04:25:20', '', '2017-12-27 20:52:17'),
(279, 'Placemats', '', '', 'Non-bleached cotton canvas (non-coated). set of two placemats.', '35 x 48 cm | 13.75 x 19 in', '', 5, 3, NULL, NULL, 0, 'aryaputra@tulisan.com', '2017-12-15 04:25:40', '', '2017-12-27 20:53:32'),
(280, 'Placemats', '', '', 'Non-bleached cotton canvas (non-coated). set of two placemats.', '35 x 48 cm | 13.75 x 19 in', '', 5, 3, NULL, NULL, 0, 'aryaputra@tulisan.com', '2017-12-15 04:26:01', '', '2017-12-27 20:54:50'),
(281, 'Santiago', 'CCE1202', '', '', '', '', 0, 0, NULL, NULL, 0, 'aryaputra@tulisan.com', '2017-12-15 04:30:36', NULL, NULL),
(282, 'Clio Children', 'CCL1202', '', '', '', '', 0, 0, NULL, NULL, 0, 'aryaputra@tulisan.com', '2017-12-15 04:31:32', NULL, NULL),
(283, 'Clara Children', 'CCR1202', '', '', '', '', 0, 0, NULL, NULL, 0, 'aryaputra@tulisan.com', '2017-12-15 04:33:20', NULL, NULL),
(284, 'Inaya Children', 'CIN1202', '', '', '', '', 0, 0, NULL, NULL, 0, 'aryaputra@tulisan.com', '2017-12-15 04:34:16', NULL, NULL),
(285, 'Lila Children', 'CLI1301', '', '', '', '', 0, 0, NULL, NULL, 0, 'aryaputra@tulisan.com', '2017-12-15 04:35:23', NULL, NULL),
(286, 'Lila Children', 'CLI2013', '', '', '', '', 0, 0, NULL, NULL, 0, 'aryaputra@tulisan.com', '2017-12-15 04:36:01', NULL, NULL),
(287, 'Miya Children', 'CMI1202', '', '', '', '', 0, 0, NULL, NULL, 0, 'aryaputra@tulisan.com', '2017-12-15 04:37:02', NULL, NULL),
(288, 'Oki Children', 'COK2013', '', '', '', '', 0, 0, NULL, NULL, 0, 'aryaputra@tulisan.com', '2017-12-15 04:37:42', NULL, NULL),
(289, 'Pia Children', 'CPI1202', '', '', '', '', 0, 0, NULL, NULL, 0, 'aryaputra@tulisan.com', '2017-12-15 04:38:49', NULL, NULL),
(290, 'Pia Children', 'CPI2013', '', '', '', '', 0, 0, NULL, NULL, 0, 'aryaputra@tulisan.com', '2017-12-15 04:39:43', NULL, NULL),
(291, 'Tim Children', 'CTI2013', '', '', '', '', 0, 0, NULL, NULL, 0, 'aryaputra@tulisan.com', '2017-12-15 04:40:17', NULL, NULL),
(292, 'Yoona Children', 'CYO1202', '', '', '', '', 0, 0, NULL, NULL, 0, 'aryaputra@tulisan.com', '2017-12-15 04:40:55', NULL, NULL),
(293, 'Ziggy Children', 'CZI2013', '', '', '', '', 0, 0, NULL, NULL, 0, 'aryaputra@tulisan.com', '2017-12-15 04:42:10', NULL, NULL),
(294, 'Sisilia Skirt', 'SSI1202', '', '', '', '', 0, 0, NULL, NULL, 0, 'aryaputra@tulisan.com', '2017-12-15 04:42:54', NULL, NULL),
(295, 'Verona Skirt', 'SVE1301', '', '', '', '', 0, 0, NULL, NULL, 0, 'aryaputra@tulisan.com', '2017-12-15 04:43:40', NULL, NULL),
(296, 'Mimosa Love Reverse', 'TAN1106R', '', '', '', '', 0, 0, NULL, NULL, 0, 'aryaputra@tulisan.com', '2017-12-15 04:44:35', NULL, NULL),
(297, 'Celosia', 'TAN1202', '', '', '', '', 0, 0, NULL, NULL, 0, 'aryaputra@tulisan.com', '2017-12-15 04:45:17', NULL, NULL),
(298, 'Florensia Tops', 'TFL1202', '', '', '', '', 0, 0, NULL, NULL, 0, 'aryaputra@tulisan.com', '2017-12-15 04:46:55', NULL, NULL),
(299, 'Malta Tunic', 'TMA1202', '', '', '', '', 0, 0, NULL, NULL, 0, 'aryaputra@tulisan.com', '2017-12-15 04:48:09', NULL, NULL),
(300, 'Mykonos Tunic', 'TMY1202', '', '', '', '', 0, 0, NULL, NULL, 0, 'aryaputra@tulisan.com', '2017-12-15 04:48:53', NULL, NULL),
(301, 'Mykonos', 'TMY1202', '', '', '', '', 0, 0, NULL, NULL, 0, 'aryaputra@tulisan.com', '2017-12-15 04:49:32', NULL, NULL),
(302, 'Toluca', 'TOL1201', '', '', '', '', 0, 0, NULL, NULL, 0, 'aryaputra@tulisan.com', '2017-12-15 04:50:10', NULL, NULL),
(303, 'Toluca', 'TOL1202', '', '', '', '', 0, 0, NULL, NULL, 0, 'aryaputra@tulisan.com', '2017-12-15 04:57:10', NULL, NULL),
(304, 'Toluca', 'TOL1204', '', '', '', '', 0, 0, NULL, NULL, 0, 'aryaputra@tulisan.com', '2017-12-15 05:00:37', NULL, NULL),
(305, 'Toluca', 'TOL1205', '', '', '', '', 0, 0, NULL, NULL, 0, 'aryaputra@tulisan.com', '2017-12-15 05:02:24', NULL, NULL),
(306, 'Tuscany', 'TUS1201', '', '', '', '', 0, 0, NULL, NULL, 0, 'aryaputra@tulisan.com', '2017-12-15 05:03:39', NULL, NULL),
(307, 'Tuscany', 'TUS1202', '', '', '', '', 0, 0, NULL, NULL, 0, 'aryaputra@tulisan.com', '2017-12-15 05:04:57', NULL, NULL),
(308, 'Tuscany', 'TUS1204', '', '', '', '', 0, 0, NULL, NULL, 0, 'aryaputra@tulisan.com', '2017-12-15 05:06:36', NULL, NULL),
(309, 'Tuscany', 'TUS1205', '', '', '', '', 0, 0, NULL, NULL, 0, 'aryaputra@tulisan.com', '2017-12-15 05:07:35', NULL, NULL),
(310, 'Copy of Apron Kangaroo', '', '', 'Non-bleached cotton canvas (non-coated).', '73 x 80 cm | 28.75 x 31.5 in', '', 9, 3, NULL, NULL, 0, 'aryaputra@tulisan.com', '2017-12-28 03:08:21', NULL, NULL);

-- --------------------------------------------------------

--
-- Struktur dari tabel `products_variant`
--

CREATE TABLE `products_variant` (
  `idData` int(11) NOT NULL,
  `productId` int(11) NOT NULL,
  `sku` varchar(20) NOT NULL,
  `storyId` int(11) NOT NULL,
  `artworkId` int(11) NOT NULL,
  `colorId` int(11) NOT NULL,
  `qty` int(11) NOT NULL,
  `price` varchar(20) DEFAULT NULL,
  `size` varchar(100) NOT NULL,
  `dimension` varchar(50) NOT NULL,
  `frontPicture` varchar(100) NOT NULL,
  `backPicture` varchar(100) NOT NULL,
  `topPicture` varchar(100) NOT NULL,
  `rightPicture` varchar(100) NOT NULL,
  `bottomPicture` varchar(100) NOT NULL,
  `leftPicture` varchar(100) NOT NULL,
  `createdBy` varchar(100) NOT NULL,
  `createdDate` datetime NOT NULL,
  `changedby` varchar(100) DEFAULT NULL,
  `changedDate` datetime DEFAULT NULL
) ENGINE=InnoDB DEFAULT CHARSET=latin1;

--
-- Dumping data untuk tabel `products_variant`
--

INSERT INTO `products_variant` (`idData`, `productId`, `sku`, `storyId`, `artworkId`, `colorId`, `qty`, `price`, `size`, `dimension`, `frontPicture`, `backPicture`, `topPicture`, `rightPicture`, `bottomPicture`, `leftPicture`, `createdBy`, `createdDate`, `changedby`, `changedDate`) VALUES
(1, 84, '', 0, 1, 3, 4, NULL, 'Medium', '', 'products_1_1.jpg', 'products_1_2.jpg', 'products_1_3.jpg', 'products_1_4.jpg', 'products_1_5.jpg', 'products_1_6.jpg', 'tes', '2017-11-27 00:00:00', 'admin@tulisan.com', '2017-11-29 14:07:31'),
(2, 84, '', 0, 1, 3, 7, NULL, 'Large', '', 'products_2_1.jpg', 'products_2_2.jpg', 'products_2_3.jpg', '', '', '', 'tes', '2017-11-27 00:00:00', 'admin@tulisan.com', '2017-11-29 19:27:39'),
(3, 84, '', 0, 0, 0, 1, NULL, 'Small', '', '', '', '', '', '', '', 'tes', '2017-11-27 00:00:00', 'admin@tulisan.com', '2017-11-29 11:58:02'),
(4, 85, '', 0, 1, 4, 7, NULL, 'Small', '', 'products_4_1.jpg', '', '', '', '', '', 'tes', '2017-11-27 00:00:00', 'admin@tulisan.com', '2017-11-29 21:52:32'),
(5, 0, '', 0, 2, 3, 0, NULL, 'Medium', '', '', '', '', '', '', '', 'admin@tulisan.com', '2017-11-29 13:43:15', NULL, NULL),
(6, 84, '', 0, 2, 3, 13, NULL, 'Medium', '', 'products_6_1.jpg', '', '', '', '', '', 'admin@tulisan.com', '2017-11-29 13:44:36', 'admin@tulisan.com', '2017-11-29 16:05:19'),
(7, 84, '', 0, 1, 3, 0, NULL, 'Small', '', 'products_7_1.jpg', '', '', '', '', '', 'admin@tulisan.com', '2017-11-29 13:47:38', 'admin@tulisan.com', '2017-11-29 13:53:00'),
(8, 84, '', 0, 2, 4, 6, NULL, 'Large', '', 'products_8_1.jpg', '', '', '', '', '', 'admin@tulisan.com', '2017-11-29 18:45:49', NULL, NULL),
(9, 85, '', 0, 1, 4, 4, NULL, 'Large', '', 'products_9_1.jpg', 'products_9_2.jpg', 'products_9_3.jpg', 'products_9_4.jpg', 'products_9_5.jpg', 'products_9_6.jpg', 'admin@tulisan.com', '2017-12-05 23:15:42', NULL, NULL),
(10, 85, '', 0, 1, 4, 4, NULL, 'Large', '', 'products_10_1.jpg', 'products_10_2.jpg', 'products_10_3.jpg', 'products_10_4.jpg', 'products_10_5.jpg', 'products_10_6.jpg', 'admin@tulisan.com', '2017-12-05 23:16:00', NULL, NULL),
(11, 85, '', 0, 1, 4, 4, NULL, 'Large', '', 'products_11_1.jpg', 'products_11_2.jpg', 'products_11_3.jpg', 'products_11_4.jpg', 'products_11_5.jpg', 'products_11_6.jpg', 'admin@tulisan.com', '2017-12-05 23:16:01', NULL, NULL),
(12, 85, '', 0, 1, 4, 4, NULL, 'Large', '', 'products_12_1.jpg', 'products_12_2.jpg', 'products_12_3.jpg', 'products_12_4.jpg', 'products_12_5.jpg', 'products_12_6.jpg', 'admin@tulisan.com', '2017-12-05 23:16:01', NULL, NULL),
(13, 99, '', 0, 1, 4, 5, 'NaN', 'Small', '', 'products_13_1.jpg', '', '', '', '', '', 'admin@tulisan.com', '2017-12-12 05:36:19', 'admin@tulisan.com', '2017-12-13 10:59:39'),
(14, 87, 'BCH1705', 5, 14, 7, 2, '1298000', 'Free Size', '36 x 16.5 x 26 cm | 14 x 6.5 x 10.25 in', 'products_14_1.jpg', 'products_14_2.jpg', '', '', '', '', 'admin@tulisan.com', '2017-12-13 00:15:46', '', '2017-12-27 01:11:32'),
(15, 223, 'HAK1626', 9, 8, 3, 0, '368000', 'Free Size', '73 x 80 cm | 28.75 x 31.5 in', '', '', '', '', '', '', 'aryaputra@tulisan.com', '2017-12-15 05:11:28', 'aryaputra@tulisan.com', '2017-12-26 22:38:44'),
(16, 223, 'HAK1626', 9, 8, 58, 1, '368000', 'Free Size', '73 x 80 cm | 28.75 x 31.5 in', '', '', '', '', '', '', 'aryaputra@tulisan.com', '2017-12-15 05:13:26', 'admin@tulisan.com', '2017-12-28 21:11:10'),
(17, 107, 'BMU1707', 5, 16, 11, 2, '848000', 'Free Size', '25.5 x 10 x 23 cm | 10 x 4 x 9 in', 'products_17_1.jpg', 'products_17_2.jpg', 'products_17_3.jpg', '', 'products_17_5.jpg', 'products_17_6.jpg', 'aryaputra@tulisan.com', '2017-12-15 05:21:30', 'aryaputra@tulisan.com', '2017-12-27 23:28:29'),
(18, 107, 'BMU1707', 5, 16, 15, 2, '848000', 'Free Size', '25.5 x 10 x 23 cm | 10 x 4 x 9 in', 'products_18_1.jpg', 'products_18_2.jpg', 'products_18_3.jpg', '', 'products_18_5.jpg', 'products_18_6.jpg', 'aryaputra@tulisan.com', '2017-12-15 05:22:36', 'aryaputra@tulisan.com', '2017-12-27 23:30:17'),
(19, 223, 'HAK1627', 9, 9, 37, 0, '368000', 'Free Size', '73 x 80 cm | 28.75 x 31.5 in', '', '', '', '', '', '', 'aryaputra@tulisan.com', '2017-12-15 20:03:20', 'aryaputra@tulisan.com', '2017-12-26 22:42:10'),
(20, 223, 'HAK1627', 9, 9, 42, 1, '368000', 'Free Size', '73 x 80 cm | 28.75 x 31.5 in', '', '', '', '', '', '', 'aryaputra@tulisan.com', '2017-12-15 20:03:40', 'aryaputra@tulisan.com', '2017-12-26 22:48:06'),
(21, 223, 'HAK1706', 5, 15, 56, 1, '368000', 'Free Size', '73 x 80 cm | 28.75 x 31.5 in', '', '', '', '', '', '', 'aryaputra@tulisan.com', '2017-12-15 20:05:14', 'aryaputra@tulisan.com', '2017-12-26 22:47:35'),
(22, 223, 'HAK1706', 5, 15, 55, 1, '368000', 'Free Size', '73 x 80 cm | 28.75 x 31.5 in', '', '', '', '', '', '', 'aryaputra@tulisan.com', '2017-12-15 20:06:51', 'aryaputra@tulisan.com', '2017-12-26 22:47:26'),
(23, 223, 'HAK1707', 5, 16, 11, 1, '368000', 'Free Size', '73 x 80 cm | 28.75 x 31.5 in', '', '', '', '', '', '', 'aryaputra@tulisan.com', '2017-12-15 20:07:56', 'aryaputra@tulisan.com', '2017-12-26 22:46:57'),
(24, 223, 'HAK1707', 5, 16, 15, 1, '368000', 'Free Size', '73 x 80 cm | 28.75 x 31.5 in', '', '', '', '', '', '', 'aryaputra@tulisan.com', '2017-12-15 20:08:08', 'aryaputra@tulisan.com', '2017-12-26 22:46:46'),
(25, 223, 'HAK1708', 5, 17, 9, 1, '368000', 'Free Size', '73 x 80 cm | 28.75 x 31.5 in', '', '', '', '', '', '', 'aryaputra@tulisan.com', '2017-12-15 20:08:41', 'aryaputra@tulisan.com', '2017-12-26 22:49:00'),
(26, 223, 'HAK1708', 5, 17, 18, 1, '368000', 'Free Size', '73 x 80 cm | 28.75 x 31.5 in', '', '', '', '', '', '', 'aryaputra@tulisan.com', '2017-12-15 20:09:02', 'aryaputra@tulisan.com', '2017-12-26 22:49:17'),
(27, 212, 'GIF1104', 0, 0, 0, 5, '98000', 'Free Size', '13.3 x 9.5 cm', 'products_27_1.jpg', 'products_27_2.jpg', 'products_27_3.jpg', 'products_27_4.jpg', 'products_27_5.jpg', 'products_27_6.jpg', 'aryaputra@tulisan.com', '2017-12-15 20:10:17', 'aryaputra@tulisan.com', '2017-12-26 22:52:55'),
(28, 217, 'PBE1605', 11, 25, 19, 2, '148000', 'Free Size', '12.5 x 21 cm | 5 x 8.25 in', '', '', '', '', '', '', 'aryaputra@tulisan.com', '2017-12-15 20:11:00', 'aryaputra@tulisan.com', '2017-12-26 22:56:41'),
(29, 217, 'PBE1605', 11, 25, 54, 2, '148000', 'Free Size', '12.5 x 21 cm | 5 x 8.25 in', '', '', '', '', '', '', 'aryaputra@tulisan.com', '2017-12-15 20:19:01', 'aryaputra@tulisan.com', '2017-12-26 22:56:56'),
(30, 217, 'PBE1626', 9, 8, 3, 0, '148000', 'Free Size', '12.5 x 21 cm | 5 x 8.25 in', '', '', '', '', '', '', 'aryaputra@tulisan.com', '2017-12-15 20:20:53', 'aryaputra@tulisan.com', '2017-12-26 22:58:22'),
(31, 217, 'PBE1626', 9, 8, 58, 2, '148000', 'Free Size', '12.5 x 21 cm | 5 x 8.25 in', '', '', '', '', '', '', 'aryaputra@tulisan.com', '2017-12-15 20:21:13', 'aryaputra@tulisan.com', '2017-12-26 22:58:46'),
(32, 217, 'PBE1705', 5, 14, 31, 3, '148000', 'Free Size', '12.5 x 21 cm | 5 x 8.25 in', '', '', '', '', '', '', 'aryaputra@tulisan.com', '2017-12-15 20:23:57', 'aryaputra@tulisan.com', '2017-12-26 22:59:56'),
(33, 217, 'PBE1705', 5, 14, 7, 3, '148000', 'Free Size', '12.5 x 21 cm | 5 x 8.25 in', '', '', '', '', '', '', 'aryaputra@tulisan.com', '2017-12-15 20:24:13', 'aryaputra@tulisan.com', '2017-12-26 23:00:11'),
(34, 217, 'PBE1706', 5, 15, 56, 4, '148000', 'Free Size', '12.5 x 21 cm | 5 x 8.25 in', '', '', '', '', '', '', 'aryaputra@tulisan.com', '2017-12-15 20:26:26', 'aryaputra@tulisan.com', '2017-12-26 23:01:09'),
(35, 217, 'PBE1706', 5, 15, 55, 4, '148000', 'Free Size', '12.5 x 21 cm | 5 x 8.25 in', '', '', '', '', '', '', 'aryaputra@tulisan.com', '2017-12-15 20:26:43', 'aryaputra@tulisan.com', '2017-12-26 23:01:30'),
(36, 217, 'PBE1707', 5, 16, 11, 3, '148000', 'Free Size', '12.5 x 21 cm | 5 x 8.25 in', '', '', '', '', '', '', 'aryaputra@tulisan.com', '2017-12-15 20:51:13', 'aryaputra@tulisan.com', '2017-12-26 23:02:42'),
(37, 217, 'PBE1707', 5, 16, 15, 3, '148000', 'Free Size', '12.5 x 21 cm | 5 x 8.25 in', '', '', '', '', '', '', 'aryaputra@tulisan.com', '2017-12-15 20:51:28', 'aryaputra@tulisan.com', '2017-12-26 23:02:58'),
(38, 217, 'PBE1708', 5, 17, 9, 3, '148000', 'Free Size', '12.5 x 21 cm | 5 x 8.25 in', '', '', '', '', '', '', 'aryaputra@tulisan.com', '2017-12-15 20:52:04', 'aryaputra@tulisan.com', '2017-12-26 23:04:08'),
(39, 217, 'PBE1708', 5, 17, 18, 3, '148000', 'Free Size', '12.5 x 21 cm | 5 x 8.25 in', '', '', '', '', '', '', 'aryaputra@tulisan.com', '2017-12-15 20:52:19', 'aryaputra@tulisan.com', '2017-12-26 23:04:25'),
(40, 198, 'HBC1624', 9, 6, 32, 2, '148000', 'Free Size', '10 x 10 cm | 4 x 4 in', '', '', '', '', '', '', 'aryaputra@tulisan.com', '2017-12-15 20:52:57', '', '2017-12-27 00:07:41'),
(41, 198, 'HBC1624', 9, 6, 49, 2, '148000', 'Free Size', '10 x 10 cm | 4 x 4 in', '', '', '', '', '', '', 'aryaputra@tulisan.com', '2017-12-15 20:53:35', '', '2017-12-27 00:08:02'),
(42, 198, 'HBC1625', 9, 7, 53, 2, '148000', 'Free Size', '10 x 10 cm | 4 x 4 in', '', '', '', '', '', '', 'aryaputra@tulisan.com', '2017-12-15 20:54:23', '', '2017-12-27 00:08:59'),
(43, 198, 'HBC1625', 9, 7, 33, 2, '148000', 'Free Size', '10 x 10 cm | 4 x 4 in', '', '', '', '', '', '', 'aryaputra@tulisan.com', '2017-12-15 20:54:38', '', '2017-12-27 00:09:15'),
(44, 198, 'HBC1626', 9, 8, 3, 2, '148000', 'Free Size', '10 x 10 cm | 4 x 4 in', '', '', '', '', '', '', 'aryaputra@tulisan.com', '2017-12-15 20:55:08', '', '2017-12-27 00:10:19'),
(45, 198, 'HBC1626', 9, 8, 58, 2, '148000', 'Free Size', '10 x 10 cm | 4 x 4 in', '', '', '', '', '', '', 'aryaputra@tulisan.com', '2017-12-15 20:55:25', '', '2017-12-27 00:10:35'),
(46, 198, 'HBC1627', 9, 9, 37, 2, '148000', 'Free Size', '10 x 10 cm | 4 x 4 in', '', '', '', '', '', '', 'aryaputra@tulisan.com', '2017-12-15 20:56:00', '', '2017-12-27 00:11:31'),
(47, 198, 'HBC1627', 9, 9, 42, 2, '148000', 'Free Size', '10 x 10 cm | 4 x 4 in', '', '', '', '', '', '', 'aryaputra@tulisan.com', '2017-12-15 20:56:21', '', '2017-12-27 00:11:45'),
(48, 198, 'HBC1706', 5, 15, 56, 2, '148000', 'Free Size', '10 x 10 cm | 4 x 4 in', '', '', '', '', '', '', '', '2017-12-15 22:47:14', '', '2017-12-27 00:36:41'),
(49, 198, 'HBC1706', 5, 15, 55, 2, '148000', 'Free Size', '10 x 10 cm | 4 x 4 in', '', '', '', '', '', '', '', '2017-12-15 22:47:31', '', '2017-12-27 00:36:57'),
(50, 198, 'HBC1707', 5, 16, 11, 4, '148000', 'Free Size', '10 x 10 cm | 4 x 4 in', '', '', '', '', '', '', 'aryaputra@tulisan.com', '2017-12-15 22:56:33', '', '2017-12-27 00:37:53'),
(51, 198, 'HBC1707', 5, 16, 15, 4, '148000', 'Free Size', '10 x 10 cm | 4 x 4 in', '', '', '', '', '', '', 'aryaputra@tulisan.com', '2017-12-15 22:56:47', '', '2017-12-27 00:38:10'),
(52, 198, 'HBC1708', 5, 17, 9, 2, '148000', 'Free Size', '10 x 10 cm | 4 x 4 in', '', '', '', '', '', '', 'aryaputra@tulisan.com', '2017-12-15 22:57:21', '', '2017-12-27 00:38:52'),
(53, 198, 'HBC1708', 5, 17, 18, 2, '148000', 'Free Size', '10 x 10 cm | 4 x 4 in', '', '', '', '', '', '', 'aryaputra@tulisan.com', '2017-12-15 22:57:32', 'aryaputra@tulisan.com', '2017-12-28 03:17:04'),
(54, 207, 'BBF1628', 17, 0, 0, 5, '498000', 'Free Size', '176 x 250 x 17 mm', '', '', '', '', '', '', 'aryaputra@tulisan.com', '2017-12-15 22:58:07', '', '2017-12-27 00:41:01'),
(55, 181, 'HCC1603', 11, 20, 32, 1, '328000', 'Free Size', '29 x 39 cm | 11.5 x 15.5 in', '', '', '', '', '', '', 'aryaputra@tulisan.com', '2017-12-15 22:59:06', '', '2017-12-27 00:44:04'),
(56, 181, 'HCO1603', 11, 20, 3, 1, '328000', 'Free Size', '29 x 39 cm | 11.5 x 15.5 in', '', '', '', '', '', '', 'aryaputra@tulisan.com', '2017-12-15 22:59:27', '', '2017-12-27 00:44:20'),
(57, 181, 'HCO1604', 11, 21, 32, 1, '328000', 'Free Size', '29 x 39 cm | 11.5 x 15.5 in', '', '', '', '', '', '', 'aryaputra@tulisan.com', '2017-12-15 23:00:35', '', '2017-12-27 00:45:09'),
(58, 181, 'HCO1604', 11, 21, 3, 1, '328000', 'Free Size', '29 x 39 cm | 11.5 x 15.5 in', '', '', '', '', '', '', 'aryaputra@tulisan.com', '2017-12-15 23:00:49', '', '2017-12-27 00:45:21'),
(59, 181, 'HCO1605', 11, 25, 19, 5, '328000', 'Free Size', '29 x 39 cm | 11.5 x 15.5 in', '', '', '', '', '', '', 'aryaputra@tulisan.com', '2017-12-15 23:01:20', '', '2017-12-27 00:58:09'),
(60, 181, 'HCO1605', 11, 25, 54, 1, '328000', 'Free Size', '29 x 39 cm | 11.5 x 15.5 in', '', '', '', '', '', '', 'aryaputra@tulisan.com', '2017-12-15 23:01:34', '', '2017-12-27 00:46:44'),
(61, 181, 'HCO1606', 11, 22, 19, 5, '328000', 'Free Size', '29 x 39 cm | 11.5 x 15.5 in', '', '', '', '', '', '', 'aryaputra@tulisan.com', '2017-12-15 23:02:06', '', '2017-12-27 00:58:31'),
(62, 181, 'HCO1606', 11, 22, 54, 1, '328000', 'Free Size', '29 x 39 cm | 11.5 x 15.5 in', '', '', '', '', '', '', 'aryaputra@tulisan.com', '2017-12-15 23:02:20', '', '2017-12-27 00:47:57'),
(63, 181, 'HCO1624', 9, 6, 32, 1, '328000', 'Free Size', '29 x 39 cm | 11.5 x 15.5 in', '', '', '', '', '', '', 'aryaputra@tulisan.com', '2017-12-15 23:03:12', '', '2017-12-27 00:50:33'),
(64, 181, 'HCO1624', 9, 6, 49, 1, '328000', 'Free Size', '29 x 39 cm | 11.5 x 15.5 in', '', '', '', '', '', '', 'aryaputra@tulisan.com', '2017-12-15 23:03:26', '', '2017-12-27 00:50:51'),
(65, 181, 'HCO1625', 9, 7, 53, 1, '328000', 'Free Size', '29 x 39 cm | 11.5 x 15.5 in', '', '', '', '', '', '', 'aryaputra@tulisan.com', '2017-12-15 23:04:03', '', '2017-12-27 00:51:46'),
(66, 181, 'HCO1625', 9, 7, 33, 1, '328000', 'Free Size', '29 x 39 cm | 11.5 x 15.5 in', '', '', '', '', '', '', 'aryaputra@tulisan.com', '2017-12-15 23:04:25', '', '2017-12-27 00:52:01'),
(67, 181, 'HCO1626', 9, 8, 3, 1, '328000', 'Free Size', '29 x 39 cm | 11.5 x 15.5 in', '', '', '', '', '', '', 'aryaputra@tulisan.com', '2017-12-15 23:04:52', '', '2017-12-27 00:53:06'),
(68, 181, 'HCO1626', 9, 8, 58, 1, '328000', 'Free Size', '29 x 39 cm | 11.5 x 15.5 in', '', '', '', '', '', '', 'aryaputra@tulisan.com', '2017-12-15 23:05:07', '', '2017-12-27 00:59:15'),
(69, 181, 'HCO1627', 9, 9, 37, 1, '328000', 'Free Size', '29 x 39 cm | 11.5 x 15.5 in', '', '', '', '', '', '', 'aryaputra@tulisan.com', '2017-12-15 23:05:42', '', '2017-12-27 00:54:40'),
(70, 181, 'HCO1627', 9, 9, 42, 1, '328000', 'Free Size', '29 x 39 cm | 11.5 x 15.5 in', '', '', '', '', '', '', 'aryaputra@tulisan.com', '2017-12-15 23:05:57', '', '2017-12-27 00:54:54'),
(71, 181, 'HCO1705', 5, 14, 31, 1, '328000', 'Free Size', '29 x 39 cm | 11.5 x 15.5 in', '', '', '', '', '', '', 'aryaputra@tulisan.com', '2017-12-15 23:06:57', '', '2017-12-27 00:57:11'),
(72, 181, 'HCO1705', 5, 14, 7, 1, '328000', 'Free Size', '29 x 39 cm | 11.5 x 15.5 in', '', '', '', '', '', '', 'aryaputra@tulisan.com', '2017-12-15 23:07:14', '', '2017-12-27 00:57:28'),
(73, 181, 'HCO1706', 5, 15, 56, 0, '328000', 'Free Size', '29 x 39 cm | 11.5 x 15.5 in', '', '', '', '', '', '', 'aryaputra@tulisan.com', '2017-12-15 23:08:42', '', '2017-12-27 01:01:19'),
(74, 181, 'HCO1706', 5, 15, 55, 2, '328000', 'Free Size', '29 x 39 cm | 11.5 x 15.5 in', '', '', '', '', '', '', 'aryaputra@tulisan.com', '2017-12-15 23:09:01', '', '2017-12-27 01:01:48'),
(75, 181, 'HCO1707', 5, 16, 11, 1, '328000', 'Free Size', '29 x 39 cm | 11.5 x 15.5 in', '', '', '', '', '', '', 'aryaputra@tulisan.com', '2017-12-15 23:09:37', '', '2017-12-27 01:03:05'),
(76, 181, 'HCO1707', 5, 16, 15, 1, '328000', 'Free Size', '29 x 39 cm | 11.5 x 15.5 in', '', '', '', '', '', '', 'aryaputra@tulisan.com', '2017-12-15 23:09:49', '', '2017-12-27 01:03:18'),
(77, 181, 'HCO1708', 5, 17, 9, 2, '328000', 'Free Size', '29 x 39 cm | 11.5 x 15.5 in', '', '', '', '', '', '', 'aryaputra@tulisan.com', '2017-12-15 23:10:21', '', '2017-12-27 01:04:18'),
(78, 181, 'HCO1708', 5, 17, 18, 2, '328000', 'Free Size', '29 x 39 cm | 11.5 x 15.5 in', '', '', '', '', '', '', 'aryaputra@tulisan.com', '2017-12-15 23:10:45', '', '2017-12-27 01:04:42'),
(79, 148, 'CHO1706', 5, 15, 56, 0, '98000', 'Free Size', '11 x 7 cm | 4.25 x 2.75 in', '', '', '', '', '', '', 'aryaputra@tulisan.com', '2017-12-15 23:31:44', '', '2017-12-27 01:06:59'),
(80, 148, 'CHO1706', 5, 15, 55, 3, '98000', 'Free Size', '11 x 7 cm | 4.25 x 2.75 in', '', '', '', '', '', '', 'aryaputra@tulisan.com', '2017-12-15 23:32:00', '', '2017-12-27 01:06:50'),
(81, 149, 'CHO1707', 5, 16, 11, 0, '98000', 'Free Size', '11 x 7 cm | 4.25 x 2.75 in', '', '', '', '', '', '', '', '2017-12-16 20:54:22', '', '2017-12-27 01:07:57'),
(82, 149, 'CHO1707', 5, 16, 15, 1, '98000', 'Free Size', '11 x 7 cm | 4.25 x 2.75 in', '', '', '', '', '', '', '', '2017-12-16 20:54:41', '', '2017-12-27 01:08:15'),
(83, 150, 'CHO1708', 5, 17, 9, 1, '98000', 'Free Size', '11 x 7 cm | 4.25 x 2.75 in', '', '', '', '', '', '', '', '2017-12-16 21:14:12', '', '2017-12-27 01:09:47'),
(84, 150, 'CHO1707', 5, 17, 18, 2, '98000', 'Free Size', '11 x 7 cm | 4.25 x 2.75 in', '', '', '', '', '', '', '', '2017-12-16 21:14:27', '', '2017-12-27 01:10:01'),
(85, 87, 'BCH1705', 5, 14, 31, 2, '1298000', 'Free Size', '36 x 16.5 x 26 cm | 14 x 6.5 x 10.25 in', '', '', '', '', '', '', '', '2017-12-16 21:15:15', '', '2017-12-27 01:11:54'),
(86, 100, 'BCH1706', 5, 15, 56, 2, '1298000', 'Free Size', '36 x 16.5 x 26 cm | 14 x 6.5 x 10.25 in', '', '', '', '', '', '', '', '2017-12-16 21:15:58', '', '2017-12-27 01:13:38'),
(87, 100, 'BCH1706', 5, 15, 55, 2, '1298000', 'Free Size', '36 x 16.5 x 26 cm | 14 x 6.5 x 10.25 in', '', '', '', '', '', '', '', '2017-12-16 21:16:12', '', '2017-12-27 01:13:55'),
(88, 101, 'BCH1707', 5, 16, 11, 2, '1298000', 'Free Size', '36 x 16.5 x 26 cm | 14 x 6.5 x 10.25 in', '', '', '', '', '', '', '', '2017-12-16 21:16:42', '', '2017-12-27 01:15:33'),
(89, 101, 'BCH1707', 5, 16, 15, 2, '1298000', 'Free Size', '36 x 16.5 x 26 cm | 14 x 6.5 x 10.25 in', '', '', '', '', '', '', '', '2017-12-16 21:16:58', '', '2017-12-27 01:15:52'),
(90, 102, 'BCH1708', 5, 17, 9, 1, '1298000', 'Free Size', '36 x 16.5 x 26 cm | 14 x 6.5 x 10.25 in', '', '', '', '', '', '', '', '2017-12-16 21:17:26', '', '2017-12-27 01:17:28'),
(91, 102, 'BCH1708', 5, 17, 18, 2, '1298000', 'Free Size', '36 x 16.5 x 26 cm | 14 x 6.5 x 10.25 in', '', '', '', '', '', '', '', '2017-12-16 21:17:43', '', '2017-12-27 01:17:57'),
(92, 228, 'HAP1622', 9, 4, 55, 1, '468000', 'Free Size', '73 x 81 cm | 28.75 x 32 in', '', '', '', '', '', '', '', '2017-12-16 21:19:18', '', '2017-12-27 01:19:56'),
(93, 228, 'HAP1622', 9, 4, 3, 1, '468000', 'Free Size', '73 x 81 cm | 28.75 x 32 in', '', '', '', '', '', '', '', '2017-12-16 21:19:31', '', '2017-12-27 01:20:12'),
(94, 229, 'HAP1623', 9, 5, 21, 0, '468000', 'Free Size', '73 x 81 cm | 28.75 x 32 in', '', '', '', '', '', '', '', '2017-12-16 21:28:51', '', '2017-12-27 01:21:09'),
(95, 229, 'HAP1623', 9, 5, 52, 1, '468000', 'Free Size', '73 x 81 cm | 28.75 x 32 in', '', '', '', '', '', '', '', '2017-12-16 21:29:06', '', '2017-12-27 01:21:23'),
(96, 230, 'HAP1701', 5, 10, 31, 1, '468000', 'Free Size', '73 x 81 cm | 28.75 x 32 in', '', '', '', '', '', '', '', '2017-12-16 22:12:51', '', '2017-12-27 01:32:28'),
(97, 231, 'HAP1702', 5, 11, 7, 1, '468000', 'Free Size', '73 x 81 cm | 28.75 x 32 in', '', '', '', '', '', '', '', '2017-12-16 22:15:13', '', '2017-12-27 01:33:39'),
(98, 232, 'HAP1703', 5, 12, 46, 0, '468000', 'Free Size', '73 x 81 cm | 28.75 x 32 in', '', '', '', '', '', '', '', '2017-12-16 22:19:06', '', '2017-12-27 01:35:01'),
(99, 233, 'HAP1704', 5, 13, 9, 2, '468000', 'Free Size', '73 x 81 cm | 28.75 x 32 in', '', '', '', '', '', '', '', '2017-12-16 22:20:45', '', '2017-12-27 01:36:14'),
(100, 136, 'CUB1624', 9, 6, 32, 3, '268000', 'Medium', '25x13.5x13.5cm | 10x5.5x5.5in', '', '', '', '', '', '', '', '2017-12-16 22:22:00', '', '2017-12-27 01:38:06'),
(101, 136, 'CUB1624', 9, 6, 32, 0, '188000', 'Small', '14 x 10 x 10 cm | 5.5 x 4 x 4 in', '', '', '', '', '', '', '', '2017-12-16 22:22:22', '', '2017-12-27 01:38:54'),
(102, 136, 'CUB1624', 9, 6, 49, 5, '268000', 'Medium', '25x13.5x13.5cm | 10x5.5x5.5in', '', '', '', '', '', '', '', '2017-12-16 22:22:46', '', '2017-12-27 01:39:30'),
(103, 136, 'CUB1624', 9, 6, 49, 0, '188000', 'Small', '14 x 10 x 10 cm | 5.5 x 4 x 4 in', '', '', '', '', '', '', '', '2017-12-16 22:23:07', '', '2017-12-27 01:40:09'),
(104, 137, 'CUB1625', 9, 7, 53, 5, '268000', 'Medium', '25x13.5x13.5cm | 10x5.5x5.5in', '', '', '', '', '', '', '', '2017-12-16 22:23:57', '', '2017-12-27 01:41:09'),
(105, 137, 'CUB1625', 9, 7, 53, 5, '188000', 'Small', '14 x 10 x 10 cm | 5.5 x 4 x 4 in', '', '', '', '', '', '', '', '2017-12-16 22:24:10', '', '2017-12-27 01:41:42'),
(106, 137, 'CUB1625', 9, 7, 33, 4, '268000', 'Medium', '25x13.5x13.5cm | 10x5.5x5.5in', '', '', '', '', '', '', '', '2017-12-16 22:24:25', '', '2017-12-27 01:42:17'),
(107, 137, 'CUB1625', 9, 7, 33, 3, '188000', 'Small', '14 x 10 x 10 cm | 5.5 x 4 x 4 in', '', '', '', '', '', '', '', '2017-12-16 22:24:39', '', '2017-12-27 01:42:54'),
(108, 138, 'CUB1626', 9, 8, 3, 5, '268000', 'Medium', '25x13.5x13.5cm | 10x5.5x5.5in', '', '', '', '', '', '', '', '2017-12-16 22:25:19', '', '2017-12-27 01:44:24'),
(109, 138, 'CUB1626', 9, 8, 3, 0, '188000', 'Small', '14 x 10 x 10 cm | 5.5 x 4 x 4 in', '', '', '', '', '', '', '', '2017-12-16 22:25:37', '', '2017-12-27 01:45:03'),
(110, 138, 'CUB1626', 9, 8, 58, 4, '268000', 'Medium', '25x13.5x13.5cm | 10x5.5x5.5in', '', '', '', '', '', '', '', '2017-12-16 22:25:50', '', '2017-12-27 01:45:34'),
(111, 138, 'CUB1626', 9, 8, 58, 5, '188000', 'Small', '14 x 10 x 10 cm | 5.5 x 4 x 4 in', '', '', '', '', '', '', '', '2017-12-16 22:26:02', '', '2017-12-27 01:46:16'),
(112, 139, 'CUB1627', 9, 9, 37, 5, '268000', 'Medium', '25x13.5x13.5cm | 10x5.5x5.5in', '', '', '', '', '', '', '', '2017-12-16 22:26:33', '', '2017-12-27 01:47:58'),
(113, 139, 'CUB1627', 9, 9, 37, 0, '188000', 'Small', '14 x 10 x 10 cm | 5.5 x 4 x 4 in', '', '', '', '', '', '', '', '2017-12-16 22:26:48', '', '2017-12-27 01:48:51'),
(114, 139, 'CUB1627', 9, 9, 42, 5, '268000', 'Medium', '25x13.5x13.5cm | 10x5.5x5.5in', '', '', '', '', '', '', '', '2017-12-16 22:27:01', '', '2017-12-27 01:48:22'),
(115, 139, 'CUB1627', 9, 9, 42, 0, '188000', 'Small', '14 x 10 x 10 cm | 5.5 x 4 x 4 in', '', '', '', '', '', '', '', '2017-12-16 22:27:17', '', '2017-12-27 01:49:08'),
(116, 140, 'CUB1705', 5, 14, 31, 0, '268000', 'Medium', '25x13.5x13.5cm | 10x5.5x5.5in', '', '', '', '', '', '', '', '2017-12-16 22:34:52', '', '2017-12-27 01:50:38'),
(117, 140, 'CUB1705', 5, 14, 31, 0, '188000', 'Small', '14 x 10 x 10 cm | 5.5 x 4 x 4 in', '', '', '', '', '', '', '', '2017-12-16 22:35:17', '', '2017-12-27 01:51:13'),
(118, 140, 'CUB1705', 5, 14, 7, 0, '268000', 'Medium', '25x13.5x13.5cm | 10x5.5x5.5in', '', '', '', '', '', '', '', '2017-12-16 22:35:34', '', '2017-12-27 01:52:53'),
(119, 140, 'CUB1705', 5, 14, 7, 0, '188000', 'Small', '14 x 10 x 10 cm | 5.5 x 4 x 4 in', '', '', '', '', '', '', '', '2017-12-16 22:35:51', '', '2017-12-27 01:51:32'),
(120, 141, 'CUB1706', 5, 15, 56, 4, '268000', 'Medium', '25x13.5x13.5cm | 10x5.5x5.5in', '', '', '', '', '', '', '', '2017-12-16 22:36:36', '', '2017-12-27 01:54:34'),
(121, 141, 'CUB1706', 5, 15, 56, 3, '188000', 'Small', '14 x 10 x 10 cm | 5.5 x 4 x 4 in', '', '', '', '', '', '', '', '2017-12-16 22:36:48', '', '2017-12-27 01:55:29'),
(122, 141, 'CUB1706', 5, 15, 55, 4, '268000', 'Medium', '25x13.5x13.5cm | 10x5.5x5.5in', '', '', '', '', '', '', '', '2017-12-16 22:37:01', '', '2017-12-27 01:54:49'),
(123, 141, 'CUB1706', 5, 15, 55, 4, '188000', 'Small', '14 x 10 x 10 cm | 5.5 x 4 x 4 in', '', '', '', '', '', '', '', '2017-12-16 22:37:13', '', '2017-12-27 01:55:52'),
(124, 142, 'CUB1707', 5, 16, 11, 4, '268000', 'Medium', '25x13.5x13.5cm | 10x5.5x5.5in', '', '', '', '', '', '', '', '2017-12-16 22:37:40', '', '2017-12-27 01:57:11'),
(125, 142, 'CUB1707', 5, 16, 11, 0, '188000', 'Small', '14 x 10 x 10 cm | 5.5 x 4 x 4 in', '', '', '', '', '', '', '', '2017-12-16 22:37:49', '', '2017-12-27 01:58:49'),
(126, 142, 'CUB1707', 5, 16, 15, 3, '268000', 'Medium', '25x13.5x13.5cm | 10x5.5x5.5in', '', '', '', '', '', '', '', '2017-12-16 22:38:02', '', '2017-12-27 01:57:35'),
(127, 142, 'CUB1707', 5, 16, 15, 3, '188000', 'Small', '14 x 10 x 10 cm | 5.5 x 4 x 4 in', '', '', '', '', '', '', '', '2017-12-16 22:38:17', '', '2017-12-27 01:58:22'),
(128, 143, 'CUB1708', 5, 17, 9, 4, '268000', 'Medium', '25x13.5x13.5cm | 10x5.5x5.5in', '', '', '', '', '', '', '', '2017-12-16 22:38:41', '', '2017-12-27 02:00:51'),
(129, 143, 'CUB1708', 5, 17, 9, 3, '188000', 'Small', '14 x 10 x 10 cm | 5.5 x 4 x 4 in', '', '', '', '', '', '', '', '2017-12-16 22:38:52', '', '2017-12-27 02:01:42'),
(130, 143, 'CUB1708', 5, 17, 18, 4, '268000', 'Medium', '25x13.5x13.5cm | 10x5.5x5.5in', '', '', '', '', '', '', '', '2017-12-16 22:39:04', '', '2017-12-27 02:01:06'),
(131, 143, 'CUB1708', 5, 17, 18, 4, '188000', 'Small', '14 x 10 x 10 cm | 5.5 x 4 x 4 in', '', '', '', '', '', '', '', '2017-12-16 22:39:16', '', '2017-12-27 02:02:08'),
(132, 234, 'HCC1603', 11, 20, 3, 3, '398000', 'Free Size', '71 x 71 cm | 28 x 28 in 65x65cm | 25.5x25.5in( tsi', '', '', '', '', '', '', '', '2017-12-16 22:40:06', 'admin@tulisan.com', '2017-12-27 02:49:39'),
(133, 234, 'HCC1603', 11, 20, 32, 1, '398000', 'Free Size', '71 x 71 cm | 28 x 28 in 65x65cm | 25.5x25.5in( tsi', '', '', '', '', '', '', '', '2017-12-16 22:40:24', 'admin@tulisan.com', '2017-12-27 02:49:46'),
(134, 234, 'HCC1604', 11, 21, 3, 3, '398000', 'Free Size', '71 x 71 cm | 28 x 28 in 65x65cm | 25.5x25.5in( tsi', '', '', '', '', '', '', '', '2017-12-16 22:40:57', 'admin@tulisan.com', '2017-12-27 02:57:00'),
(135, 234, 'HCC1604', 11, 21, 32, 1, '398000', 'Free Size', '71 x 71 cm | 28 x 28 in 65x65cm | 25.5x25.5in( tsi', '', '', '', '', '', '', '', '2017-12-16 22:41:13', 'admin@tulisan.com', '2017-12-27 02:57:28'),
(136, 234, 'HCC1605', 11, 25, 19, 1, '398000', 'Free Size', '71 x 71 cm | 28 x 28 in 65x65cm | 25.5x25.5in( tsi', '', '', '', '', '', '', '', '2017-12-16 22:41:43', 'admin@tulisan.com', '2017-12-27 02:59:29'),
(137, 234, 'HCC1605', 11, 25, 54, 1, '398000', 'Free Size', '71 x 71 cm | 28 x 28 in 65x65cm | 25.5x25.5in( tsi', '', '', '', '', '', '', '', '2017-12-16 22:41:55', 'admin@tulisan.com', '2017-12-27 02:59:43'),
(138, 234, 'HCC1606', 11, 22, 19, 1, '398000', 'Free Size', '71 x 71 cm | 28 x 28 in 65x65cm | 25.5x25.5in( tsi', '', '', '', '', '', '', '', '2017-12-16 22:42:34', 'admin@tulisan.com', '2017-12-27 03:00:48'),
(139, 234, 'HCC1606', 11, 22, 54, 1, '398000', 'Free Size', '71 x 71 cm | 28 x 28 in 65x65cm | 25.5x25.5in( tsi', '', '', '', '', '', '', '', '2017-12-16 22:42:52', 'admin@tulisan.com', '2017-12-27 03:01:02'),
(140, 234, 'HCC1622', 9, 4, 55, 2, '528000', 'Free Size', '48 x 48 cm | 19 x 19 in', '', '', '', '', '', '', '', '2017-12-16 22:55:18', 'admin@tulisan.com', '2017-12-27 03:11:14'),
(141, 234, 'HCC1622', 9, 4, 3, 0, '528000', 'Free Size', '48 x 48 cm | 19 x 19 in', '', '', '', '', '', '', '', '2017-12-16 22:55:32', 'admin@tulisan.com', '2017-12-27 03:04:50'),
(142, 234, 'HCC1623', 9, 5, 21, 2, '528000', 'Free Size', '48 x 48 cm | 19 x 19 in', '', '', '', '', '', '', '', '2017-12-16 22:56:11', 'admin@tulisan.com', '2017-12-27 03:09:50'),
(143, 234, 'HCC1623', 9, 5, 52, 0, '528000', 'Free Size', '48 x 48 cm | 19 x 19 in', '', '', '', '', '', '', '', '2017-12-16 22:56:29', 'admin@tulisan.com', '2017-12-27 03:07:17'),
(144, 234, 'HCC1626', 9, 8, 3, 0, '398000', 'Free Size', '71 x 71 cm | 28 x 28 in 65x65cm | 25.5x25.5in( tsi', '', '', '', '', '', '', '', '2017-12-16 22:58:00', 'admin@tulisan.com', '2017-12-27 03:18:50'),
(145, 234, 'HCC1626', 9, 8, 58, 3, '398000', 'Free Size', '71 x 71 cm | 28 x 28 in 65x65cm | 25.5x25.5in( tsi', '', '', '', '', '', '', '', '2017-12-16 22:58:17', 'admin@tulisan.com', '2017-12-27 03:19:06'),
(146, 234, 'HCC1627', 9, 9, 37, 0, '398000', 'Free Size', '71 x 71 cm | 28 x 28 in 65x65cm | 25.5x25.5in( tsi', '', '', '', '', '', '', '', '2017-12-16 22:58:59', 'admin@tulisan.com', '2017-12-27 03:20:27'),
(147, 234, 'HCC1627', 9, 9, 42, 3, '398000', 'Free Size', '71 x 71 cm | 28 x 28 in 65x65cm | 25.5x25.5in( tsi', '', '', '', '', '', '', '', '2017-12-16 22:59:11', 'admin@tulisan.com', '2017-12-27 03:20:40'),
(148, 234, 'HCC1701', 5, 10, 31, 2, '528000', 'Free Size', '48 x 48 cm | 19 x 19 in', '', '', '', '', '', '', '', '2017-12-16 23:00:01', 'admin@tulisan.com', '2017-12-27 04:04:24'),
(149, 234, 'HCC1702', 5, 11, 7, 2, '528000', 'Free Size', '48 x 48 cm | 19 x 19 in', '', '', '', '', '', '', '', '2017-12-16 23:00:24', 'admin@tulisan.com', '2017-12-27 04:06:43'),
(150, 234, 'HCC1703', 5, 12, 46, 2, '528000', 'Free Size', '48 x 48 cm | 19 x 19 in', '', '', '', '', '', '', '', '2017-12-16 23:00:56', 'admin@tulisan.com', '2017-12-27 04:06:12'),
(151, 234, 'HCC1704', 5, 13, 9, 2, '528000', 'Free Size', '48 x 48 cm | 19 x 19 in', '', '', '', '', '', '', '', '2017-12-16 23:01:21', 'admin@tulisan.com', '2017-12-27 04:08:04'),
(152, 234, 'HCC1705', 5, 14, 31, 2, '398000', 'Free Size', '71 x 71 cm | 28 x 28 in 65x65cm | 25.5x25.5in( tsi', '', '', '', '', '', '', '', '2017-12-16 23:01:47', 'admin@tulisan.com', '2017-12-27 04:09:14'),
(153, 234, 'HCC1705', 5, 14, 7, 2, '398000', 'Free Size', '71 x 71 cm | 28 x 28 in 65x65cm | 25.5x25.5in( tsi', '', '', '', '', '', '', '', '2017-12-16 23:01:58', 'admin@tulisan.com', '2017-12-27 04:09:41'),
(154, 234, 'HCC1706', 5, 15, 56, 2, '398000', 'Free Size', '71 x 71 cm | 28 x 28 in 65x65cm | 25.5x25.5in( tsi', '', '', '', '', '', '', '', '2017-12-16 23:03:50', 'admin@tulisan.com', '2017-12-27 04:11:02'),
(155, 234, 'HCC1706', 5, 15, 55, 1, '398000', 'Free Size', '71 x 71 cm | 28 x 28 in 65x65cm | 25.5x25.5in( tsi', '', '', '', '', '', '', '', '2017-12-16 23:04:03', 'admin@tulisan.com', '2017-12-27 04:11:20'),
(156, 248, 'HCC1707', 5, 16, 11, 2, '398000', 'Free Size', '71 x 71 cm | 28 x 28 in 65x65cm | 25.5x25.5in( tsi', '', '', '', '', '', '', '', '2017-12-16 23:04:46', 'admin@tulisan.com', '2017-12-27 04:12:11'),
(157, 248, 'HCC1707', 5, 16, 15, 2, '398000', 'Free Size', '71 x 71 cm | 28 x 28 in 65x65cm | 25.5x25.5in( tsi', '', '', '', '', '', '', '', '2017-12-16 23:04:58', 'admin@tulisan.com', '2017-12-27 04:12:27'),
(158, 249, 'HCC1708', 5, 17, 9, 1, '398000', 'Free Size', '71 x 71 cm | 28 x 28 in 65x65cm | 25.5x25.5in( tsi', '', '', '', '', '', '', '', '2017-12-16 23:05:25', 'admin@tulisan.com', '2017-12-27 04:13:26'),
(159, 249, 'HCC1708', 5, 17, 18, 2, '398000', 'Free Size', '71 x 71 cm | 28 x 28 in 65x65cm | 25.5x25.5in( tsi', '', '', '', '', '', '', '', '2017-12-16 23:05:54', 'admin@tulisan.com', '2017-12-27 04:13:41'),
(160, 250, 'HCC1511', 17, 26, 26, 2, '522000', 'Free Size', '48 x 48 cm | 19 x 19 in', '', '', '', '', '', '', '', '2017-12-16 23:07:18', 'admin@tulisan.com', '2017-12-27 04:14:56'),
(161, 250, 'HCC1511', 17, 26, 56, 2, '522000', 'Free Size', '48 x 48 cm | 19 x 19 in', '', '', '', '', '', '', '', '2017-12-16 23:08:04', 'admin@tulisan.com', '2017-12-27 04:15:23'),
(162, 210, 'LDA06012', 12, 0, 0, 10, '86000', 'Free Size', '9 cm (diameter)', 'products_162_1.jpg', 'products_162_2.jpg', '', '', '', '', '', '2017-12-16 23:09:05', 'admin@tulisan.com', '2017-12-27 04:17:22'),
(163, 213, 'GIF1101', 0, 0, 0, 5, '98000', 'Free Size', '13.3 x 9.5 cm', 'products_163_1.jpg', 'products_163_2.jpg', 'products_163_3.jpg', 'products_163_4.jpg', 'products_163_5.jpg', 'products_163_6.jpg', '', '2017-12-16 23:09:44', 'admin@tulisan.com', '2017-12-27 04:18:57'),
(164, 214, 'AEW1607', 0, 0, 33, 2, '1500000', 'Free Size', '', '', '', '', '', '', '', '', '2017-12-16 23:10:37', 'admin@tulisan.com', '2017-12-27 04:20:04'),
(165, 215, 'AEW1608', 0, 0, 10, 2, '1500000', 'Free Size', '', '', '', '', '', '', '', '', '2017-12-16 23:11:07', 'admin@tulisan.com', '2017-12-27 04:21:05'),
(166, 216, 'AEW1609', 0, 0, 19, 2, '1500000', 'Free Size', '', '', '', '', '', '', '', '', '2017-12-16 23:11:33', 'admin@tulisan.com', '2017-12-27 04:21:59'),
(167, 285, '', 0, 0, 7, 0, '488,000', 'NULL', '', '', '', '', '', '', '', '', '2017-12-16 23:15:18', NULL, NULL),
(168, 286, '', 0, 0, 0, 0, '488,000', 'NULL', '', '', '', '', '', '', '', '', '2017-12-16 23:16:53', NULL, NULL),
(169, 157, 'HNL1603', 11, 20, 3, 2, '348000', 'Free Size', '40 x 40 cm | 15.75 x 15.75 in', '', '', '', '', '', '', '', '2017-12-16 23:18:07', 'admin@tulisan.com', '2017-12-27 04:24:20'),
(170, 157, 'HNL1603', 11, 20, 32, 2, '348000', 'Free Size', '40 x 40 cm | 15.75 x 15.75 in', '', '', '', '', '', '', '', '2017-12-16 23:18:21', 'admin@tulisan.com', '2017-12-27 04:24:42'),
(171, 158, 'HNL1604', 11, 21, 3, 2, '348000', 'Free Size', '40 x 40 cm | 15.75 x 15.75 in', '', '', '', '', '', '', '', '2017-12-16 23:19:34', 'admin@tulisan.com', '2017-12-27 04:25:27'),
(172, 158, 'HNL1604', 11, 21, 32, 2, '348000', 'Free Size', '40 x 40 cm | 15.75 x 15.75 in', '', '', '', '', '', '', '', '2017-12-16 23:19:47', 'admin@tulisan.com', '2017-12-27 04:25:40'),
(173, 159, 'HNL1605', 11, 25, 19, 1, '348000', 'Free Size', '40 x 40 cm | 15.75 x 15.75 in', '', '', '', '', '', '', '', '2017-12-16 23:20:18', 'admin@tulisan.com', '2017-12-27 04:26:46'),
(174, 159, 'HNL1605', 11, 25, 54, 1, '348000', 'Free Size', '40 x 40 cm | 15.75 x 15.75 in', '', '', '', '', '', '', '', '2017-12-16 23:20:37', 'admin@tulisan.com', '2017-12-27 04:27:00'),
(175, 160, 'HNL1606', 11, 22, 19, 1, '348000', 'Free Size', '40 x 40 cm | 15.75 x 15.75 in', '', '', '', '', '', '', '', '2017-12-16 23:21:08', 'admin@tulisan.com', '2017-12-27 04:28:17'),
(176, 160, 'HNL1606', 11, 22, 54, 1, '348000', 'Free Size', '40 x 40 cm | 15.75 x 15.75 in', '', '', '', '', '', '', '', '2017-12-16 23:21:18', 'admin@tulisan.com', '2017-12-27 04:28:29'),
(177, 161, 'HNL1624', 9, 6, 32, 1, '348000', 'Free Size', '40 x 40 cm | 15.75 x 15.75 in', '', '', '', '', '', '', '', '2017-12-16 23:22:09', 'admin@tulisan.com', '2017-12-27 04:29:38'),
(178, 161, 'HNL1624', 9, 6, 49, 1, '348000', 'Free Size', '40 x 40 cm | 15.75 x 15.75 in', '', '', '', '', '', '', '', '2017-12-16 23:22:20', 'admin@tulisan.com', '2017-12-27 04:29:52'),
(179, 162, 'HNL1625', 9, 7, 53, 1, '348000', 'Free Size', '40 x 40 cm | 15.75 x 15.75 in', '', '', '', '', '', '', '', '2017-12-16 23:22:59', 'admin@tulisan.com', '2017-12-27 04:31:00'),
(180, 162, 'HNL1625', 9, 7, 33, 1, '348000', 'Free Size', '40 x 40 cm | 15.75 x 15.75 in', '', '', '', '', '', '', '', '2017-12-16 23:23:11', 'admin@tulisan.com', '2017-12-27 04:31:19'),
(181, 163, 'HNL1626', 9, 8, 3, 1, '348000', 'Free Size', '40 x 40 cm | 15.75 x 15.75 in', '', '', '', '', '', '', '', '2017-12-16 23:23:39', 'admin@tulisan.com', '2017-12-27 04:32:18'),
(182, 163, 'HNL1626', 9, 8, 58, 3, '348000', 'Free Size', '40 x 40 cm | 15.75 x 15.75 in', '', '', '', '', '', '', '', '2017-12-16 23:25:09', 'admin@tulisan.com', '2017-12-27 04:35:42'),
(183, 164, 'HNL1627', 9, 9, 37, 1, '348000', 'Free Size', '40 x 40 cm | 15.75 x 15.75 in', '', '', '', '', '', '', '', '2017-12-16 23:26:08', 'admin@tulisan.com', '2017-12-27 04:33:47'),
(184, 164, 'HNL1627', 9, 9, 42, 3, '348000', 'Free Size', '40 x 40 cm | 15.75 x 15.75 in', '', '', '', '', '', '', '', '2017-12-16 23:26:20', 'admin@tulisan.com', '2017-12-27 04:36:23'),
(185, 165, 'HNL1705', 5, 14, 31, 2, '348000', 'Free Size', '40 x 40 cm | 15.75 x 15.75 in', '', '', '', '', '', '', '', '2017-12-16 23:27:38', 'admin@tulisan.com', '2017-12-27 04:37:03'),
(186, 165, 'HNL1705', 5, 14, 7, 2, '348000', 'Free Size', '40 x 40 cm | 15.75 x 15.75 in', '', '', '', '', '', '', '', '2017-12-16 23:27:49', 'admin@tulisan.com', '2017-12-27 04:37:16'),
(187, 166, 'HNL1706', 5, 15, 56, 2, '348000', 'Free Size', '40 x 40 cm | 15.75 x 15.75 in', '', '', '', '', '', '', '', '2017-12-16 23:28:37', 'admin@tulisan.com', '2017-12-27 04:38:08'),
(188, 166, 'HNL1706', 5, 15, 55, 2, '348000', 'Free Size', '40 x 40 cm | 15.75 x 15.75 in', '', '', '', '', '', '', '', '2017-12-16 23:28:52', 'admin@tulisan.com', '2017-12-27 04:38:21'),
(189, 167, 'HNL1707', 5, 16, 11, 2, '348000', 'Free Size', '40 x 40 cm | 15.75 x 15.75 in', '', '', '', '', '', '', '', '2017-12-16 23:29:18', 'aryaputra@tulisan.com', '2017-12-27 04:39:36'),
(190, 167, 'HNL1707', 5, 16, 15, 1, '348000', 'Free Size', '40 x 40 cm | 15.75 x 15.75 in', '', '', '', '', '', '', '', '2017-12-16 23:29:28', 'aryaputra@tulisan.com', '2017-12-27 04:39:55'),
(191, 168, 'HNL1708', 5, 17, 9, 2, '348000', 'Free Size', '40 x 40 cm | 15.75 x 15.75 in', '', '', '', '', '', '', '', '2017-12-16 23:29:48', 'aryaputra@tulisan.com', '2017-12-27 04:41:47'),
(192, 168, 'HNL1708', 5, 17, 18, 2, '348000', 'Free Size', '40 x 40 cm | 15.75 x 15.75 in', '', '', '', '', '', '', '', '2017-12-16 23:30:01', 'aryaputra@tulisan.com', '2017-12-27 04:42:00'),
(193, 299, '', 0, 0, 31, 0, '348,000', 'NULL', '', '', '', '', '', '', '', '', '2017-12-16 23:31:10', NULL, NULL),
(194, 299, '', 0, 0, 7, 0, '348,000', 'NULL', '', '', '', '', '', '', '', '', '2017-12-16 23:31:29', NULL, NULL),
(195, 103, '', 5, 15, 56, 0, '1398000', 'NULL', '', '', '', '', '', '', '', '', '2017-12-16 23:32:05', 'aryaputra@tulisan.com', '2017-12-19 22:42:48'),
(196, 103, '', 5, 15, 55, 0, '1398000', 'NULL', '', '', '', '', '', '', '', '', '2017-12-16 23:32:20', 'aryaputra@tulisan.com', '2017-12-19 22:42:58'),
(197, 287, '', 0, 0, 11, 0, '398,000', 'NULL', '', '', '', '', '', '', '', '', '2017-12-16 23:33:59', NULL, NULL),
(198, 287, '', 0, 0, 33, 0, '398,000', 'NULL', '', '', '', '', '', '', '', '', '2017-12-16 23:34:24', NULL, NULL),
(199, 287, '', 0, 0, 35, 0, '398,000', 'NULL', '', '', '', '', '', '', '', '', '2017-12-16 23:34:37', NULL, NULL),
(200, 104, '', 5, 17, 9, 0, '1398000', 'NULL', '', '', '', '', '', '', '', '', '2017-12-16 23:35:19', 'aryaputra@tulisan.com', '2017-12-19 22:58:16'),
(201, 104, '', 5, 17, 18, 0, '1398000', 'NULL', '', '', '', '', '', '', '', '', '2017-12-16 23:35:31', 'aryaputra@tulisan.com', '2017-12-19 22:58:26'),
(202, 105, '', 5, 15, 56, 0, '1398000', 'NULL', '', '', '', '', '', '', '', '', '2017-12-16 23:35:57', 'aryaputra@tulisan.com', '2017-12-19 22:59:07'),
(203, 105, '', 5, 15, 55, 0, '1398000', 'NULL', '', '', '', '', '', '', '', '', '2017-12-16 23:36:12', 'aryaputra@tulisan.com', '2017-12-19 22:59:49'),
(204, 211, '', 12, 0, 0, 0, '120,000', 'NULL', '', '', '', '', '', '', '', '', '2017-12-16 23:37:03', NULL, NULL),
(205, 107, 'BMU1705', 5, 14, 31, 1, '848000', 'Free Size', '42 x 11.5 x 33 cm | 16.5 x 4.5 x 13 in', 'products_205_1.jpg', 'products_205_2.jpg', 'products_205_3.jpg', '', 'products_205_5.jpg', 'products_205_6.jpg', '', '2017-12-16 23:37:49', 'aryaputra@tulisan.com', '2017-12-28 03:20:01'),
(206, 107, 'BMU1705', 5, 14, 7, 1, '848000', 'Free Size', '42 x 11.5 x 33 cm | 16.5 x 4.5 x 13 in', 'products_206_1.jpg', 'products_206_2.jpg', 'products_206_3.jpg', '', 'products_206_5.jpg', 'products_206_6.jpg', '', '2017-12-16 23:38:07', 'aryaputra@tulisan.com', '2017-12-28 03:21:03'),
(207, 107, '', 5, 15, 56, 0, '848000', 'NULL', '', '', '', '', '', '', '', '', '2017-12-16 23:38:42', 'aryaputra@tulisan.com', '2017-12-19 23:02:20'),
(208, 107, '', 5, 15, 55, 0, '848000', 'NULL', '', '', '', '', '', '', '', '', '2017-12-16 23:39:18', 'aryaputra@tulisan.com', '2017-12-19 23:02:27'),
(209, 107, '', 5, 17, 9, 0, '848000', 'NULL', '', '', '', '', '', '', '', '', '2017-12-16 23:47:35', 'aryaputra@tulisan.com', '2017-12-19 23:04:26'),
(210, 107, '', 5, 17, 18, 0, '848000', 'NULL', '', '', '', '', '', '', '', '', '2017-12-16 23:47:48', 'aryaputra@tulisan.com', '2017-12-19 23:04:33'),
(211, 144, 'COL1626', 9, 8, 3, 0, '598000', 'Free Size', '21 x 12 cm | 8.25 x 4.75 in', '', '', '', '', '', '', '', '2017-12-16 23:49:40', 'aryaputra@tulisan.com', '2017-12-27 21:12:24'),
(212, 144, 'COL1626', 9, 8, 58, 4, '598000', 'Free Size', '21 x 12 cm | 8.25 x 4.75 in', '', '', '', '', '', '', '', '2017-12-16 23:49:52', 'aryaputra@tulisan.com', '2017-12-27 21:12:04'),
(213, 145, 'COL1706', 5, 15, 56, 4, '598000', 'Free Size', '21 x 12 cm | 8.25 x 4.75 in', '', '', '', '', '', '', '', '2017-12-16 23:51:13', 'aryaputra@tulisan.com', '2017-12-27 21:13:52'),
(214, 145, 'COL1706', 5, 15, 55, 4, '598000', 'Free Size', '21 x 12 cm | 8.25 x 4.75 in', '', '', '', '', '', '', '', '2017-12-16 23:51:22', 'aryaputra@tulisan.com', '2017-12-27 21:14:16'),
(215, 146, 'COL1707', 5, 16, 11, 2, '598000', 'Free Size', '21 x 12 cm | 8.25 x 4.75 in', '', '', '', '', '', '', '', '2017-12-16 23:52:12', 'aryaputra@tulisan.com', '2017-12-27 21:15:49'),
(216, 146, 'COL1707', 5, 16, 15, 0, '598000', 'Free Size', '21 x 12 cm | 8.25 x 4.75 in', '', '', '', '', '', '', '', '2017-12-16 23:52:28', 'aryaputra@tulisan.com', '2017-12-27 21:16:32'),
(217, 147, 'COL1708', 5, 17, 9, 3, '598000', 'Free Size', '21 x 12 cm | 8.25 x 4.75 in', '', '', '', '', '', '', '', '2017-12-16 23:52:55', 'aryaputra@tulisan.com', '2017-12-27 21:18:16'),
(218, 147, 'COL1708', 5, 17, 18, 3, '598000', 'Free Size', '21 x 12 cm | 8.25 x 4.75 in', '', '', '', '', '', '', '', '2017-12-16 23:53:06', 'aryaputra@tulisan.com', '2017-12-27 21:18:34'),
(219, 128, 'ORG1624', 9, 6, 32, 0, '268000', 'Large', '(L) 25x10x21.5cm | 10x4x8.5in', '', '', '', '', '', '', '', '2017-12-16 23:53:40', 'aryaputra@tulisan.com', '2017-12-28 01:13:15'),
(220, 128, 'ORG1624', 9, 6, 32, 0, '188000', 'Medium', '(M) 17x8x12.5cm | 6.75x3x5in', '', '', '', '', '', '', '', '2017-12-16 23:54:15', 'aryaputra@tulisan.com', '2017-12-28 01:17:17'),
(221, 128, 'ORG1624', 9, 6, 32, 2, '168000', 'Small', '(S) 14x6x13cm | 5.5x2.25x5in', '', '', '', '', '', '', '', '2017-12-16 23:54:53', 'aryaputra@tulisan.com', '2017-12-28 01:17:57'),
(222, 128, 'ORG1624', 9, 6, 32, 0, '148000', 'Petite', '(P) 15 x 5 x 9.5 cm | 6 x 2 x 3.75 in', '', '', '', '', '', '', '', '2017-12-16 23:56:14', 'aryaputra@tulisan.com', '2017-12-28 01:18:49'),
(223, 128, 'ORG1624', 9, 6, 49, 9, '268000', 'Large', '(L) 25x10x21.5cm | 10x4x8.5in', '', '', '', '', '', '', '', '2017-12-16 23:56:35', 'aryaputra@tulisan.com', '2017-12-28 01:14:26'),
(224, 128, 'ORG1624', 9, 6, 49, 0, '188000', 'Medium', '(M) 17x8x12.5cm | 6.75x3x5in', '', '', '', '', '', '', '', '2017-12-16 23:56:54', 'aryaputra@tulisan.com', '2017-12-28 01:16:13'),
(225, 128, 'ORG1624', 9, 6, 49, 0, '168000', 'Small', '(S) 14x6x13cm | 5.5x2.25x5in', '', '', '', '', '', '', '', '2017-12-16 23:57:14', 'aryaputra@tulisan.com', '2017-12-28 01:18:23'),
(226, 128, 'ORG1624', 9, 6, 49, 0, '148000', 'Petite', '(P) 15 x 5 x 9.5 cm | 6 x 2 x 3.75 in', '', '', '', '', '', '', '', '2017-12-16 23:57:29', 'aryaputra@tulisan.com', '2017-12-28 01:19:11'),
(227, 129, 'ORG1625', 9, 7, 53, 5, '268000', 'Large', '(L) 25x10x21.5cm | 10x4x8.5in', '', '', '', '', '', '', '', '2017-12-16 23:58:39', 'aryaputra@tulisan.com', '2017-12-28 01:20:31'),
(228, 129, 'ORG1625', 9, 7, 53, 5, '188000', 'Medium', '(M) 17x8x12.5cm | 6.75x3x5in', '', '', '', '', '', '', '', '2017-12-16 23:58:56', 'aryaputra@tulisan.com', '2017-12-28 01:21:10'),
(229, 129, 'ORG1625', 9, 7, 53, 5, '168000', 'Small', '(S) 14x6x13cm | 5.5x2.25x5in', '', '', '', '', '', '', '', '2017-12-16 23:59:19', 'aryaputra@tulisan.com', '2017-12-28 01:21:44'),
(230, 129, 'ORG1625', 9, 7, 53, 5, '148000', 'Petite', '(P) 15 x 5 x 9.5 cm | 6 x 2 x 3.75 in', '', '', '', '', '', '', '', '2017-12-16 23:59:35', 'aryaputra@tulisan.com', '2017-12-28 01:22:17'),
(231, 129, 'ORG1625', 9, 7, 33, 5, '268000', 'Large', '(L) 25x10x21.5cm | 10x4x8.5in', '', '', '', '', '', '', '', '2017-12-16 23:59:52', 'aryaputra@tulisan.com', '2017-12-28 01:20:50'),
(232, 129, 'ORG1625', 9, 7, 33, 2, '188000', 'Medium', '(M) 17x8x12.5cm | 6.75x3x5in', '', '', '', '', '', '', '', '2017-12-17 00:00:06', 'aryaputra@tulisan.com', '2017-12-28 01:21:20'),
(233, 129, 'ORG1625', 9, 7, 33, 2, '168000', 'Small', '(S) 14x6x13cm | 5.5x2.25x5in', '', '', '', '', '', '', '', '2017-12-17 00:00:31', 'aryaputra@tulisan.com', '2017-12-28 01:21:54'),
(234, 129, 'ORG1625', 9, 7, 33, 0, '148000', 'Petite', '(P) 15 x 5 x 9.5 cm | 6 x 2 x 3.75 in', '', '', '', '', '', '', '', '2017-12-17 00:00:47', 'aryaputra@tulisan.com', '2017-12-28 01:22:32'),
(235, 130, 'ORG1626', 9, 8, 3, 3, '268000', 'Large', '(L) 25x10x21.5cm | 10x4x8.5in', '', '', '', '', '', '', '', '2017-12-17 00:06:04', 'aryaputra@tulisan.com', '2017-12-28 01:23:42'),
(236, 130, 'ORG1626', 9, 8, 3, 0, '188000', 'Medium', '(M) 17x8x12.5cm | 6.75x3x5in', '', '', '', '', '', '', '', '2017-12-17 00:06:16', 'aryaputra@tulisan.com', '2017-12-28 01:25:05'),
(237, 130, 'ORG1626', 9, 8, 3, 2, '168000', 'Small', '(S) 14x6x13cm | 5.5x2.25x5in', '', '', '', '', '', '', '', '2017-12-17 00:06:29', 'aryaputra@tulisan.com', '2017-12-28 01:26:26'),
(238, 130, 'ORG1626', 9, 8, 3, 2, '148000', 'Petite', '(P) 15 x 5 x 9.5 cm | 6 x 2 x 3.75 in', '', '', '', '', '', '', '', '2017-12-17 00:06:40', 'aryaputra@tulisan.com', '2017-12-28 01:27:00'),
(239, 130, 'ORG1626', 9, 8, 58, 4, '268000', 'Large', '(L) 25x10x21.5cm | 10x4x8.5in', '', '', '', '', '', '', '', '2017-12-17 00:06:54', 'aryaputra@tulisan.com', '2017-12-28 01:24:03'),
(240, 130, 'ORG1626', 9, 8, 58, 5, '188000', 'Medium', '(M) 17x8x12.5cm | 6.75x3x5in', '', '', '', '', '', '', '', '2017-12-17 00:07:10', 'aryaputra@tulisan.com', '2017-12-28 01:26:08'),
(241, 130, 'ORG1626', 9, 8, 58, 5, '168000', 'Small', '(S) 14x6x13cm | 5.5x2.25x5in', '', '', '', '', '', '', '', '2017-12-17 00:07:28', 'aryaputra@tulisan.com', '2017-12-28 01:26:39'),
(242, 130, 'ORG1626', 9, 8, 58, 3, '148000', 'Petite', '(P) 15 x 5 x 9.5 cm | 6 x 2 x 3.75 in', '', '', '', '', '', '', '', '2017-12-17 00:07:42', 'aryaputra@tulisan.com', '2017-12-28 01:27:44'),
(243, 131, 'ORG1627', 9, 9, 37, 5, '268000', 'Large', '(L) 25x10x21.5cm | 10x4x8.5in', '', '', '', '', '', '', '', '2017-12-17 00:08:37', 'aryaputra@tulisan.com', '2017-12-28 01:28:21'),
(244, 131, 'ORG1627', 9, 9, 37, 3, '188000', 'Medium', '(M) 17x8x12.5cm | 6.75x3x5in', '', '', '', '', '', '', '', '2017-12-17 00:08:51', 'aryaputra@tulisan.com', '2017-12-28 01:29:30'),
(245, 131, 'ORG1627', 9, 9, 37, 3, '168000', 'Small', '(S) 14x6x13cm | 5.5x2.25x5in', '', '', '', '', '', '', '', '2017-12-17 00:09:08', 'aryaputra@tulisan.com', '2017-12-28 01:30:04'),
(246, 131, 'ORG1627', 9, 9, 37, 2, '148000', 'Petite', '(P) 15 x 5 x 9.5 cm | 6 x 2 x 3.75 in', '', '', '', '', '', '', '', '2017-12-17 00:09:23', 'aryaputra@tulisan.com', '2017-12-28 01:30:28'),
(247, 131, 'ORG1627', 9, 9, 42, 3, '268000', 'Large', '(L) 25x10x21.5cm | 10x4x8.5in', '', '', '', '', '', '', '', '2017-12-17 00:09:44', 'aryaputra@tulisan.com', '2017-12-28 01:28:36'),
(248, 131, 'ORG1627', 9, 9, 42, 0, '188000', 'Medium', '(M) 17x8x12.5cm | 6.75x3x5in', '', '', '', '', '', '', '', '2017-12-17 00:10:00', 'aryaputra@tulisan.com', '2017-12-28 01:29:42'),
(249, 131, 'ORG1627', 9, 9, 42, 0, '168000', 'Small', '(S) 14x6x13cm | 5.5x2.25x5in', '', '', '', '', '', '', '', '2017-12-17 00:10:20', 'aryaputra@tulisan.com', '2017-12-28 01:30:14'),
(250, 131, 'ORG1627', 9, 9, 42, 0, '148000', 'Petite', '(P) 15 x 5 x 9.5 cm | 6 x 2 x 3.75 in', '', '', '', '', '', '', '', '2017-12-17 00:10:36', 'aryaputra@tulisan.com', '2017-12-28 01:31:56'),
(251, 132, 'ORG1705', 5, 14, 31, 0, '268000', 'Large', '(L) 25x10x21.5cm | 10x4x8.5in', '', '', '', '', '', '', '', '2017-12-17 00:12:44', 'aryaputra@tulisan.com', '2017-12-28 01:08:55'),
(252, 132, 'ORG1705', 5, 14, 31, 0, '188000', 'Medium', '(M) 17x8x12.5cm | 6.75x3x5in', '', '', '', '', '', '', '', '2017-12-17 00:12:58', 'aryaputra@tulisan.com', '2017-12-28 01:10:16'),
(253, 132, 'ORG1705', 5, 14, 31, 0, '168000', 'Small', '(S) 14x6x13cm | 5.5x2.25x5in', '', '', '', '', '', '', '', '2017-12-17 00:13:13', 'aryaputra@tulisan.com', '2017-12-28 01:11:03'),
(254, 132, 'ORG1705', 5, 14, 31, 0, '148000', 'Petite', '(P) 15 x 5 x 9.5 cm | 6 x 2 x 3.75 in', '', '', '', '', '', '', '', '2017-12-17 00:13:27', 'aryaputra@tulisan.com', '2017-12-28 01:11:55'),
(255, 132, 'ORG1705', 5, 14, 7, 0, '268000', 'Large', '(L) 25x10x21.5cm | 10x4x8.5in', '', '', '', '', '', '', '', '2017-12-17 00:13:46', 'aryaputra@tulisan.com', '2017-12-28 01:09:26'),
(256, 132, 'ORG1705', 5, 14, 7, 0, '188000', 'Medium', '(M) 17x8x12.5cm | 6.75x3x5in', '', '', '', '', '', '', '', '2017-12-17 00:14:02', 'aryaputra@tulisan.com', '2017-12-28 01:10:33'),
(257, 132, 'ORG1705', 5, 14, 7, 0, '168000', 'Small', '(S) 14x6x13cm | 5.5x2.25x5in', '', '', '', '', '', '', '', '2017-12-17 00:14:20', 'aryaputra@tulisan.com', '2017-12-28 01:11:26'),
(258, 132, 'ORG1705', 5, 14, 7, 0, '148000', 'Petite', '(P) 15 x 5 x 9.5 cm | 6 x 2 x 3.75 in', '', '', '', '', '', '', '', '2017-12-17 00:14:33', 'aryaputra@tulisan.com', '2017-12-28 01:12:14'),
(259, 133, 'ORG1706', 5, 15, 56, 1, '268000', 'Large', '(L) 25x10x21.5cm | 10x4x8.5in', '', '', '', '', '', '', '', '2017-12-17 00:15:50', 'aryaputra@tulisan.com', '2017-12-28 01:57:59'),
(260, 133, 'ORG1706', 5, 15, 56, 5, '188000', 'Medium', '(M) 17x8x12.5cm | 6.75x3x5in', '', '', '', '', '', '', '', '2017-12-17 00:16:03', 'aryaputra@tulisan.com', '2017-12-28 01:59:29'),
(261, 133, 'ORG1706', 5, 15, 56, 4, '168000', 'Small', '(S) 14x6x13cm | 5.5x2.25x5in', '', '', '', '', '', '', '', '2017-12-17 00:16:17', 'aryaputra@tulisan.com', '2017-12-28 02:00:22'),
(262, 133, 'ORG1706', 5, 15, 56, 4, '148000', 'Petite', '(P) 15 x 5 x 9.5 cm | 6 x 2 x 3.75 in', '', '', '', '', '', '', '', '2017-12-17 00:16:51', 'aryaputra@tulisan.com', '2017-12-28 02:01:18'),
(263, 133, 'ORG1706', 5, 15, 55, 4, '268000', 'Large', '(L) 25x10x21.5cm | 10x4x8.5in', '', '', '', '', '', '', '', '2017-12-17 00:17:16', 'aryaputra@tulisan.com', '2017-12-28 01:58:36'),
(264, 133, 'ORG1706', 5, 15, 55, 5, '188000', 'Medium', '(M) 17x8x12.5cm | 6.75x3x5in', '', '', '', '', '', '', '', '2017-12-17 00:17:31', 'aryaputra@tulisan.com', '2017-12-28 01:59:44'),
(265, 133, 'ORG1706', 5, 15, 55, 5, '168000', 'Small', '(S) 14x6x13cm | 5.5x2.25x5in', '', '', '', '', '', '', '', '2017-12-17 00:17:46', 'aryaputra@tulisan.com', '2017-12-28 02:00:45'),
(266, 133, 'ORG1706', 5, 15, 55, 4, '148000', 'Petite', '(P) 15 x 5 x 9.5 cm | 6 x 2 x 3.75 in', '', '', '', '', '', '', '', '2017-12-17 00:17:59', 'aryaputra@tulisan.com', '2017-12-28 02:01:37'),
(267, 134, 'ORG1707', 5, 16, 11, 2, '268000', 'Large', '(L) 25x10x21.5cm | 10x4x8.5in', '', '', '', '', '', '', '', '2017-12-17 00:21:19', 'aryaputra@tulisan.com', '2017-12-28 02:04:41'),
(268, 134, 'ORG1707', 5, 16, 11, 4, '188000', 'Medium', '(M) 17x8x12.5cm | 6.75x3x5in', '', '', '', '', '', '', '', '2017-12-17 00:21:30', 'aryaputra@tulisan.com', '2017-12-28 02:05:46'),
(269, 134, 'ORG1707', 5, 16, 11, 5, '168000', 'Small', '(S) 14x6x13cm | 5.5x2.25x5in', '', '', '', '', '', '', '', '2017-12-17 00:21:41', 'aryaputra@tulisan.com', '2017-12-28 02:06:52');
INSERT INTO `products_variant` (`idData`, `productId`, `sku`, `storyId`, `artworkId`, `colorId`, `qty`, `price`, `size`, `dimension`, `frontPicture`, `backPicture`, `topPicture`, `rightPicture`, `bottomPicture`, `leftPicture`, `createdBy`, `createdDate`, `changedby`, `changedDate`) VALUES
(270, 134, 'ORG1707', 5, 16, 11, 1, '148000', 'Petite', '(P) 15 x 5 x 9.5 cm | 6 x 2 x 3.75 in', '', '', '', '', '', '', '', '2017-12-17 00:21:58', 'aryaputra@tulisan.com', '2017-12-28 02:08:12'),
(271, 134, 'ORG1707', 5, 16, 15, 4, '268000', 'Large', '(L) 25x10x21.5cm | 10x4x8.5in', '', '', '', '', '', '', '', '2017-12-17 00:22:13', 'aryaputra@tulisan.com', '2017-12-28 02:05:03'),
(272, 134, 'ORG1707', 5, 16, 15, 1, '188000', 'Medium', '(M) 17x8x12.5cm | 6.75x3x5in', '', '', '', '', '', '', '', '2017-12-17 00:22:27', 'aryaputra@tulisan.com', '2017-12-28 02:06:03'),
(273, 134, 'ORG1707', 5, 16, 15, 3, '168000', 'Small', '(S) 14x6x13cm | 5.5x2.25x5in', '', '', '', '', '', '', '', '2017-12-17 00:22:41', 'aryaputra@tulisan.com', '2017-12-28 02:07:16'),
(274, 134, 'ORG1707', 5, 16, 15, 0, '148000', 'Petite', '(P) 15 x 5 x 9.5 cm | 6 x 2 x 3.75 in', '', '', '', '', '', '', '', '2017-12-17 00:23:11', 'aryaputra@tulisan.com', '2017-12-28 02:08:30'),
(275, 135, 'ORG1708', 5, 17, 9, 4, '268000', 'Large', '(L) 25x10x21.5cm | 10x4x8.5in', '', '', '', '', '', '', '', '2017-12-17 00:23:38', 'aryaputra@tulisan.com', '2017-12-28 02:09:50'),
(276, 135, 'ORG1708', 5, 17, 9, 5, '188000', 'Medium', '(M) 17x8x12.5cm | 6.75x3x5in', '', '', '', '', '', '', '', '2017-12-17 00:23:49', 'aryaputra@tulisan.com', '2017-12-28 02:10:37'),
(277, 135, 'ORG1708', 5, 17, 9, 5, '168000', 'Small', '(S) 14x6x13cm | 5.5x2.25x5in', '', '', '', '', '', '', '', '2017-12-17 00:24:04', 'aryaputra@tulisan.com', '2017-12-28 02:11:26'),
(278, 135, 'ORG1708', 5, 17, 9, 4, '148000', 'Petite', '(P) 15 x 5 x 9.5 cm | 6 x 2 x 3.75 in', '', '', '', '', '', '', '', '2017-12-17 00:24:27', 'aryaputra@tulisan.com', '2017-12-28 02:12:29'),
(279, 135, 'ORG1708', 5, 17, 18, 4, '268000', 'Large', '(L) 25x10x21.5cm | 10x4x8.5in', '', '', '', '', '', '', '', '2017-12-17 00:24:43', 'aryaputra@tulisan.com', '2017-12-28 02:10:05'),
(280, 135, 'ORG1708', 5, 17, 18, 5, '188000', 'Medium', '(M) 17x8x12.5cm | 6.75x3x5in', '', '', '', '', '', '', '', '2017-12-17 00:25:05', 'aryaputra@tulisan.com', '2017-12-28 02:10:53'),
(281, 135, 'ORG1708', 5, 17, 18, 4, '168000', 'Small', '(S) 14x6x13cm | 5.5x2.25x5in', '', '', '', '', '', '', '', '2017-12-17 00:25:20', 'aryaputra@tulisan.com', '2017-12-28 02:11:48'),
(282, 135, 'ORG1708', 5, 17, 18, 4, '148000', 'Petite', '(P) 15 x 5 x 9.5 cm | 6 x 2 x 3.75 in', '', '', '', '', '', '', '', '2017-12-17 00:25:45', 'aryaputra@tulisan.com', '2017-12-28 02:12:48'),
(283, 151, 'EPS1625', 9, 7, 53, 5, '148000', 'Free Size', '14 x 9.5 cm | 5.5 x 3.75 in (folded) 14x19cm | 5.5', '', '', '', '', '', '', '', '2017-12-17 00:27:16', '', '2017-12-27 20:58:02'),
(284, 151, 'EPS1625', 9, 7, 33, 2, '148000', 'Free Size', '14 x 9.5 cm | 5.5 x 3.75 in (folded) 14x19cm | 5.5', '', '', '', '', '', '', '', '2017-12-17 00:27:30', '', '2017-12-27 20:58:19'),
(285, 152, 'EPS1626', 9, 8, 3, 2, '148000', 'Free Size', '14 x 9.5 cm | 5.5 x 3.75 in (folded) 14x19cm | 5.5', '', '', '', '', '', '', '', '2017-12-17 00:28:19', '', '2017-12-27 20:59:24'),
(286, 152, 'EPS1626', 9, 8, 58, 3, '148000', 'Free Size', '14 x 9.5 cm | 5.5 x 3.75 in (folded) 14x19cm | 5.5', '', '', '', '', '', '', '', '2017-12-17 00:28:31', '', '2017-12-27 20:59:39'),
(287, 153, 'EPS1627', 9, 9, 37, 2, '148000', 'Free Size', '14 x 9.5 cm | 5.5 x 3.75 in (folded) 14x19cm | 5.5', '', '', '', '', '', '', '', '2017-12-17 00:29:16', '', '2017-12-27 21:00:52'),
(288, 153, 'EPS1627', 9, 9, 58, 0, '148000', 'Free Size', '14 x 9.5 cm | 5.5 x 3.75 in (folded) 14x19cm | 5.5', '', '', '', '', '', '', '', '2017-12-17 00:29:33', '', '2017-12-27 21:02:02'),
(289, 154, 'EPS1706', 5, 15, 56, 4, '148000', 'Free Size', '14 x 9.5 cm | 5.5 x 3.75 in (folded) 14x19cm | 5.5', '', '', '', '', '', '', '', '2017-12-17 00:30:38', '', '2017-12-27 21:04:22'),
(290, 154, 'EPS1706', 5, 15, 55, 4, '148000', 'Free Size', '14 x 9.5 cm | 5.5 x 3.75 in (folded) 14x19cm | 5.5', '', '', '', '', '', '', '', '2017-12-17 00:30:56', '', '2017-12-27 21:04:45'),
(291, 155, 'EPS1707', 5, 16, 11, 1, '148000', 'Free Size', '14 x 9.5 cm | 5.5 x 3.75 in (folded) 14x19cm | 5.5', '', '', '', '', '', '', '', '2017-12-17 00:45:56', '', '2017-12-27 21:05:58'),
(292, 155, 'EPS1707', 5, 16, 15, 0, '148000', 'Free Size', '14 x 9.5 cm | 5.5 x 3.75 in (folded) 14x19cm | 5.5', '', '', '', '', '', '', '', '2017-12-17 00:46:13', '', '2017-12-27 21:06:29'),
(293, 156, 'EPS1708', 5, 17, 9, 4, '148000', 'Free Size', '14 x 9.5 cm | 5.5 x 3.75 in (folded) 14x19cm | 5.5', '', '', '', '', '', '', '', '2017-12-17 01:29:38', '', '2017-12-27 21:07:40'),
(294, 156, 'EPS1708', 5, 17, 18, 4, '148000', 'Free Size', '14 x 9.5 cm | 5.5 x 3.75 in (folded) 14x19cm | 5.5', '', '', '', '', '', '', '', '2017-12-17 01:29:54', '', '2017-12-27 21:08:03'),
(295, 91, '', 3, 0, 0, 1, '98000', 'NULL', '', '', '', '', '', '', '', '', '2017-12-17 01:31:14', 'aryaputra@tulisan.com', '2017-12-19 23:39:50'),
(296, 289, '', 0, 0, 11, 0, '188,000', 'NULL', '', '', '', '', '', '', '', '', '2017-12-17 01:32:45', NULL, NULL),
(297, 289, '', 0, 0, 33, 0, '188,000', 'NULL', '', '', '', '', '', '', '', '', '2017-12-17 01:33:04', NULL, NULL),
(298, 289, '', 0, 0, 35, 0, '188,000', 'NULL', '', '', '', '', '', '', '', '', '2017-12-17 01:33:18', NULL, NULL),
(299, 270, 'HPM1603', 11, 20, 3, 2, '348000', 'Free Size', '35 x 48 cm | 13.75 x 19 in', '', '', '', '', '', '', '', '2017-12-17 01:34:39', '', '2017-12-27 20:40:24'),
(300, 270, 'HPM1603', 11, 20, 32, 2, '348000', 'Free Size', '35 x 48 cm | 13.75 x 19 in', '', '', '', '', '', '', '', '2017-12-17 01:34:51', '', '2017-12-27 20:40:42'),
(301, 271, 'HPM1604', 11, 21, 3, 1, '348000', 'Free Size', '35 x 48 cm | 13.75 x 19 in', '', '', '', '', '', '', '', '2017-12-17 01:35:16', '', '2017-12-27 20:41:46'),
(302, 271, 'HPM1604', 11, 21, 32, 1, '348000', 'Free Size', '35 x 48 cm | 13.75 x 19 in', '', '', '', '', '', '', '', '2017-12-17 01:35:27', '', '2017-12-27 20:42:00'),
(303, 272, 'HPM1605', 11, 25, 19, 1, '348000', 'Free Size', '35 x 48 cm | 13.75 x 19 in', '', '', '', '', '', '', '', '2017-12-17 01:37:17', '', '2017-12-27 20:43:38'),
(304, 272, 'HPM1605', 11, 25, 54, 1, '348000', 'Free Size', '35 x 48 cm | 13.75 x 19 in', '', '', '', '', '', '', '', '2017-12-17 01:37:35', '', '2017-12-27 20:43:56'),
(305, 273, 'HPM1624', 9, 6, 32, 1, '348000', 'Free Size', '35 x 48 cm | 13.75 x 19 in', '', '', '', '', '', '', '', '2017-12-17 01:38:08', '', '2017-12-27 20:45:01'),
(306, 273, 'HPM1624', 9, 6, 49, 1, '348000', 'Free Size', '35 x 48 cm | 13.75 x 19 in', '', '', '', '', '', '', '', '2017-12-17 01:38:19', '', '2017-12-27 20:45:14'),
(307, 274, 'HPM1625', 9, 7, 53, 1, '348000', 'Free Size', '35 x 48 cm | 13.75 x 19 in', '', '', '', '', '', '', '', '2017-12-17 01:38:42', '', '2017-12-27 20:46:18'),
(308, 274, 'HPM1625', 9, 7, 33, 1, '348000', 'Free Size', '35 x 48 cm | 13.75 x 19 in', '', '', '', '', '', '', '', '2017-12-17 01:38:52', '', '2017-12-27 20:46:45'),
(309, 275, 'HPM1626', 9, 8, 3, 0, '348000', 'Free Size', '35 x 48 cm | 13.75 x 19 in', '', '', '', '', '', '', '', '2017-12-17 01:39:16', '', '2017-12-27 20:48:01'),
(310, 275, 'HPM1626', 9, 8, 58, 3, '348000', 'Free Size', '35 x 48 cm | 13.75 x 19 in', '', '', '', '', '', '', '', '2017-12-17 01:39:27', '', '2017-12-27 20:48:37'),
(311, 276, 'HPM1627', 9, 9, 37, 0, '348000', 'Free Size', '35 x 48 cm | 13.75 x 19 in', '', '', '', '', '', '', '', '2017-12-17 01:39:55', '', '2017-12-27 20:49:52'),
(312, 276, 'HPM1627', 9, 9, 42, 3, '348000', 'Free Size', '35 x 48 cm | 13.75 x 19 in', '', '', '', '', '', '', '', '2017-12-17 01:40:08', '', '2017-12-27 20:50:17'),
(313, 277, 'HPM1705', 5, 14, 31, 2, '348000', 'Free Size', '35 x 48 cm | 13.75 x 19 in', '', '', '', '', '', '', '', '2017-12-17 01:40:47', '', '2017-12-27 20:51:40'),
(314, 277, 'HPM1705', 5, 14, 7, 2, '348000', 'Free Size', '35 x 48 cm | 13.75 x 19 in', '', '', '', '', '', '', '', '2017-12-17 01:41:03', '', '2017-12-27 20:51:57'),
(315, 278, 'HPM1706', 5, 15, 56, 0, '348000', 'Free Size', '35 x 48 cm | 13.75 x 19 in', '', '', '', '', '', '', '', '2017-12-17 01:41:40', '', '2017-12-27 20:53:08'),
(316, 278, 'HPM1706', 5, 15, 55, 1, '348000', 'Free Size', '35 x 48 cm | 13.75 x 19 in', '', '', '', '', '', '', '', '2017-12-17 01:41:49', '', '2017-12-27 20:52:56'),
(317, 279, 'HPM1707', 5, 16, 11, 2, '348000', 'Free Size', '35 x 48 cm | 13.75 x 19 in', '', '', '', '', '', '', '', '2017-12-17 01:42:12', '', '2017-12-27 20:54:01'),
(318, 279, 'HPM1707', 5, 16, 15, 2, '348000', 'Free Size', '35 x 48 cm | 13.75 x 19 in', '', '', '', '', '', '', '', '2017-12-17 01:42:12', '', '2017-12-27 20:54:29'),
(319, 280, 'HPM1708', 5, 17, 9, 2, '348000', 'Free Size', '35 x 48 cm | 13.75 x 19 in', '', '', '', '', '', '', '', '2017-12-17 01:42:56', '', '2017-12-27 20:55:30'),
(320, 280, 'HPM1708', 5, 17, 18, 2, '348000', 'Free Size', '35 x 48 cm | 13.75 x 19 in', '', '', '', '', '', '', '', '2017-12-17 01:43:09', '', '2017-12-27 20:55:49'),
(321, 206, '', 10, 0, 0, 1, '250000', 'NULL', '', '', '', '', '', '', '', '', '2017-12-17 01:44:10', '', '2017-12-20 01:08:09'),
(322, 205, '', 10, 0, 0, 0, '300000', 'NULL', '', '', '', '', '', '', '', '', '2017-12-17 01:44:32', 'aryaputra@tulisan.com', '2017-12-17 22:13:37'),
(323, 119, 'POU1624', 9, 6, 32, 0, '248000', 'Large', '(L) 36x26.5cm | 14.25x10.5in', '', '', '', '', '', '', '', '2017-12-17 01:45:22', 'aryaputra@tulisan.com', '2017-12-28 02:18:44'),
(324, 119, 'POU1624', 9, 6, 32, 0, '168000', 'Medium', '(M) 25x19cm | 10x7.5in', '', '', '', '', '', '', '', '2017-12-17 01:46:20', 'aryaputra@tulisan.com', '2017-12-28 02:19:49'),
(325, 119, 'POU1624', 9, 6, 32, 0, '148000', 'Small', '(S) 20x15cm | 8x6in', '', '', '', '', '', '', '', '2017-12-17 01:46:38', 'aryaputra@tulisan.com', '2017-12-28 02:20:37'),
(326, 119, 'POU1624', 9, 6, 32, 0, '128000', 'Petite', '(P) 20 x 10 cm | 8 x 4 in', '', '', '', '', '', '', '', '2017-12-17 01:46:48', 'aryaputra@tulisan.com', '2017-12-28 02:21:20'),
(327, 119, 'POU1624', 9, 6, 49, 3, '248000', 'Large', '(L) 36x26.5cm | 14.25x10.5in', '', '', '', '', '', '', '', '2017-12-17 01:47:05', 'aryaputra@tulisan.com', '2017-12-28 02:19:09'),
(328, 119, 'POU1624', 9, 6, 49, 0, '168000', 'Medium', '(M) 25x19cm | 10x7.5in', '', '', '', '', '', '', '', '2017-12-17 01:47:19', 'aryaputra@tulisan.com', '2017-12-28 02:20:04'),
(329, 119, 'POU1624', 9, 6, 49, 0, '148000', 'Small', '(S) 20x15cm | 8x6in', '', '', '', '', '', '', '', '2017-12-17 01:47:35', 'aryaputra@tulisan.com', '2017-12-28 02:20:51'),
(330, 119, 'POU1624', 9, 6, 49, 0, '128000', 'Petite', '(P) 20 x 10 cm | 8 x 4 in', '', '', '', '', '', '', '', '2017-12-17 01:47:48', 'aryaputra@tulisan.com', '2017-12-28 02:21:37'),
(331, 121, 'POU1625', 9, 7, 53, 5, '248000', 'Large', '(L) 36x26.5cm | 14.25x10.5in', '', '', '', '', '', '', '', '2017-12-17 01:48:19', 'aryaputra@tulisan.com', '2017-12-28 02:22:49'),
(332, 121, 'POU1625', 9, 7, 53, 4, '168000', 'Medium', '(M) 25x19cm | 10x7.5in', '', '', '', '', '', '', '', '2017-12-17 01:48:38', 'aryaputra@tulisan.com', '2017-12-28 02:23:36'),
(333, 121, 'POU1625', 9, 7, 53, 5, '148000', 'Small', '(S) 20x15cm | 8x6in', '', '', '', '', '', '', '', '2017-12-17 01:48:50', 'aryaputra@tulisan.com', '2017-12-28 02:24:40'),
(334, 121, 'POU1625', 9, 7, 53, 5, '128000', 'Petite', '(P) 20 x 10 cm | 8 x 4 in', '', '', '', '', '', '', '', '2017-12-17 01:49:02', 'aryaputra@tulisan.com', '2017-12-28 02:25:35'),
(335, 121, 'POU1625', 9, 7, 33, 5, '248000', 'Large', '(L) 36x26.5cm | 14.25x10.5in', '', '', '', '', '', '', '', '2017-12-17 01:49:27', 'aryaputra@tulisan.com', '2017-12-28 02:23:04'),
(336, 121, 'POU1625', 9, 7, 33, 5, '168000', 'Medium', '(M) 25x19cm | 10x7.5in', '', '', '', '', '', '', '', '2017-12-17 01:49:41', 'aryaputra@tulisan.com', '2017-12-28 02:23:59'),
(337, 121, 'POU1625', 9, 7, 33, 0, '148000', 'Small', '(S) 20x15cm | 8x6in', '', '', '', '', '', '', '', '2017-12-17 01:50:11', 'aryaputra@tulisan.com', '2017-12-28 02:24:53'),
(338, 121, 'POU1625', 9, 7, 33, 1, '128000', 'Petite', '(P) 20 x 10 cm | 8 x 4 in', '', '', '', '', '', '', '', '2017-12-17 01:50:24', 'aryaputra@tulisan.com', '2017-12-28 02:25:52'),
(339, 122, 'POU1626', 9, 8, 3, 5, '248000', 'Large', '(L) 36x26.5cm | 14.25x10.5in', '', '', '', '', '', '', '', '2017-12-17 01:51:48', 'aryaputra@tulisan.com', '2017-12-28 02:30:52'),
(340, 122, 'POU1626', 9, 8, 3, 3, '168000', 'Medium', '(M) 25x19cm | 10x7.5in', '', '', '', '', '', '', '', '2017-12-17 01:51:59', 'aryaputra@tulisan.com', '2017-12-28 02:32:00'),
(341, 122, 'POU1626', 9, 8, 3, 4, '148000', 'Small', '(S) 20x15cm | 8x6in', '', '', '', '', '', '', '', '2017-12-17 01:52:11', 'aryaputra@tulisan.com', '2017-12-28 02:33:07'),
(342, 122, 'POU1626', 9, 8, 3, 3, '128000', 'Petite', '(P) 20 x 10 cm | 8 x 4 in', '', '', '', '', '', '', '', '2017-12-17 01:52:26', 'aryaputra@tulisan.com', '2017-12-28 02:34:03'),
(343, 122, 'POU1626', 9, 8, 58, 5, '248000', 'Large', '(L) 36x26.5cm | 14.25x10.5in', '', '', '', '', '', '', '', '2017-12-17 01:53:01', 'aryaputra@tulisan.com', '2017-12-28 02:31:14'),
(344, 122, 'POU1626', 9, 8, 58, 5, '168000', 'Medium', '(M) 25x19cm | 10x7.5in', '', '', '', '', '', '', '', '2017-12-17 01:53:19', 'aryaputra@tulisan.com', '2017-12-28 02:32:24'),
(345, 122, 'POU1626', 9, 8, 58, 0, '148000', 'Small', '(S) 20x15cm | 8x6in', '', '', '', '', '', '', '', '2017-12-17 01:53:35', 'aryaputra@tulisan.com', '2017-12-28 02:33:28'),
(346, 122, 'POU1626', 9, 8, 58, 3, '128000', 'Petite', '(P) 20 x 10 cm | 8 x 4 in', '', '', '', '', '', '', '', '2017-12-17 01:53:53', 'aryaputra@tulisan.com', '2017-12-28 02:34:21'),
(347, 123, 'POU1627', 9, 9, 37, 4, '248000', 'Large', '(L) 36x26.5cm | 14.25x10.5in', '', '', '', '', '', '', '', '2017-12-17 01:54:42', 'aryaputra@tulisan.com', '2017-12-28 02:36:02'),
(348, 123, 'POU1627', 9, 9, 37, 4, '168000', 'Medium', '(M) 25x19cm | 10x7.5in', '', '', '', '', '', '', '', '2017-12-17 01:55:11', 'aryaputra@tulisan.com', '2017-12-28 02:36:57'),
(349, 123, 'POU1627', 9, 9, 37, 3, '148000', 'Small', '(S) 20x15cm | 8x6in', '', '', '', '', '', '', '', '2017-12-17 01:55:25', 'aryaputra@tulisan.com', '2017-12-28 02:38:23'),
(350, 123, 'POU1627', 9, 9, 37, 1, '128000', 'Petite', '(P) 20 x 10 cm | 8 x 4 in', '', '', '', '', '', '', '', '2017-12-17 01:55:43', 'aryaputra@tulisan.com', '2017-12-28 02:40:34'),
(351, 123, 'POU1627', 9, 9, 42, 3, '248000', 'Large', '(L) 36x26.5cm | 14.25x10.5in', '', '', '', '', '', '', '', '2017-12-17 01:55:58', 'aryaputra@tulisan.com', '2017-12-28 02:36:22'),
(352, 123, 'POU1627', 9, 9, 42, 0, '168000', 'Medium', '(M) 25x19cm | 10x7.5in', '', '', '', '', '', '', '', '2017-12-17 01:56:10', 'aryaputra@tulisan.com', '2017-12-28 02:37:31'),
(353, 123, 'POU1627', 9, 9, 42, 0, '148000', 'Small', '(S) 20x15cm | 8x6in', '', '', '', '', '', '', '', '2017-12-17 01:56:25', 'aryaputra@tulisan.com', '2017-12-28 02:38:50'),
(354, 123, 'POU1627', 9, 9, 42, 2, '128000', 'Petite', '(P) 20 x 10 cm | 8 x 4 in', '', '', '', '', '', '', '', '2017-12-17 01:56:36', 'aryaputra@tulisan.com', '2017-12-28 02:40:06'),
(355, 124, 'POU1705', 5, 14, 31, 0, '248000', 'Large', '(L) 36x26.5cm | 14.25x10.5in', '', '', '', '', '', '', '', '2017-12-17 01:57:10', 'aryaputra@tulisan.com', '2017-12-28 02:41:40'),
(356, 124, 'POU1705', 5, 14, 31, 0, '168000', 'Medium', '(M) 25x19cm | 10x7.5in', '', '', '', '', '', '', '', '2017-12-17 01:57:22', 'aryaputra@tulisan.com', '2017-12-28 02:42:13'),
(357, 124, 'POU1705', 5, 14, 31, 0, '148000', 'Small', '(S) 20x15cm | 8x6in', '', '', '', '', '', '', '', '2017-12-17 01:57:35', 'aryaputra@tulisan.com', '2017-12-28 02:42:44'),
(358, 124, 'POU1705', 5, 14, 31, 0, '128000', 'Petite', '(P) 20 x 10 cm | 8 x 4 in', '', '', '', '', '', '', '', '2017-12-17 01:57:49', 'aryaputra@tulisan.com', '2017-12-28 02:43:17'),
(359, 124, 'POU1705', 5, 14, 7, 0, '248000', 'Large', '(L) 36x26.5cm | 14.25x10.5in', '', '', '', '', '', '', '', '2017-12-17 01:58:02', 'aryaputra@tulisan.com', '2017-12-28 02:41:55'),
(360, 124, 'POU1705', 5, 14, 7, 0, '168000', 'Medium', '(M) 25x19cm | 10x7.5in', '', '', '', '', '', '', '', '2017-12-17 01:58:13', 'aryaputra@tulisan.com', '2017-12-28 02:42:25'),
(361, 124, 'POU1705', 5, 14, 7, 0, '148000', 'Small', '(S) 20x15cm | 8x6in', '', '', '', '', '', '', '', '2017-12-17 01:58:28', 'aryaputra@tulisan.com', '2017-12-28 02:42:56'),
(362, 124, 'POU1705', 5, 14, 7, 0, '128000', 'Petite', '(P) 20 x 10 cm | 8 x 4 in', '', '', '', '', '', '', '', '2017-12-17 01:58:58', 'aryaputra@tulisan.com', '2017-12-28 02:43:34'),
(363, 125, 'POU1706', 5, 15, 56, 3, '248000', 'Large', '(L) 36x26.5cm | 14.25x10.5in', '', '', '', '', '', '', '', '2017-12-17 01:59:37', 'aryaputra@tulisan.com', '2017-12-28 02:44:42'),
(364, 125, 'POU1706', 5, 15, 56, 3, '168000', 'Medium', '(M) 25x19cm | 10x7.5in', '', '', '', '', '', '', '', '2017-12-17 01:59:49', 'aryaputra@tulisan.com', '2017-12-28 02:45:31'),
(365, 125, 'POU1706', 5, 15, 56, 0, '148000', 'Small', '(S) 20x15cm | 8x6in', '', '', '', '', '', '', '', '2017-12-17 02:00:04', 'aryaputra@tulisan.com', '2017-12-28 02:46:25'),
(366, 125, 'POU1706', 5, 15, 56, 0, '128000', 'Petite', '(P) 20 x 10 cm | 8 x 4 in', '', '', '', '', '', '', '', '2017-12-17 02:00:14', 'aryaputra@tulisan.com', '2017-12-28 02:47:23'),
(367, 125, 'POU1706', 5, 15, 55, 4, '248000', 'Large', '(L) 36x26.5cm | 14.25x10.5in', '', '', '', '', '', '', '', '2017-12-17 02:00:26', 'aryaputra@tulisan.com', '2017-12-28 02:45:00'),
(368, 125, 'POU1706', 5, 15, 55, 4, '168000', 'Medium', '(M) 25x19cm | 10x7.5in', '', '', '', '', '', '', '', '2017-12-17 02:00:41', 'aryaputra@tulisan.com', '2017-12-28 02:45:43'),
(369, 125, 'POU1706', 5, 15, 55, 0, '148000', 'Small', '(S) 20x15cm | 8x6in', '', '', '', '', '', '', '', '2017-12-17 02:00:57', 'aryaputra@tulisan.com', '2017-12-28 02:46:41'),
(370, 125, 'POU1706', 5, 15, 55, 2, '128000', 'Petite', '(P) 20 x 10 cm | 8 x 4 in', '', '', '', '', '', '', '', '2017-12-17 02:01:09', 'aryaputra@tulisan.com', '2017-12-28 02:47:41'),
(371, 126, 'POU1707', 5, 16, 11, 4, '248000', 'Large', '(L) 36x26.5cm | 14.25x10.5in', '', '', '', '', '', '', '', '2017-12-17 02:02:04', 'aryaputra@tulisan.com', '2017-12-28 02:48:48'),
(372, 126, 'POU1707', 5, 16, 11, 0, '168000', 'Medium', '(M) 25x19cm | 10x7.5in', '', '', '', '', '', '', '', '2017-12-17 02:06:17', 'aryaputra@tulisan.com', '2017-12-28 02:49:31'),
(373, 126, 'POU1707', 5, 16, 11, 0, '148000', 'Small', '(S) 20x15cm | 8x6in', '', '', '', '', '', '', '', '2017-12-17 02:06:33', 'aryaputra@tulisan.com', '2017-12-28 02:50:28'),
(374, 126, 'POU1707', 5, 16, 11, 1, '128000', 'Petite', '(P) 20 x 10 cm | 8 x 4 in', '', '', '', '', '', '', '', '2017-12-17 02:06:44', 'aryaputra@tulisan.com', '2017-12-28 02:51:25'),
(375, 126, 'POU1707', 5, 16, 15, 4, '248000', 'Large', '(L) 36x26.5cm | 14.25x10.5in', '', '', '', '', '', '', '', '2017-12-17 02:06:57', 'aryaputra@tulisan.com', '2017-12-28 02:49:03'),
(376, 126, 'POU1707', 5, 16, 15, 0, '168000', 'Medium', '(M) 25x19cm | 10x7.5in', '', '', '', '', '', '', '', '2017-12-17 02:07:09', 'aryaputra@tulisan.com', '2017-12-28 02:49:50'),
(377, 126, 'POU1707', 5, 16, 15, 0, '148000', 'Small', '(S) 20x15cm | 8x6in', '', '', '', '', '', '', '', '2017-12-17 02:08:55', 'aryaputra@tulisan.com', '2017-12-28 02:50:42'),
(378, 126, 'POU1707', 5, 16, 15, 0, '128000', 'Petite', '(P) 20 x 10 cm | 8 x 4 in', '', '', '', '', '', '', '', '2017-12-17 02:09:09', 'aryaputra@tulisan.com', '2017-12-28 02:51:53'),
(379, 127, 'POU1708', 5, 17, 9, 4, '248000', 'Large', '(L) 36x26.5cm | 14.25x10.5in', '', '', '', '', '', '', '', '2017-12-17 02:10:18', 'aryaputra@tulisan.com', '2017-12-28 02:56:49'),
(380, 127, 'POU1708', 5, 17, 9, 2, '168000', 'Medium', '(M) 25x19cm | 10x7.5in', '', '', '', '', '', '', '', '2017-12-17 02:10:30', 'aryaputra@tulisan.com', '2017-12-28 02:57:35'),
(381, 127, 'POU1708', 5, 17, 9, 5, '148000', 'Small', '(S) 20x15cm | 8x6in', '', '', '', '', '', '', '', '2017-12-17 02:10:44', 'aryaputra@tulisan.com', '2017-12-28 02:58:25'),
(382, 127, 'POU1708', 5, 17, 9, 2, '128000', 'Petite', '(P) 20 x 10 cm | 8 x 4 in', '', '', '', '', '', '', '', '2017-12-17 02:10:52', 'aryaputra@tulisan.com', '2017-12-28 02:59:17'),
(383, 127, 'POU1708', 5, 17, 18, 4, '248000', 'Large', '(L) 36x26.5cm | 14.25x10.5in', '', '', '', '', '', '', '', '2017-12-17 02:11:04', 'aryaputra@tulisan.com', '2017-12-28 02:57:08'),
(384, 127, 'POU1708', 5, 17, 18, 2, '168000', 'Medium', '(M) 25x19cm | 10x7.5in', '', '', '', '', '', '', '', '2017-12-17 02:11:17', 'aryaputra@tulisan.com', '2017-12-28 02:57:50'),
(385, 127, 'POU1708', 5, 17, 18, 4, '148000', 'Small', '(S) 20x15cm | 8x6in', '', '', '', '', '', '', '', '2017-12-17 02:11:29', 'aryaputra@tulisan.com', '2017-12-28 02:58:44'),
(386, 127, 'POU1708', 5, 17, 18, 1, '128000', 'Petite', '(P) 20 x 10 cm | 8 x 4 in', '', '', '', '', '', '', '', '2017-12-17 02:11:44', 'aryaputra@tulisan.com', '2017-12-28 02:59:41'),
(387, 109, '', 9, 5, 21, 0, '1498000', 'NULL', '', '', '', '', '', '', '', '', '2017-12-17 02:12:57', '', '2017-12-20 01:37:43'),
(388, 109, '', 9, 5, 52, 0, '1498000', 'NULL', '', '', '', '', '', '', '', '', '2017-12-17 02:13:13', '', '2017-12-20 01:38:09'),
(389, 110, '', 9, 4, 55, 0, '1498000', 'NULL', '', '', '', '', '', '', '', '', '2017-12-17 02:13:52', '', '2017-12-20 01:39:05'),
(390, 110, '', 9, 4, 3, 0, '1498000', 'NULL', '', '', '', '', '', '', '', '', '2017-12-17 02:14:02', '', '2017-12-20 01:39:11'),
(391, 281, '', 0, 0, 35, 0, '398,000', 'NULL', '', '', '', '', '', '', '', '', '2017-12-17 02:15:39', NULL, NULL),
(392, 281, '', 0, 0, 33, 0, '398,000', 'NULL', '', '', '', '', '', '', '', '', '2017-12-17 02:16:37', NULL, NULL),
(393, 281, '', 0, 0, 11, 0, '398,000', 'NULL', '', '', '', '', '', '', '', '', '2017-12-17 02:16:48', NULL, NULL),
(394, 294, '', 0, 0, 35, 0, '498,000', 'NULL', '', '', '', '', '', '', '', '', '2017-12-17 02:17:58', NULL, NULL),
(395, 294, '', 0, 0, 33, 0, '498,000', 'NULL', '', '', '', '', '', '', '', '', '2017-12-17 02:18:08', NULL, NULL),
(396, 294, '', 0, 0, 11, 0, '498,000', 'NULL', '', '', '', '', '', '', '', '', '2017-12-17 02:18:19', NULL, NULL),
(397, 111, '', 9, 5, 21, 0, '1498000', 'NULL', '', '', '', '', '', '', '', '', '2017-12-17 02:19:20', '', '2017-12-20 01:40:23'),
(398, 111, '', 9, 5, 52, 0, '1498000', 'NULL', '', '', '', '', '', '', '', '', '2017-12-17 02:19:30', '', '2017-12-20 01:40:31'),
(399, 112, '', 9, 4, 55, 0, '1498000', 'NULL', '', '', '', '', '', '', '', '', '2017-12-17 02:19:52', '', '2017-12-20 01:41:42'),
(400, 112, '', 9, 4, 3, 0, '1498000', 'NULL', '', '', '', '', '', '', '', '', '2017-12-17 02:20:01', '', '2017-12-20 01:41:49'),
(401, 169, 'HSA1603', 11, 20, 3, 5, '328000', 'Free Size', '34 x 77 cm | 13.5 x 30.5 in', '', '', '', '', '', '', '', '2017-12-17 02:20:40', 'aryaputra@tulisan.com', '2017-12-27 04:44:00'),
(402, 169, 'HNL1603', 11, 20, 32, 5, '328000', 'Free Size', '34 x 77 cm | 13.5 x 30.5 in', '', '', '', '', '', '', '', '2017-12-17 02:20:52', 'aryaputra@tulisan.com', '2017-12-27 04:45:36'),
(403, 170, 'HSA1604', 11, 21, 3, 5, '328000', 'Free Size', '34 x 77 cm | 13.5 x 30.5 in', '', '', '', '', '', '', '', '2017-12-17 02:21:14', 'aryaputra@tulisan.com', '2017-12-27 04:46:41'),
(404, 170, 'HSA1604', 11, 21, 32, 5, '328000', 'Free Size', '34 x 77 cm | 13.5 x 30.5 in', '', '', '', '', '', '', '', '2017-12-17 02:21:31', 'aryaputra@tulisan.com', '2017-12-27 04:47:52'),
(405, 171, 'HSA1605', 11, 25, 19, 5, '328000', 'Free Size', '34 x 77 cm | 13.5 x 30.5 in', '', '', '', '', '', '', '', '2017-12-17 02:22:00', 'aryaputra@tulisan.com', '2017-12-27 04:59:41'),
(406, 171, 'HSA1605', 11, 25, 54, 5, '328000', 'Free Size', '34 x 77 cm | 13.5 x 30.5 in', '', '', '', '', '', '', '', '2017-12-17 02:22:12', 'aryaputra@tulisan.com', '2017-12-27 04:59:55'),
(407, 172, 'HSA1606', 11, 22, 19, 5, '328000', 'Free Size', '34 x 77 cm | 13.5 x 30.5 in', '', '', '', '', '', '', '', '2017-12-17 02:22:36', 'aryaputra@tulisan.com', '2017-12-27 05:01:22'),
(408, 172, 'HSA1606', 11, 22, 54, 5, '328000', 'Free Size', '34 x 77 cm | 13.5 x 30.5 in', '', '', '', '', '', '', '', '2017-12-17 02:22:47', 'aryaputra@tulisan.com', '2017-12-27 05:01:38'),
(409, 173, 'HSA1624', 9, 6, 32, 3, '328000', 'Free Size', '34 x 77 cm | 13.5 x 30.5 in', '', '', '', '', '', '', 'aryaputra@tulisan.com', '2017-12-18 08:59:52', 'aryaputra@tulisan.com', '2017-12-27 05:02:58'),
(410, 173, 'HSA1624', 9, 6, 49, 0, '328000', 'Free Size', '34 x 77 cm | 13.5 x 30.5 in', '', '', '', '', '', '', 'aryaputra@tulisan.com', '2017-12-18 09:00:17', 'aryaputra@tulisan.com', '2017-12-27 05:03:12'),
(411, 174, 'HSA1625', 9, 7, 53, 5, '328000', 'Free Size', '34 x 77 cm | 13.5 x 30.5 in', '', '', '', '', '', '', 'aryaputra@tulisan.com', '2017-12-18 09:01:00', 'aryaputra@tulisan.com', '2017-12-27 05:04:16'),
(412, 174, 'HSA1625', 9, 7, 33, 0, '328000', 'Free Size', '34 x 77 cm | 13.5 x 30.5 in', '', '', '', '', '', '', 'aryaputra@tulisan.com', '2017-12-18 09:01:20', 'aryaputra@tulisan.com', '2017-12-27 05:04:32'),
(413, 175, 'HSA1626', 9, 8, 3, 3, '328000', 'Free Size', '34 x 77 cm | 13.5 x 30.5 in', '', '', '', '', '', '', 'aryaputra@tulisan.com', '2017-12-18 09:02:20', 'aryaputra@tulisan.com', '2017-12-27 05:06:29'),
(414, 175, 'HSA1626', 9, 8, 58, 5, '328000', 'Free Size', '34 x 77 cm | 13.5 x 30.5 in', '', '', '', '', '', '', 'aryaputra@tulisan.com', '2017-12-18 09:02:47', 'aryaputra@tulisan.com', '2017-12-27 05:06:52'),
(415, 176, 'HSA1627', 9, 9, 37, 2, '328000', 'Free Size', '34 x 77 cm | 13.5 x 30.5 in', '', '', '', '', '', '', 'aryaputra@tulisan.com', '2017-12-18 09:03:41', 'aryaputra@tulisan.com', '2017-12-27 05:10:09'),
(416, 176, 'HSA1627', 9, 9, 42, 5, '328000', 'Free Size', '34 x 77 cm | 13.5 x 30.5 in', '', '', '', '', '', '', 'aryaputra@tulisan.com', '2017-12-18 09:04:04', 'aryaputra@tulisan.com', '2017-12-27 05:10:28'),
(417, 177, 'HSA1705', 5, 14, 31, 2, '328000', 'Free Size', '34 x 77 cm | 13.5 x 30.5 in', '', '', '', '', '', '', 'aryaputra@tulisan.com', '2017-12-18 09:05:30', 'aryaputra@tulisan.com', '2017-12-27 05:12:48'),
(418, 177, 'HSA1705', 5, 14, 7, 2, '328000', 'Free Size', '34 x 77 cm | 13.5 x 30.5 in', '', '', '', '', '', '', 'aryaputra@tulisan.com', '2017-12-18 09:05:48', 'aryaputra@tulisan.com', '2017-12-27 05:14:34'),
(419, 178, 'HSA1706', 5, 15, 56, 1, '328000', 'Free Size', '34 x 77 cm | 13.5 x 30.5 in', '', '', '', '', '', '', 'aryaputra@tulisan.com', '2017-12-18 09:06:37', 'aryaputra@tulisan.com', '2017-12-27 05:16:48'),
(420, 178, 'HSA1706', 5, 15, 55, 2, '328000', 'Free Size', '34 x 77 cm | 13.5 x 30.5 in', '', '', '', '', '', '', 'aryaputra@tulisan.com', '2017-12-18 09:06:55', 'aryaputra@tulisan.com', '2017-12-27 05:18:30'),
(421, 179, 'HSA1707', 5, 16, 11, 2, '328000', 'Free Size', '34 x 77 cm | 13.5 x 30.5 in', '', '', '', '', '', '', 'aryaputra@tulisan.com', '2017-12-18 09:08:19', 'aryaputra@tulisan.com', '2017-12-27 05:27:33'),
(422, 179, 'HSA1707', 5, 16, 15, 2, '328000', 'Free Size', '34 x 77 cm | 13.5 x 30.5 in', '', '', '', '', '', '', 'aryaputra@tulisan.com', '2017-12-18 09:08:37', 'aryaputra@tulisan.com', '2017-12-27 05:27:46'),
(423, 180, 'HSA1708', 5, 17, 9, 2, '328000', 'Free Size', '34 x 77 cm | 13.5 x 30.5 in', '', '', '', '', '', '', 'aryaputra@tulisan.com', '2017-12-18 09:09:20', 'aryaputra@tulisan.com', '2017-12-27 05:28:42'),
(424, 180, 'HSA1708', 5, 17, 18, 2, '328000', 'Free Size', '34 x 77 cm | 13.5 x 30.5 in', '', '', '', '', '', '', 'aryaputra@tulisan.com', '2017-12-18 09:09:36', 'aryaputra@tulisan.com', '2017-12-27 05:28:56'),
(425, 208, '', 9, 0, 0, 0, '88,000', 'NULL', '', '', '', '', '', '', '', 'aryaputra@tulisan.com', '2017-12-18 09:17:44', NULL, NULL),
(426, 209, '', 5, 19, 0, 0, '100,000', 'NULL', '', '', '', '', '', '', '', 'aryaputra@tulisan.com', '2017-12-18 09:33:07', NULL, NULL),
(427, 251, 'HTT1601', 11, 23, 3, 0, '388000', 'Free Size', '48 x 80 cm | 19 x 31.5 in', '', '', '', '', '', '', 'aryaputra@tulisan.com', '2017-12-18 09:35:52', '', '2017-12-27 19:54:22'),
(428, 252, 'HTT1603', 11, 20, 3, 1, '358000', 'Free Size', '50 x 80 cm | 19.75 x 31.5 in', '', '', '', '', '', '', 'aryaputra@tulisan.com', '2017-12-18 09:37:26', '', '2017-12-27 19:56:24'),
(429, 252, 'HTT1603', 11, 20, 32, 1, '358000', 'Free Size', '50 x 80 cm | 19.75 x 31.5 in', '', '', '', '', '', '', 'aryaputra@tulisan.com', '2017-12-18 09:37:45', '', '2017-12-27 19:56:07'),
(430, 253, 'HTT1604', 11, 21, 3, 1, '358000', 'Free Size', '50 x 80 cm | 19.75 x 31.5 in', '', '', '', '', '', '', 'aryaputra@tulisan.com', '2017-12-18 09:38:23', '', '2017-12-27 19:57:49'),
(431, 253, 'HTT1604', 11, 21, 32, 1, '358000', 'Free Size', '50 x 80 cm | 19.75 x 31.5 in', '', '', '', '', '', '', 'aryaputra@tulisan.com', '2017-12-18 09:38:38', '', '2017-12-27 19:58:05'),
(432, 254, 'HTT1605', 11, 25, 19, 1, '358000', 'Free Size', '50 x 80 cm | 19.75 x 31.5 in', '', '', '', '', '', '', 'aryaputra@tulisan.com', '2017-12-18 09:39:22', '', '2017-12-27 19:59:25'),
(433, 254, 'HTT1605', 11, 25, 54, 1, '358000', 'Free Size', '50 x 80 cm | 19.75 x 31.5 in', '', '', '', '', '', '', 'aryaputra@tulisan.com', '2017-12-18 09:39:56', '', '2017-12-27 19:59:51'),
(434, 255, 'HTT1606', 11, 22, 19, 1, '358000', 'Free Size', '50 x 80 cm | 19.75 x 31.5 in', '', '', '', '', '', '', 'aryaputra@tulisan.com', '2017-12-18 09:40:37', '', '2017-12-27 20:01:48'),
(435, 255, 'HTT1606', 11, 22, 54, 1, '358000', 'Free Size', '50 x 80 cm | 19.75 x 31.5 in', '', '', '', '', '', '', 'aryaputra@tulisan.com', '2017-12-18 09:40:56', '', '2017-12-27 20:02:53'),
(436, 256, 'HTT1622', 9, 4, 55, 2, '388000', 'Free Size', '48 x 80 cm | 19 x 31.5 in', '', '', '', '', '', '', 'aryaputra@tulisan.com', '2017-12-18 09:42:19', '', '2017-12-27 20:04:52'),
(437, 256, 'HTT1622', 9, 4, 3, 0, '388000', 'Free Size', '48 x 80 cm | 19 x 31.5 in', '', '', '', '', '', '', 'aryaputra@tulisan.com', '2017-12-18 09:42:32', '', '2017-12-27 20:05:08'),
(438, 257, 'HTT1624', 9, 6, 32, 1, '358000', 'Free Size', '50 x 80 cm | 19.75 x 31.5 in', '', '', '', '', '', '', 'aryaputra@tulisan.com', '2017-12-18 09:43:18', '', '2017-12-27 20:06:27'),
(439, 257, 'HTT1624', 9, 6, 49, 1, '358000', 'Free Size', '50 x 80 cm | 19.75 x 31.5 in', '', '', '', '', '', '', 'aryaputra@tulisan.com', '2017-12-18 09:43:37', '', '2017-12-27 20:06:43'),
(440, 258, 'HTT1625', 9, 7, 53, 1, '358000', 'Free Size', '50 x 80 cm | 19.75 x 31.5 in', '', '', '', '', '', '', 'aryaputra@tulisan.com', '2017-12-18 09:45:03', '', '2017-12-27 20:07:44'),
(441, 258, 'HTT1625', 9, 7, 33, 1, '358000', 'Free Size', '50 x 80 cm | 19.75 x 31.5 in', '', '', '', '', '', '', 'aryaputra@tulisan.com', '2017-12-18 09:45:21', '', '2017-12-27 20:08:09'),
(442, 259, 'HTT1626', 9, 8, 3, 1, '358000', 'Free Size', '50 x 80 cm | 19.75 x 31.5 in', '', '', '', '', '', '', 'aryaputra@tulisan.com', '2017-12-18 09:46:26', '', '2017-12-27 20:12:41'),
(443, 259, 'HTT1626', 9, 8, 58, 3, '358000', 'Free Size', '50 x 80 cm | 19.75 x 31.5 in', '', '', '', '', '', '', 'aryaputra@tulisan.com', '2017-12-18 09:46:43', '', '2017-12-27 20:13:09'),
(444, 260, 'HTT1627', 9, 9, 37, 1, '358000', 'Free Size', '50 x 80 cm | 19.75 x 31.5 in', '', '', '', '', '', '', 'aryaputra@tulisan.com', '2017-12-18 09:47:29', '', '2017-12-27 20:14:38'),
(445, 260, 'HTT1627', 9, 9, 42, 2, '358000', 'Free Size', '50 x 80 cm | 19.75 x 31.5 in', '', '', '', '', '', '', 'aryaputra@tulisan.com', '2017-12-18 09:47:54', '', '2017-12-27 20:14:53'),
(446, 261, 'HTT1701', 5, 10, 32, 2, '388000', 'Free Size', '48 x 80 cm | 19 x 31.5 in', '', '', '', '', '', '', 'aryaputra@tulisan.com', '2017-12-18 09:49:41', '', '2017-12-27 20:16:10'),
(447, 262, 'HTT1702', 5, 11, 7, 1, '388000', 'Free Size', '48 x 80 cm | 19 x 31.5 in', '', '', '', '', '', '', 'aryaputra@tulisan.com', '2017-12-18 09:50:30', '', '2017-12-27 20:18:11'),
(448, 263, 'HTT1703', 5, 12, 46, 2, '388000', 'Free Size', '48 x 80 cm | 19 x 31.5 in', '', '', '', '', '', '', 'aryaputra@tulisan.com', '2017-12-18 09:51:45', '', '2017-12-27 20:19:34'),
(449, 264, 'HTT1704', 5, 13, 9, 2, '388000', 'Free Size', '48 x 80 cm | 19 x 31.5 in', '', '', '', '', '', '', 'aryaputra@tulisan.com', '2017-12-18 09:53:20', '', '2017-12-27 20:20:45'),
(450, 265, 'HTT1705', 5, 14, 31, 2, '358000', 'Free Size', '50 x 80 cm | 19.75 x 31.5 in', '', '', '', '', '', '', 'aryaputra@tulisan.com', '2017-12-18 09:54:29', '', '2017-12-27 20:21:53'),
(451, 265, 'HTT1705', 5, 14, 7, 2, '358000', 'Free Size', '50 x 80 cm | 19.75 x 31.5 in', '', '', '', '', '', '', 'aryaputra@tulisan.com', '2017-12-18 09:54:49', '', '2017-12-27 20:22:08'),
(452, 266, 'HTT1706', 5, 15, 56, 1, '358000', 'Free Size', '50 x 80 cm | 19.75 x 31.5 in', '', '', '', '', '', '', 'aryaputra@tulisan.com', '2017-12-18 09:55:45', '', '2017-12-27 20:23:14'),
(453, 266, 'HTT1706', 5, 15, 55, 1, '358000', 'Free Size', '50 x 80 cm | 19.75 x 31.5 in', '', '', '', '', '', '', 'aryaputra@tulisan.com', '2017-12-18 09:56:05', '', '2017-12-27 20:23:33'),
(454, 267, 'HTT1707', 5, 16, 11, 2, '358000', 'Free Size', '50 x 80 cm | 19.75 x 31.5 in', '', '', '', '', '', '', 'aryaputra@tulisan.com', '2017-12-18 09:56:53', '', '2017-12-27 20:25:24'),
(455, 267, 'HTT1707', 5, 16, 15, 2, '358000', 'Free Size', '50 x 80 cm | 19.75 x 31.5 in', '', '', '', '', '', '', 'aryaputra@tulisan.com', '2017-12-18 09:57:09', '', '2017-12-27 20:26:27'),
(456, 268, 'HTT1708', 5, 17, 9, 3, '358000', 'Free Size', '50 x 80 cm | 19.75 x 31.5 in', '', '', '', '', '', '', 'aryaputra@tulisan.com', '2017-12-18 09:58:04', '', '2017-12-27 20:32:16'),
(457, 268, 'HTT1708', 5, 17, 18, 3, '358000', 'Free Size', '50 x 80 cm | 19.75 x 31.5 in', '', '', '', '', '', '', 'aryaputra@tulisan.com', '2017-12-18 09:59:23', '', '2017-12-27 20:32:31'),
(458, 193, 'ATW1603', 11, 20, 3, 2, '398000', 'Free Size', 'One size', '', '', '', '', '', '', 'aryaputra@tulisan.com', '2017-12-18 10:02:03', 'aryaputra@tulisan.com', '2017-12-27 05:32:10'),
(459, 193, 'ATW1603', 11, 20, 32, 2, '398000', 'Free Size', 'One size', '', '', '', '', '', '', 'aryaputra@tulisan.com', '2017-12-18 10:02:22', 'aryaputra@tulisan.com', '2017-12-27 05:32:27'),
(460, 194, 'ATW1604', 11, 21, 3, 2, '398000', 'Free Size', 'One size', '', '', '', '', '', '', 'aryaputra@tulisan.com', '2017-12-18 10:03:07', 'aryaputra@tulisan.com', '2017-12-27 05:33:41'),
(461, 194, 'ATW1604', 11, 21, 32, 2, '398000', 'Free Size', 'One size', '', '', '', '', '', '', 'aryaputra@tulisan.com', '2017-12-18 10:03:22', 'aryaputra@tulisan.com', '2017-12-27 05:33:53'),
(462, 195, 'ATW1605', 11, 25, 19, 2, '398000', 'Free Size', 'One size', '', '', '', '', '', '', 'aryaputra@tulisan.com', '2017-12-18 10:04:17', 'aryaputra@tulisan.com', '2017-12-27 05:34:46'),
(463, 195, 'ATW1605', 11, 25, 54, 2, '398000', 'Free Size', 'One size', '', '', '', '', '', '', 'aryaputra@tulisan.com', '2017-12-18 10:04:37', 'aryaputra@tulisan.com', '2017-12-27 05:35:01'),
(464, 196, 'ATW1606', 11, 22, 19, 2, '398000', 'Free Size', 'One size', '', '', '', '', '', '', 'aryaputra@tulisan.com', '2017-12-18 10:05:25', 'aryaputra@tulisan.com', '2017-12-27 05:36:18'),
(465, 196, 'ATW1606', 11, 22, 54, 2, '398000', 'Free Size', 'One size', '', '', '', '', '', '', 'aryaputra@tulisan.com', '2017-12-18 10:05:41', 'aryaputra@tulisan.com', '2017-12-27 05:36:34'),
(466, 197, 'ATW1707', 5, 16, 11, 1, '398000', 'Free Size', 'One size', '', '', '', '', '', '', 'aryaputra@tulisan.com', '2017-12-18 10:06:21', 'aryaputra@tulisan.com', '2017-12-27 05:37:38'),
(467, 197, 'ATW1707', 5, 16, 15, 0, '398000', 'Free Size', 'One size', '', '', '', '', '', '', 'aryaputra@tulisan.com', '2017-12-18 10:06:38', 'aryaputra@tulisan.com', '2017-12-27 05:42:28'),
(468, 113, '', 11, 20, 3, 0, '1,398,000', 'NULL', '', '', '', '', '', '', '', '', '2017-12-20 02:08:27', NULL, NULL),
(469, 113, '', 11, 20, 32, 0, '1,398,000', 'NULL', '', '', '', '', '', '', '', '', '2017-12-20 02:08:59', NULL, NULL),
(470, 114, '', 11, 21, 3, 0, '1,398,000', 'NULL', '', '', '', '', '', '', '', '', '2017-12-20 02:10:38', NULL, NULL),
(471, 114, '', 11, 21, 32, 0, '1,398,000', 'NULL', '', '', '', '', '', '', '', '', '2017-12-20 02:11:02', NULL, NULL),
(472, 115, '', 11, 25, 19, 0, '1,398,000', 'NULL', '', '', '', '', '', '', '', '', '2017-12-20 02:12:55', NULL, NULL),
(473, 115, '', 11, 25, 54, 0, '1,398,000', 'NULL', '', '', '', '', '', '', '', '', '2017-12-20 02:13:14', NULL, NULL),
(474, 116, '', 11, 22, 19, 0, '1,398,000', 'NULL', '', '', '', '', '', '', '', '', '2017-12-20 02:14:24', NULL, NULL),
(475, 116, '', 11, 22, 54, 0, '1,398,000', 'NULL', '', '', '', '', '', '', '', '', '2017-12-20 02:15:04', NULL, NULL),
(476, 117, '', 9, 8, 3, 0, '1,398,000', 'NULL', '', '', '', '', '', '', '', '', '2017-12-20 02:16:50', NULL, NULL),
(477, 117, '', 9, 8, 58, 0, '', 'NULL', '', '', '', '', '', '', '', '', '2017-12-20 02:17:20', NULL, NULL),
(478, 269, 'HTT1511', 17, 26, 26, 2, '368,000', 'Free Size', '48 x 80 cm | 19 x 31.5 in', '', '', '', '', '', '', '', '2017-12-27 20:35:50', NULL, NULL),
(479, 269, 'HTT1511', 17, 26, 24, 2, '368,000', 'Free Size', '48 x 80 cm | 19 x 31.5 in', '', '', '', '', '', '', '', '2017-12-27 20:36:20', NULL, NULL),
(480, 269, 'HTT1511', 17, 26, 42, 2, '368000', 'Free Size', '48 x 80 cm | 19 x 31.5 in', '', '', '', '', '', '', '', '2017-12-27 20:36:51', '', '2017-12-27 20:37:08'),
(481, 269, 'HTT1511', 17, 26, 56, 2, '368,000', 'Free Size', '48 x 80 cm | 19 x 31.5 in', '', '', '', '', '', '', '', '2017-12-27 20:37:41', NULL, NULL),
(482, 309, 'HAK1627', 0, 9, 37, 0, '368000', 'Free Size', '73 x 80 cm | 28.75 x 31.5 in', '', '', '', '', '', '', 'aryaputra@tulisan.com', '2017-12-28 03:08:21', NULL, NULL),
(483, 309, 'HAK1627', 0, 9, 42, 1, '368000', 'Free Size', '73 x 80 cm | 28.75 x 31.5 in', '', '', '', '', '', '', 'aryaputra@tulisan.com', '2017-12-28 03:08:21', NULL, NULL);

-- --------------------------------------------------------

--
-- Struktur dari tabel `shipping_options`
--

CREATE TABLE `shipping_options` (
  `idData` int(11) NOT NULL,
  `name` varchar(100) NOT NULL,
  `createdBy` varchar(100) NOT NULL,
  `createdDate` datetime NOT NULL,
  `changedBy` varchar(100) DEFAULT NULL,
  `changedDate` datetime DEFAULT NULL
) ENGINE=InnoDB DEFAULT CHARSET=latin1;

-- --------------------------------------------------------

--
-- Struktur dari tabel `users`
--

CREATE TABLE `users` (
  `idData` int(11) NOT NULL,
  `name` varchar(100) NOT NULL,
  `username` varchar(100) NOT NULL,
  `password` varchar(100) NOT NULL,
  `type` varchar(100) NOT NULL,
  `departmentId` int(11) NOT NULL,
  `picture` varchar(100) NOT NULL,
  `confirmation` varchar(10) NOT NULL DEFAULT 'no',
  `createdBy` varchar(100) NOT NULL,
  `createdDate` datetime NOT NULL,
  `changedBy` varchar(100) DEFAULT NULL,
  `changedDate` datetime DEFAULT NULL
) ENGINE=InnoDB DEFAULT CHARSET=latin1;

--
-- Dumping data untuk tabel `users`
--

INSERT INTO `users` (`idData`, `name`, `username`, `password`, `type`, `departmentId`, `picture`, `confirmation`, `createdBy`, `createdDate`, `changedBy`, `changedDate`) VALUES
(0, 'Administrator', 'admin@tulisan.com', '21232f297a57a5a743894a0e4a801fc3', 'admin', 1, 'users_1.gif', 'belum', 'SESSION_TEST', '2017-10-23 19:57:19', 'SESSION_TEST', '2017-10-23 20:10:30'),
(3, 'megan', 'megan@syncard.com', '202cb962ac59075b964b07152d234b70', 'admin', 4, 'users_3.jpg', 'belum', 'SESSION_TEST', '2017-10-23 20:13:56', 'SESSION_TEST', '2017-10-23 20:22:18'),
(4, 'Demo Customer', 'demo@tulisan.com', 'fe01ce2a7fbac8fafaed7c982a04e229', 'Customer', 0, 'users_4.jpg', 'belum', 'SESSION_TEST', '2017-10-23 21:32:06', 'SESSION_TEST', '2017-11-14 20:57:17'),
(5, 'Arya Putra Gautama', 'aryaputra@tulisan.com', 'a372c11ba72c8688579b1794d0ef4fbb', 'admin', 4, 'users_5_20171214111550am.JPG', 'no', 'admin@tulisan.com', '2017-12-14 11:14:17', 'admin@tulisan.com', '2017-12-14 11:19:24');

-- --------------------------------------------------------

--
-- Struktur dari tabel `vendors`
--

CREATE TABLE `vendors` (
  `idData` int(11) NOT NULL,
  `name` varchar(100) NOT NULL,
  `address` text NOT NULL,
  `city` varchar(100) NOT NULL,
  `country` varchar(5) NOT NULL,
  `zipCode` varchar(10) NOT NULL,
  `phone` varchar(16) NOT NULL,
  `email` varchar(100) NOT NULL,
  `company` varchar(100) NOT NULL,
  `createdBy` varchar(100) NOT NULL,
  `createdDate` datetime NOT NULL,
  `changedBy` varchar(100) DEFAULT NULL,
  `changedDate` datetime DEFAULT NULL
) ENGINE=InnoDB DEFAULT CHARSET=latin1;

--
-- Dumping data untuk tabel `vendors`
--

INSERT INTO `vendors` (`idData`, `name`, `address`, `city`, `country`, `zipCode`, `phone`, `email`, `company`, `createdBy`, `createdDate`, `changedBy`, `changedDate`) VALUES
(3, 'Vendor 1', 'Jalan... ', 'Bandung', 'Indon', 'xxxxx', '123', 'email@co.com', 'No Company', 'SESSION_TEST', '2017-10-23 22:10:27', 'SESSION_TEST', '2017-10-23 22:13:52');

--
-- Indexes for dumped tables
--

--
-- Indeks untuk tabel `cancelation`
--
ALTER TABLE `cancelation`
  ADD PRIMARY KEY (`idData`);

--
-- Indeks untuk tabel `categories`
--
ALTER TABLE `categories`
  ADD PRIMARY KEY (`idData`);

--
-- Indeks untuk tabel `cms_blog`
--
ALTER TABLE `cms_blog`
  ADD PRIMARY KEY (`idData`);

--
-- Indeks untuk tabel `cms_chatter`
--
ALTER TABLE `cms_chatter`
  ADD PRIMARY KEY (`idData`);

--
-- Indeks untuk tabel `cms_home`
--
ALTER TABLE `cms_home`
  ADD PRIMARY KEY (`idData`);

--
-- Indeks untuk tabel `cms_home_gallery`
--
ALTER TABLE `cms_home_gallery`
  ADD PRIMARY KEY (`idData`);

--
-- Indeks untuk tabel `cms_story`
--
ALTER TABLE `cms_story`
  ADD PRIMARY KEY (`idData`);

--
-- Indeks untuk tabel `cms_story_artwork`
--
ALTER TABLE `cms_story_artwork`
  ADD PRIMARY KEY (`idData`);

--
-- Indeks untuk tabel `cms_video`
--
ALTER TABLE `cms_video`
  ADD PRIMARY KEY (`idData`);

--
-- Indeks untuk tabel `colors`
--
ALTER TABLE `colors`
  ADD PRIMARY KEY (`idData`);

--
-- Indeks untuk tabel `countries`
--
ALTER TABLE `countries`
  ADD PRIMARY KEY (`id`);

--
-- Indeks untuk tabel `customers`
--
ALTER TABLE `customers`
  ADD PRIMARY KEY (`idData`);

--
-- Indeks untuk tabel `departments`
--
ALTER TABLE `departments`
  ADD PRIMARY KEY (`idData`);

--
-- Indeks untuk tabel `feedback`
--
ALTER TABLE `feedback`
  ADD PRIMARY KEY (`idData`);

--
-- Indeks untuk tabel `orders`
--
ALTER TABLE `orders`
  ADD PRIMARY KEY (`idData`);

--
-- Indeks untuk tabel `orders_item`
--
ALTER TABLE `orders_item`
  ADD PRIMARY KEY (`idData`);

--
-- Indeks untuk tabel `products`
--
ALTER TABLE `products`
  ADD PRIMARY KEY (`idData`);

--
-- Indeks untuk tabel `products_variant`
--
ALTER TABLE `products_variant`
  ADD PRIMARY KEY (`idData`);

--
-- Indeks untuk tabel `shipping_options`
--
ALTER TABLE `shipping_options`
  ADD PRIMARY KEY (`idData`);

--
-- Indeks untuk tabel `users`
--
ALTER TABLE `users`
  ADD PRIMARY KEY (`idData`);

--
-- Indeks untuk tabel `vendors`
--
ALTER TABLE `vendors`
  ADD PRIMARY KEY (`idData`);

--
-- AUTO_INCREMENT untuk tabel yang dibuang
--

--
-- AUTO_INCREMENT untuk tabel `cancelation`
--
ALTER TABLE `cancelation`
  MODIFY `idData` int(11) NOT NULL AUTO_INCREMENT, AUTO_INCREMENT=2;

--
-- AUTO_INCREMENT untuk tabel `categories`
--
ALTER TABLE `categories`
  MODIFY `idData` int(11) NOT NULL AUTO_INCREMENT, AUTO_INCREMENT=5;

--
-- AUTO_INCREMENT untuk tabel `cms_blog`
--
ALTER TABLE `cms_blog`
  MODIFY `idData` int(11) NOT NULL AUTO_INCREMENT, AUTO_INCREMENT=3;

--
-- AUTO_INCREMENT untuk tabel `cms_chatter`
--
ALTER TABLE `cms_chatter`
  MODIFY `idData` int(11) NOT NULL AUTO_INCREMENT, AUTO_INCREMENT=3;

--
-- AUTO_INCREMENT untuk tabel `cms_home`
--
ALTER TABLE `cms_home`
  MODIFY `idData` int(11) NOT NULL AUTO_INCREMENT, AUTO_INCREMENT=7;

--
-- AUTO_INCREMENT untuk tabel `cms_home_gallery`
--
ALTER TABLE `cms_home_gallery`
  MODIFY `idData` int(11) NOT NULL AUTO_INCREMENT, AUTO_INCREMENT=8;

--
-- AUTO_INCREMENT untuk tabel `cms_story`
--
ALTER TABLE `cms_story`
  MODIFY `idData` int(11) NOT NULL AUTO_INCREMENT, AUTO_INCREMENT=18;

--
-- AUTO_INCREMENT untuk tabel `cms_story_artwork`
--
ALTER TABLE `cms_story_artwork`
  MODIFY `idData` int(11) NOT NULL AUTO_INCREMENT, AUTO_INCREMENT=29;

--
-- AUTO_INCREMENT untuk tabel `cms_video`
--
ALTER TABLE `cms_video`
  MODIFY `idData` int(11) NOT NULL AUTO_INCREMENT, AUTO_INCREMENT=7;

--
-- AUTO_INCREMENT untuk tabel `colors`
--
ALTER TABLE `colors`
  MODIFY `idData` int(11) NOT NULL AUTO_INCREMENT, AUTO_INCREMENT=59;

--
-- AUTO_INCREMENT untuk tabel `countries`
--
ALTER TABLE `countries`
  MODIFY `id` int(11) NOT NULL AUTO_INCREMENT, AUTO_INCREMENT=246;

--
-- AUTO_INCREMENT untuk tabel `customers`
--
ALTER TABLE `customers`
  MODIFY `idData` int(11) NOT NULL AUTO_INCREMENT, AUTO_INCREMENT=2;

--
-- AUTO_INCREMENT untuk tabel `departments`
--
ALTER TABLE `departments`
  MODIFY `idData` int(11) NOT NULL AUTO_INCREMENT, AUTO_INCREMENT=5;

--
-- AUTO_INCREMENT untuk tabel `feedback`
--
ALTER TABLE `feedback`
  MODIFY `idData` int(11) NOT NULL AUTO_INCREMENT, AUTO_INCREMENT=2;

--
-- AUTO_INCREMENT untuk tabel `orders`
--
ALTER TABLE `orders`
  MODIFY `idData` int(11) NOT NULL AUTO_INCREMENT, AUTO_INCREMENT=10;

--
-- AUTO_INCREMENT untuk tabel `orders_item`
--
ALTER TABLE `orders_item`
  MODIFY `idData` int(11) NOT NULL AUTO_INCREMENT, AUTO_INCREMENT=13;

--
-- AUTO_INCREMENT untuk tabel `products`
--
ALTER TABLE `products`
  MODIFY `idData` int(11) NOT NULL AUTO_INCREMENT, AUTO_INCREMENT=311;

--
-- AUTO_INCREMENT untuk tabel `products_variant`
--
ALTER TABLE `products_variant`
  MODIFY `idData` int(11) NOT NULL AUTO_INCREMENT, AUTO_INCREMENT=484;

--
-- AUTO_INCREMENT untuk tabel `shipping_options`
--
ALTER TABLE `shipping_options`
  MODIFY `idData` int(11) NOT NULL AUTO_INCREMENT;

--
-- AUTO_INCREMENT untuk tabel `users`
--
ALTER TABLE `users`
  MODIFY `idData` int(11) NOT NULL AUTO_INCREMENT, AUTO_INCREMENT=6;

--
-- AUTO_INCREMENT untuk tabel `vendors`
--
ALTER TABLE `vendors`
  MODIFY `idData` int(11) NOT NULL AUTO_INCREMENT, AUTO_INCREMENT=4;
COMMIT;

/*!40101 SET CHARACTER_SET_CLIENT=@OLD_CHARACTER_SET_CLIENT */;
/*!40101 SET CHARACTER_SET_RESULTS=@OLD_CHARACTER_SET_RESULTS */;
/*!40101 SET COLLATION_CONNECTION=@OLD_COLLATION_CONNECTION */;
