-- phpMyAdmin SQL Dump
-- version 4.7.5
-- https://www.phpmyadmin.net/
--
-- Host: localhost
-- Waktu pembuatan: 07 Jan 2018 pada 18.59
-- Versi server: 5.5.42
-- Versi PHP: 5.6.10

SET SQL_MODE = "NO_AUTO_VALUE_ON_ZERO";
SET AUTOCOMMIT = 0;
START TRANSACTION;
SET time_zone = "+00:00";


/*!40101 SET @OLD_CHARACTER_SET_CLIENT=@@CHARACTER_SET_CLIENT */;
/*!40101 SET @OLD_CHARACTER_SET_RESULTS=@@CHARACTER_SET_RESULTS */;
/*!40101 SET @OLD_COLLATION_CONNECTION=@@COLLATION_CONNECTION */;
/*!40101 SET NAMES utf8mb4 */;

--
-- Database: `tulisan_migration_5`
--

-- --------------------------------------------------------

--
-- Struktur dari tabel `cancelation`
--

CREATE TABLE `cancelation` (
  `idData` int(11) NOT NULL,
  `orderId` int(11) NOT NULL,
  `reason` text NOT NULL,
  `createdBy` varchar(100) NOT NULL,
  `createdDate` datetime NOT NULL,
  `changedBy` varchar(100) DEFAULT NULL,
  `changedDate` datetime DEFAULT NULL
) ENGINE=InnoDB DEFAULT CHARSET=latin1;

-- --------------------------------------------------------

--
-- Struktur dari tabel `categories`
--

CREATE TABLE `categories` (
  `idData` int(11) NOT NULL,
  `name` varchar(100) NOT NULL,
  `createdBy` varchar(100) NOT NULL,
  `createdDate` datetime NOT NULL,
  `changedBy` varchar(100) DEFAULT NULL,
  `changedDate` datetime DEFAULT NULL
) ENGINE=InnoDB DEFAULT CHARSET=latin1;

--
-- Dumping data untuk tabel `categories`
--

INSERT INTO `categories` (`idData`, `name`, `createdBy`, `createdDate`, `changedBy`, `changedDate`) VALUES
(1, 'Bags & Totes', 'aryaputra@tulisan.com', '2017-12-26 22:28:42', 'aryaputra@tulisan.com', '2017-12-26 22:29:16'),
(2, 'Accessories', 'aryaputra@tulisan.com', '2017-12-26 22:30:22', NULL, NULL),
(3, 'For The Home', 'aryaputra@tulisan.com', '2017-12-26 22:30:40', NULL, NULL),
(4, 'Stationery', 'aryaputra@tulisan.com', '2017-12-26 22:31:13', NULL, NULL);

-- --------------------------------------------------------

--
-- Struktur dari tabel `cms_blog`
--

CREATE TABLE `cms_blog` (
  `idData` int(11) NOT NULL,
  `title` varchar(100) NOT NULL,
  `date` varchar(100) NOT NULL,
  `subtitle` varchar(255) NOT NULL,
  `description` text NOT NULL,
  `photoBy` varchar(100) NOT NULL,
  `pictures` text NOT NULL,
  `link` text NOT NULL,
  `createdBy` varchar(100) NOT NULL,
  `createdDate` datetime NOT NULL,
  `changedBy` varchar(100) DEFAULT NULL,
  `changedDate` datetime DEFAULT NULL
) ENGINE=InnoDB DEFAULT CHARSET=latin1;

--
-- Dumping data untuk tabel `cms_blog`
--

INSERT INTO `cms_blog` (`idData`, `title`, `date`, `subtitle`, `description`, `photoBy`, `pictures`, `link`, `createdBy`, `createdDate`, `changedBy`, `changedDate`) VALUES
(2, 'DOTTY OUTFIT', '25TH FEBRUARY 2014', 'LOCATION: NEW YORK', 'PHNwYW4gc3R5bGU9ImZvbnQtd2VpZ2h0OiBib2xkOyB0ZXh0LWFsaWduOiBqdXN0aWZ5OyI+QWx3YXlzIG9wdGluZyBmb3IgYSBiZWF1dGlmdWwgdHdvIHBpZWNlLCBvciBldmVuIGJldHRlciwgdGhyZWUgcGllY2UgZW5zZW1ibGUgaXMgc3VjaCBhbiBlYXN5IGFuZCBwb2xpc2hlZCB3YXkgb2YgZHJlc3NpbmcuIEluIHRoaXNjYXNlLCBJIGRlY2lkZWQgdG8gbGF5ZXIgZG90cyBvbiBkb3RzIG9uIGRvdHMgb24gbXkgbmV3IGZhdm91cml0ZSBkb3R0eSBiYWcuIEkgc3RpbGwgcmVtZW1iZXIgaG93IEkgZmVsdCB0aGUgZGF5IHdlIHNob3QgdGhlc2UgcGhvdG9zLlRoZSB0aW5pZXN0IHNsaXRoZXIgb2Ygc2lsdmVyIGxpZ2h0IGVzY2FwZWQgZnJvbSBiZXR3ZWVuIHRoZSBncmV5IHNoZWV0IG9mIGNsb3VkcyBhYm92ZSBhbmQgc3BpbGxlZCBvbnRvIHRoZSBjb25jcmV0ZSBwYXZlbWVudCBiZWxvdy5Gb3Igc29tZW9uZSB3aG8gaGFkbuKAmXQgc2VlbiBzdW4gaW4gdHdvIHdlZWtzIGl0IG1hZGUgZXZlcnl0aGluZyBpbGx1bWluYXRlIHdpdGggYSBzb2Z0IHNpbHZlciBnbG93IHRlbiB0aW1lcyBtb3JlIHRoYW4gdXN1YWwuIEl0d2FzIG5pY2UgdG8gZmluYWxseSB3aXRuZXNzIE5ldyBZb3JrIGluIHRoZSBzaGltbWVyaW5nIGxpZ2h0IEkgaGFkIGJlZW4gdmlzdWFsaXNpbmcgaXQgaW4gZXZlciBzaW5jZSBJIGxlZnQgYmFjayBpbiBTZXB0ZW1iZXIsIHBlcmNoZWRoaWdoIG9uIGl0cyBzbWl0dGVuIHBlZGVzdGFsIGFjY29tcGFuaWVkIGJ5IGJpZ2dlciBhbmQgYmV0dGVyIGV4cGVjdGF0aW9ucy4gTHVja2lseSwgTmV3IFlvcmsgYWx3YXlzIGRlbGl2ZXJzPC9zcGFuPjxicj4=', 'Carin Olsson', 'blogs_2(1).jpg,blogs_2(2).jpg,blogs_2(3).jpg', '', 'SESSION_TEST', '2017-10-23 17:05:25', NULL, NULL),
(4, 'Happy New Year!', '1 January 2017', '', 'PHAgc3R5bGU9XCJiYWNrZ3JvdW5kLWNvbG9yOiB0cmFuc3BhcmVudDsgYm9yZGVyOiAwcHg7IG1hcmdpbi1ib3R0b206IDIwcHg7IHBhZGRpbmc6IDBweDsgdmVydGljYWwtYWxpZ246IGJhc2VsaW5lOyBjb2xvcjogcmdiKDAsIDAsIDApOyBmb250LWZhbWlseTogR2VvcmdpYSwgVGltZXMsIFwnVGltZXMgTmV3IFJvbWFuXCcsIHNlcmlmOyB0ZXh0LWFsaWduOiBjZW50ZXI7XCI+PHN0cm9uZyBzdHlsZT1cImJhY2tncm91bmQtY29sb3I6IHRyYW5zcGFyZW50OyBib3JkZXI6IDBweDsgbWFyZ2luOiAwcHg7IHBhZGRpbmc6IDBweDsgdmVydGljYWwtYWxpZ246IGJhc2VsaW5lOyBiYWNrZ3JvdW5kLXBvc2l0aW9uOiBpbml0aWFsIGluaXRpYWw7IGJhY2tncm91bmQtcmVwZWF0OiBpbml0aWFsIGluaXRpYWw7XCI+SGFwcHkgTmV3IFllYXIgMjAxNzxicj48L3N0cm9uZz48L3A+PHAgc3R5bGU9XCJiYWNrZ3JvdW5kLWNvbG9yOiB0cmFuc3BhcmVudDsgYm9yZGVyOiAwcHg7IG1hcmdpbi1ib3R0b206IDBweDsgcGFkZGluZzogMHB4OyB2ZXJ0aWNhbC1hbGlnbjogYmFzZWxpbmU7IGNvbG9yOiByZ2IoMCwgMCwgMCk7IGZvbnQtZmFtaWx5OiBHZW9yZ2lhLCBUaW1lcywgXCdUaW1lcyBOZXcgUm9tYW5cJywgc2VyaWY7IHRleHQtYWxpZ246IGNlbnRlcjtcIj5UdWxpc2FuIGJvdXRpcXVlcyBhdCB0aGUgRGFybWF3YW5nc2EgU3F1YXJlIGFuZCB0aGUgQ29sb255IEtlbWFuZyBhcmUgY2xvc2VkIG9uIDEgSmFudWFyeSAyMDE3Ljxicj5QbGVhc2Ugbm90ZSB0aGF0IHdlIHdpbGwgbm90IHByb2Nlc3MgYW55IHdlYiBvcmRlcnMgZHVyaW5nIHRoYXQgdGltZS48L3A+', 'Bima Chris', 'blogs_4(1).jpg', '', 'admin@tulisan.com', '2018-01-04 00:23:26', NULL, NULL),
(5, 'Tari Pulsar 1/3', '23 January 2017', '', 'PHNwYW4gc3R5bGU9XCJjb2xvcjogcmdiKDAsIDAsIDApOyBmb250LWZhbWlseTogR2VvcmdpYSwgVGltZXMsIFwnVGltZXMgTmV3IFJvbWFuXCcsIHNlcmlmOyBmb250LXN0eWxlOiBpdGFsaWM7XCI+4oCcVGhlIGZhdGUgb2YgdGhlIG9yYW5ndXRhbnMsIHdobyBoYXZlIGdyYWR1YWxseSBiZWVuIGRlcHJpdmVkIG9mIHRoZWlyIGxpdmluZyBoYWJpdGF0LCBkaWQgbm90IGFmZmVjdCBob3cgSSBzbGVwdCwgcHJpbXBlZCwgb3IgYXRlLiBBdCBsZWFzdCwgSSB3YXMgdGhpcyBuYWl2ZSB3aGVuIEkgZmlyc3QgcmVjZWl2ZWQgZGF0YSBzaG93aW5nIHRoYXQgdGhlIG9yYW5ndXRhbnMgd2VyZSBvbiB0aGUgYm9yZGVyIG9mIGV4dGluY3Rpb24uIEluIDIwMTYsIHRoZWlyIHBvcHVsYXRpb24gaGFkIHJlYWNoZWQgYSBjcml0aWNhbCBwb2ludCwgYXJvdW5kIDU1LDAwMCBvZiB0aGUmbmJzcDs8L3NwYW4+PHNwYW4gc3R5bGU9XCJiYWNrZ3JvdW5kLWNvbG9yOiB0cmFuc3BhcmVudDsgYm9yZGVyOiAwcHg7IG1hcmdpbjogMHB4OyBwYWRkaW5nOiAwcHg7IHZlcnRpY2FsLWFsaWduOiBiYXNlbGluZTsgY29sb3I6IHJnYigwLCAwLCAwKTsgZm9udC1mYW1pbHk6IEdlb3JnaWEsIFRpbWVzLCBcJ1RpbWVzIE5ldyBSb21hblwnLCBzZXJpZjtcIj5Qb25nbyBQeWdtYWV1czwvc3Bhbj48c3BhbiBzdHlsZT1cImNvbG9yOiByZ2IoMCwgMCwgMCk7IGZvbnQtZmFtaWx5OiBHZW9yZ2lhLCBUaW1lcywgXCdUaW1lcyBOZXcgUm9tYW5cJywgc2VyaWY7IGZvbnQtc3R5bGU6IGl0YWxpYztcIj4mbmJzcDtzcGVjaWVzIHdoaWNoIHNldHRsZWQgaW4gS2FsaW1hbnRhbiBhbmQgb25seSAyMDAgb2YgdGhlJm5ic3A7PC9zcGFuPjxzcGFuIHN0eWxlPVwiYmFja2dyb3VuZC1jb2xvcjogdHJhbnNwYXJlbnQ7IGJvcmRlcjogMHB4OyBtYXJnaW46IDBweDsgcGFkZGluZzogMHB4OyB2ZXJ0aWNhbC1hbGlnbjogYmFzZWxpbmU7IGNvbG9yOiByZ2IoMCwgMCwgMCk7IGZvbnQtZmFtaWx5OiBHZW9yZ2lhLCBUaW1lcywgXCdUaW1lcyBOZXcgUm9tYW5cJywgc2VyaWY7XCI+UG9uZ28gQWJlbGlpPC9zcGFuPjxzcGFuIHN0eWxlPVwiY29sb3I6IHJnYigwLCAwLCAwKTsgZm9udC1mYW1pbHk6IEdlb3JnaWEsIFRpbWVzLCBcJ1RpbWVzIE5ldyBSb21hblwnLCBzZXJpZjsgZm9udC1zdHlsZTogaXRhbGljO1wiPiZuYnNwO3doaWNoIHN0aWxsIHN1cnZpdmVkIGluIHRoZSBTdW1hdHJhbiByYWluZm9yZXN0cy4gSW5jbHVkaW5nIG15c2VsZiwgaGFyZGx5IGFueW9uZSBwYW5pY2tlZCBkdWUgdG8gdGhlIGZhdGUgb2YgdGhlc2Ugb3JhbmdlLXNjYXJsZXQgaGFpcmVkIGNyZWF0dXJlcyB3aXRoIGludGVsbGlnZW5jZSBhbmQgYmVoYXZpb3IgYWxtb3N0IGlkZW50aWNhbCB0byB0aG9zZSBvZiBodW1hbnMuIEl0cyBlbm9ybW91cyBoZWFkIGFuZCByb2J1c3QgZGVtZWFub3Igd2l0aCBhIGhlaWdodCBvZiBhbG1vc3QgMS41IG1ldGVycyBzdXJlbHkgZGlkIG5vdCBoYXZlIHRvIHNjYXJlIG1lLiBFdmVuIHdpdGggdGhlaXIgaHVnZSB0ZWV0aCwgdGhleSB3ZXJlIG5vdCBiZWFzdGx5IHByZWRhdG9ycy4gVGhleSBvbmx5IGNvbnN1bWVkIGhvbmV5LCBtdXNocm9vbXMsIG5lY3RhciwgYW5kIG90aGVyIHBsYW50cy4gV2l0aCB0aGVpciBzZW5zaXRpdmUgaW50dWl0aW9uLCB0aGV5IHdvdWxkIG9ubHkgYXR0YWNrIGh1bWFucyBpZiB3ZSB3ZXJlIHRvIHVwc2V0IHRoZWlyIGxpdmVzLjwvc3Bhbj48YnI+PGRpdj48c3BhbiBzdHlsZT1cImNvbG9yOiByZ2IoMCwgMCwgMCk7IGZvbnQtZmFtaWx5OiBHZW9yZ2lhLCBUaW1lcywgXCdUaW1lcyBOZXcgUm9tYW5cJywgc2VyaWY7IGZvbnQtc3R5bGU6IGl0YWxpYztcIj48YnI+PC9zcGFuPjwvZGl2PjxkaXY+PHNwYW4gc3R5bGU9XCJjb2xvcjogcmdiKDAsIDAsIDApOyBmb250LWZhbWlseTogR2VvcmdpYSwgVGltZXMsIFwnVGltZXMgTmV3IFJvbWFuXCcsIHNlcmlmOyBmb250LXN0eWxlOiBpdGFsaWM7XCI+VGhlIGVuZGxlc3MgYW5kIHVucnVseSBmb3Jlc3QgZmlyZXMgaW4gSW5kb25lc2lhIGhhZCBpbXBlbGxlZCBtZSB0byBpbWFnaW5lIGlmIG15IGhvbWUgd2VyZSB0byBiZSBzZXQgb24gZmlyZSBieSBhbiBpbmNvbnNpZGVyYXRlIG5laWdoYm9yOyBpZiBJIHdlcmUgdG8gbW9hbiBpbiBwYWluIGR1ZSB0byB0aGUgaGVhdCBvZiB0aGUgc3Vycm91bmRpbmcgZmxhbWVzOyBpZiBJIHdlcmUgdG8gaGF2ZSBhIGRlZmVjdGl2ZSByZXNwaXJhdG9yeSBzeXN0ZW0gZHVlIHRvIGhlYXZ5IHNtb2tlIHBvbGx1dGlvbjsgaWYgSSB3ZXJlIHRvIGxvc2UgYWxsIG15IGZhbWlseTsgYW5kIGlmIEkgd2VyZSB0byBsaXZlIGFsbCBhbG9uZSBpbiB0aGlzIHdvcmxkLiBJZiBhbGwgb2YgdGhlc2UgdGhpbmdzIGhhcHBlbmVkIHRvIG1lLCBJIHdvdWxkIGRlZmluaXRlbHkgZ28gY3JhenkgaW4gb25lIGRheS4gRmFjaW5nIGFuIHVuYmFsYW5jZWQgZ2VuZGVyIHBvcHVsYXRpb24sIHRoZXNlIHJhaW5mb3Jlc3QgaW5oYWJpdGFudHMgd291bGQgc3VmZmVyIGEgYnJlZWRpbmcgZGVwcmVzc2lvbiwgd2hlcmUgdGhlaXIgc3VjY2Vzc29ycyB3b3VsZCBubyBsb25nZXIgaGF2ZSB0aGUgdmlnb3JvdXMgZ2VuZXRpY3MgbmVjZXNzYXJ5IGluIG9yZGVyIHRvIHN1cnZpdmUgaW4gdGhlaXIgbmF0dXJhbCBkb21haW4uIEV4dGluY3Rpb24gd291bGQgZXZlbnR1YWxseSB0YWtlIHBsYWNlLiBXaXRob3V0IHRoZXNlIG9yYW5ndXRhbnMsIEkgd2FzIHN0aWxsIGN1cmlvdXMgYWJvdXQgaG93IG11Y2ggdGhpcyBmYWN0IHdvdWxkIGFsdGVyIG15IHBlcnNvbmFsIGxpZmUu4oCdIEV4Y2VycHQgZnJvbSBTdXJhdCBQZXJ0YW1hLCBNZWxpc3NhIFN1bmpheWEuPC9zcGFuPjxzcGFuIHN0eWxlPVwiY29sb3I6IHJnYigwLCAwLCAwKTsgZm9udC1mYW1pbHk6IEdlb3JnaWEsIFRpbWVzLCBcJ1RpbWVzIE5ldyBSb21hblwnLCBzZXJpZjsgZm9udC1zdHlsZTogaXRhbGljO1wiPjxicj48L3NwYW4+PC9kaXY+PGRpdj48c3BhbiBzdHlsZT1cImNvbG9yOiByZ2IoMCwgMCwgMCk7IGZvbnQtZmFtaWx5OiBHZW9yZ2lhLCBUaW1lcywgXCdUaW1lcyBOZXcgUm9tYW5cJywgc2VyaWY7IGZvbnQtc3R5bGU6IGl0YWxpYztcIj48YnI+PC9zcGFuPjwvZGl2PjxkaXY+PHAgc3R5bGU9XCJiYWNrZ3JvdW5kLWNvbG9yOiB0cmFuc3BhcmVudDsgYm9yZGVyOiAwcHg7IG1hcmdpbi1ib3R0b206IDIwcHg7IHBhZGRpbmc6IDBweDsgdmVydGljYWwtYWxpZ246IGJhc2VsaW5lOyBjb2xvcjogcmdiKDAsIDAsIDApOyBmb250LWZhbWlseTogR2VvcmdpYSwgVGltZXMsIFwnVGltZXMgTmV3IFJvbWFuXCcsIHNlcmlmOyB0ZXh0LWFsaWduOiBjZW50ZXI7XCI+PGIgc3R5bGU9XCJiYWNrZ3JvdW5kLWNvbG9yOiB0cmFuc3BhcmVudDsgYm9yZGVyOiAwcHg7IG1hcmdpbjogMHB4OyBwYWRkaW5nOiAwcHg7IHZlcnRpY2FsLWFsaWduOiBiYXNlbGluZTsgYmFja2dyb3VuZC1wb3NpdGlvbjogaW5pdGlhbCBpbml0aWFsOyBiYWNrZ3JvdW5kLXJlcGVhdDogaW5pdGlhbCBpbml0aWFsO1wiPk9yaWdpbmFsIEVkaXRpb246IFRlc3NpdHVyYSAmYW1wOyBGaWxvZ2VuZXNpczwvYj48YiBzdHlsZT1cImJhY2tncm91bmQtY29sb3I6IHRyYW5zcGFyZW50OyBib3JkZXI6IDBweDsgbWFyZ2luOiAwcHg7IHBhZGRpbmc6IDBweDsgdmVydGljYWwtYWxpZ246IGJhc2VsaW5lOyBiYWNrZ3JvdW5kLXBvc2l0aW9uOiBpbml0aWFsIGluaXRpYWw7IGJhY2tncm91bmQtcmVwZWF0OiBpbml0aWFsIGluaXRpYWw7XCI+PGJyPjwvYj53aWxsIGJlIHJlbGVhc2VkIHRoaXMgY29taW5nPGJyPldlZG5lc2RheSwgMjV0aCBvZiBKYW51YXJ5Jm5ic3A7MjAxNyw8YnI+YXQgYWxsIG9mIFR1bGlzYW4gSmFrYXJ0YSBCb3V0aXF1ZXMsPGJyPmluIENvbG9ueSBLZW1hbmcsIFBsYXphIFNlbmF5YW4sPGJyPmFuZCBEYXJtYXdhbmdzYSBTcXVhcmUgVGhlIENpdHkgV2Fsay48L3A+PHAgc3R5bGU9XCJiYWNrZ3JvdW5kLWNvbG9yOiB0cmFuc3BhcmVudDsgYm9yZGVyOiAwcHg7IG1hcmdpbi1ib3R0b206IDIwcHg7IHBhZGRpbmc6IDBweDsgdmVydGljYWwtYWxpZ246IGJhc2VsaW5lOyBjb2xvcjogcmdiKDAsIDAsIDApOyBmb250LWZhbWlseTogR2VvcmdpYSwgVGltZXMsIFwnVGltZXMgTmV3IFJvbWFuXCcsIHNlcmlmOyB0ZXh0LWFsaWduOiBjZW50ZXI7XCI+UGxlYXNlIGZpbmQgdGhlIGxpbmsgYmVsb3cgZm9yIGZ1bGwgY2F0YWxvZ3VlPGJyPjxhIGhyZWY9XCJodHRwOi8vd3d3LnR1bGlzYW4uY29tL2Jsb2cvd3AtY29udGVudC91cGxvYWRzLzIwMTcvMDEvNC4tT0VfMTYyMl9CTjE2MjNfTkZfTFIucGRmXCIgc3R5bGU9XCJib3JkZXI6IDBweDsgbWFyZ2luOiAwcHg7IHBhZGRpbmc6IDBweDsgdmVydGljYWwtYWxpZ246IGJhc2VsaW5lOyBjb2xvcjogcmdiKDAsIDExNCwgMTg4KTtcIj5UaGUgTmV3IEVhc3QgSW5kaWVzOiBKYW51YXJ5IFJlbGVhc2U8L2E+PC9wPjxwIHN0eWxlPVwiYmFja2dyb3VuZC1jb2xvcjogdHJhbnNwYXJlbnQ7IGJvcmRlcjogMHB4OyBtYXJnaW4tYm90dG9tOiAyMHB4OyBwYWRkaW5nOiAwcHg7IHZlcnRpY2FsLWFsaWduOiBiYXNlbGluZTsgY29sb3I6IHJnYigwLCAwLCAwKTsgZm9udC1mYW1pbHk6IEdlb3JnaWEsIFRpbWVzLCBcJ1RpbWVzIE5ldyBSb21hblwnLCBzZXJpZjsgdGV4dC1hbGlnbjogY2VudGVyO1wiPjxicj48L3A+PHAgc3R5bGU9XCJiYWNrZ3JvdW5kLWNvbG9yOiB0cmFuc3BhcmVudDsgYm9yZGVyOiAwcHg7IG1hcmdpbi1ib3R0b206IDIwcHg7IHBhZGRpbmc6IDBweDsgdmVydGljYWwtYWxpZ246IGJhc2VsaW5lOyBjb2xvcjogcmdiKDAsIDAsIDApOyBmb250LWZhbWlseTogR2VvcmdpYSwgVGltZXMsIFwnVGltZXMgTmV3IFJvbWFuXCcsIHNlcmlmOyB0ZXh0LWFsaWduOiBjZW50ZXI7XCI+V2Ugb2ZmZXIgZnJlZSBkZWxpdmVyeSBmb3Igb3JkZXIgZGVzdGluYXRpb24gd2l0aGluIEluZG9uZXNpYTxicj5HaXZlIHVzIGEgY2FsbCBhdDo8YnI+UGxhemEgU2VuYXlhbiArNjIgKDIxKSA1NzkwLTA0MTI8YnI+Q29sb255IEtlbWFuZyZuYnNwOys2MiAoMjEpIDI5NTItOTkyNzxicj5EYXJtYXdhbmdzYSBTcXVhcmUgVGhlIENpdHkgV2FsayZuYnNwOys2MiAoMjEpIDcyNzgtMDIzNTxicj5XQSBNZXNzZW5nZXIgYXQmbmJzcDsrNjIgKDgxNSkgMTA1MSA3NDI0PGJyPm9yIGVtYWlsIHVzIGF0IHNob3BAdHVsaXNhbi5jb20gaWYgeW91IG5lZWQgZnVydGhlciBhc3Npc3RhbmNlLjwvcD48cCBzdHlsZT1cImJhY2tncm91bmQtY29sb3I6IHRyYW5zcGFyZW50OyBib3JkZXI6IDBweDsgbWFyZ2luLWJvdHRvbTogMjBweDsgcGFkZGluZzogMHB4OyB2ZXJ0aWNhbC1hbGlnbjogYmFzZWxpbmU7IGNvbG9yOiByZ2IoMCwgMCwgMCk7IGZvbnQtZmFtaWx5OiBHZW9yZ2lhLCBUaW1lcywgXCdUaW1lcyBOZXcgUm9tYW5cJywgc2VyaWY7IHRleHQtYWxpZ246IGNlbnRlcjtcIj48YnI+PC9wPjxwIHN0eWxlPVwiYmFja2dyb3VuZC1jb2xvcjogdHJhbnNwYXJlbnQ7IGJvcmRlcjogMHB4OyBtYXJnaW4tYm90dG9tOiAyMHB4OyBwYWRkaW5nOiAwcHg7IHZlcnRpY2FsLWFsaWduOiBiYXNlbGluZTsgY29sb3I6IHJnYigwLCAwLCAwKTsgZm9udC1mYW1pbHk6IEdlb3JnaWEsIFRpbWVzLCBcJ1RpbWVzIE5ldyBSb21hblwnLCBzZXJpZjtcIj5Ud2l0dGVyOiBAbXl0dWxpc2FuPGJyPkluc3RhZ3JhbTogQG15dHVsaXNhbjxicj5GYWNlYm9vayBGYW4gUGFnZTogVHVsaXNhbjxicj5Zb3V0dWJlIENoYW5uZWw6IFR1bGlzYW4gSmFrYXJ0YTwvcD48cCBzdHlsZT1cImJhY2tncm91bmQtY29sb3I6IHRyYW5zcGFyZW50OyBib3JkZXI6IDBweDsgbWFyZ2luLWJvdHRvbTogMjBweDsgcGFkZGluZzogMHB4OyB2ZXJ0aWNhbC1hbGlnbjogYmFzZWxpbmU7IGNvbG9yOiByZ2IoMCwgMCwgMCk7IGZvbnQtZmFtaWx5OiBHZW9yZ2lhLCBUaW1lcywgXCdUaW1lcyBOZXcgUm9tYW5cJywgc2VyaWY7XCI+PGkgc3R5bGU9XCJiYWNrZ3JvdW5kLWNvbG9yOiB0cmFuc3BhcmVudDsgYm9yZGVyOiAwcHg7IG1hcmdpbjogMHB4OyBwYWRkaW5nOiAwcHg7IHZlcnRpY2FsLWFsaWduOiBiYXNlbGluZTtcIj5JbGx1c3RyYXRlZCBieSBNZWxpc3NhIFN1bmpheWE8L2k+PGkgc3R5bGU9XCJiYWNrZ3JvdW5kLWNvbG9yOiB0cmFuc3BhcmVudDsgYm9yZGVyOiAwcHg7IG1hcmdpbjogMHB4OyBwYWRkaW5nOiAwcHg7IHZlcnRpY2FsLWFsaWduOiBiYXNlbGluZTtcIj48YnI+PC9pPjxpIHN0eWxlPVwiYmFja2dyb3VuZC1jb2xvcjogdHJhbnNwYXJlbnQ7IGJvcmRlcjogMHB4OyBtYXJnaW46IDBweDsgcGFkZGluZzogMHB4OyB2ZXJ0aWNhbC1hbGlnbjogYmFzZWxpbmU7XCI+Q2hvcmVvZ3JhcGh5IGJ5IERhdml0IEZpdHJpazwvaT48L3A+PHAgc3R5bGU9XCJiYWNrZ3JvdW5kLWNvbG9yOiB0cmFuc3BhcmVudDsgYm9yZGVyOiAwcHg7IG1hcmdpbi1ib3R0b206IDBweDsgcGFkZGluZzogMHB4OyB2ZXJ0aWNhbC1hbGlnbjogYmFzZWxpbmU7IGNvbG9yOiByZ2IoMCwgMCwgMCk7IGZvbnQtZmFtaWx5OiBHZW9yZ2lhLCBUaW1lcywgXCdUaW1lcyBOZXcgUm9tYW5cJywgc2VyaWY7XCI+PGIgc3R5bGU9XCJiYWNrZ3JvdW5kLWNvbG9yOiB0cmFuc3BhcmVudDsgYm9yZGVyOiAwcHg7IG1hcmdpbjogMHB4OyBwYWRkaW5nOiAwcHg7IHZlcnRpY2FsLWFsaWduOiBiYXNlbGluZTsgYmFja2dyb3VuZC1wb3NpdGlvbjogaW5pdGlhbCBpbml0aWFsOyBiYWNrZ3JvdW5kLXJlcGVhdDogaW5pdGlhbCBpbml0aWFsO1wiPjxpIHN0eWxlPVwiYmFja2dyb3VuZC1jb2xvcjogdHJhbnNwYXJlbnQ7IGJvcmRlcjogMHB4OyBtYXJnaW46IDBweDsgcGFkZGluZzogMHB4OyB2ZXJ0aWNhbC1hbGlnbjogYmFzZWxpbmU7XCI+VHVsaXNhbiBDaHJvbmljbGVzIFRlYW08L2k+PC9iPjwvcD48L2Rpdj48ZGl2Pjxicj48L2Rpdj4=', 'Bima Chris', 'blogs_5(1).jpg,blogs_5(2).jpg,blogs_5(3).jpg', '', 'admin@tulisan.com', '2018-01-04 00:35:47', NULL, NULL),
(6, 'Statement From The CEO', '27 January 2017', '', 'PHAgY2xhc3M9XCJtXzQ2ODEzMDI4OTU0MDU4MDYzNWdtYWlsLW1fLTg0MDgzNzQ2MzcwNzUxODQ5MTFpbmJveC1pbmJveC1wM1wiIHN0eWxlPVwiYmFja2dyb3VuZC1jb2xvcjogdHJhbnNwYXJlbnQ7IGJvcmRlcjogMHB4OyBtYXJnaW4tYm90dG9tOiAyMHB4OyBwYWRkaW5nOiAwcHg7IHZlcnRpY2FsLWFsaWduOiBiYXNlbGluZTsgY29sb3I6IHJnYigwLCAwLCAwKTsgZm9udC1mYW1pbHk6IEdlb3JnaWEsIFRpbWVzLCBcJ1RpbWVzIE5ldyBSb21hblwnLCBzZXJpZjtcIj5XZSBhcmUgZGVlcGx5IGdyYXRlZnVsIGZvciB0aGUgZ2VuZXJvdXMgc3VwcG9ydCBnaXZlbiBieSB0aG9zZSB3aG8gYmVsaWV2ZSBpbiBUdWxpc2FuLiBTaW5jZSB0aGUgZXN0YWJsaXNobWVudCBvZiB0aGlzIG9yZ2FuaXphdGlvbiBpbiAyMDEwLCBhbGwgbWVtYmVycyBvZiBUdWxpc2FuIGhhdmUgY29tbWl0dGVkIHRvIHByZXNlbnQgdGhlIGJlc3Qgb2YgdGhpcyBuYXRpb27igJlzIHNlbGYtbWFkZSBwcm9kdWN0cy4gQXMgYSBwcm9mZXNzaW9uYWxseSBhcHBvaW50ZWQgQ0VPLCBJIGhhdmUgcGVyc29uYWxseSB3YXRjaGVkIGhvdyB0aGlzIG9yZ2FuaXphdGlvbiBoYXMgYmVlbiBmb3JtZWQgam9pbnQtYnktam9pbnQsIHdpdGggbWF4aW11bSBoYXJkIHdvcmsgZnJvbSBpdHMgbWVtYmVycyB3aGljaCBhcmUgYSByZWxhdGl2ZWx5IHNtYWxsIGdyb3VwIGluIGNvbXBhcmlzb24gdG8gaXRzIHZhc3Qgb3BlcmF0aW9ucy48c3BhbiBjbGFzcz1cIm1fNDY4MTMwMjg5NTQwNTgwNjM1Z21haWwtbV8tODQwODM3NDYzNzA3NTE4NDkxMWluYm94LWluYm94LUFwcGxlLWNvbnZlcnRlZC1zcGFjZVwiIHN0eWxlPVwiYmFja2dyb3VuZC1jb2xvcjogdHJhbnNwYXJlbnQ7IGJvcmRlcjogMHB4OyBtYXJnaW46IDBweDsgcGFkZGluZzogMHB4OyB2ZXJ0aWNhbC1hbGlnbjogYmFzZWxpbmU7IGJhY2tncm91bmQtcG9zaXRpb246IGluaXRpYWwgaW5pdGlhbDsgYmFja2dyb3VuZC1yZXBlYXQ6IGluaXRpYWwgaW5pdGlhbDtcIj4mbmJzcDs8L3NwYW4+PC9wPjxwIGNsYXNzPVwibV80NjgxMzAyODk1NDA1ODA2MzVnbWFpbC1tXy04NDA4Mzc0NjM3MDc1MTg0OTExaW5ib3gtaW5ib3gtcDNcIiBzdHlsZT1cImJhY2tncm91bmQtY29sb3I6IHRyYW5zcGFyZW50OyBib3JkZXI6IDBweDsgbWFyZ2luLWJvdHRvbTogMjBweDsgcGFkZGluZzogMHB4OyB2ZXJ0aWNhbC1hbGlnbjogYmFzZWxpbmU7IGNvbG9yOiByZ2IoMCwgMCwgMCk7IGZvbnQtZmFtaWx5OiBHZW9yZ2lhLCBUaW1lcywgXCdUaW1lcyBOZXcgUm9tYW5cJywgc2VyaWY7XCI+PHNwYW4gY2xhc3M9XCJtXzQ2ODEzMDI4OTU0MDU4MDYzNWdtYWlsLW1fLTg0MDgzNzQ2MzcwNzUxODQ5MTFpbmJveC1pbmJveC1zMVwiIHN0eWxlPVwiYmFja2dyb3VuZC1jb2xvcjogdHJhbnNwYXJlbnQ7IGJvcmRlcjogMHB4OyBtYXJnaW46IDBweDsgcGFkZGluZzogMHB4OyB2ZXJ0aWNhbC1hbGlnbjogYmFzZWxpbmU7IGJhY2tncm91bmQtcG9zaXRpb246IGluaXRpYWwgaW5pdGlhbDsgYmFja2dyb3VuZC1yZXBlYXQ6IGluaXRpYWwgaW5pdGlhbDtcIj5UaGVyZSBhcmUgbWFueSB3b3JrIHN0YWdlcyB3aGljaCBhcmUgcmFyZWx5IGtub3duIGJ5IG91ciBjdXN0b21lcnMsIHN0YXJ0aW5nIGZyb20gcmVzZWFyY2ggcGhhc2UsIGNvbmNlcHR1YWwgZGV2ZWxvcG1lbnQsIHVudGlsIHRoZSBpbnN0YWxsYXRpb24gb2YgdGhlIGZpbmFsIGFydHdvcmsgb24gYWxsIGRpc3BsYXlzIG9mIFR1bGlzYW4gc3RvcmVzLiBUaGlzIGN5Y2xlIGFsd2F5cyByZXF1aXJlcyBhIDIteWVhci13b3JrIGZyb20g4oCYVHVsaXNhbiBBcnQgRGl2aXNpb27igJksIGJlZm9yZSBhIGNvbGxlY3Rpb24gaXMgbGF1bmNoZWQgZm9yIHRoZSBwdWJsaWMuIEVhY2ggbWVjaGFuaXNtIG9mIHRoaXMgcHJvY2VzcyBoYXMgYWx3YXlzIGJlZW4gZG9jdW1lbnRlZCBpbiBhIHByZWNpc2UgbWFubmVyIGZvciB0aGUgYmVuZWZpdCBvZiBhbiBhbm51YWwgZXZhbHVhdGlvbi4gT3VyIG9iamVjdGl2ZSBpbiBlYWNoIG9mIHRoaXMgZXZhbHVhdGlvbiBoYXMgYWx3YXlzIGJlZW4gZm9yIGFuIGluY3JlYXNlZCB3b3JrIHF1YWxpdHkgYW5kIHBhcmFkaWdtLjxzcGFuIGNsYXNzPVwibV80NjgxMzAyODk1NDA1ODA2MzVnbWFpbC1tXy04NDA4Mzc0NjM3MDc1MTg0OTExaW5ib3gtaW5ib3gtQXBwbGUtY29udmVydGVkLXNwYWNlXCIgc3R5bGU9XCJiYWNrZ3JvdW5kLWNvbG9yOiB0cmFuc3BhcmVudDsgYm9yZGVyOiAwcHg7IG1hcmdpbjogMHB4OyBwYWRkaW5nOiAwcHg7IHZlcnRpY2FsLWFsaWduOiBiYXNlbGluZTsgYmFja2dyb3VuZC1wb3NpdGlvbjogaW5pdGlhbCBpbml0aWFsOyBiYWNrZ3JvdW5kLXJlcGVhdDogaW5pdGlhbCBpbml0aWFsO1wiPiZuYnNwOzwvc3Bhbj48L3NwYW4+PC9wPjxwIGNsYXNzPVwibV80NjgxMzAyODk1NDA1ODA2MzVnbWFpbC1tXy04NDA4Mzc0NjM3MDc1MTg0OTExaW5ib3gtaW5ib3gtcDNcIiBzdHlsZT1cImJhY2tncm91bmQtY29sb3I6IHRyYW5zcGFyZW50OyBib3JkZXI6IDBweDsgbWFyZ2luLWJvdHRvbTogMjBweDsgcGFkZGluZzogMHB4OyB2ZXJ0aWNhbC1hbGlnbjogYmFzZWxpbmU7IGNvbG9yOiByZ2IoMCwgMCwgMCk7IGZvbnQtZmFtaWx5OiBHZW9yZ2lhLCBUaW1lcywgXCdUaW1lcyBOZXcgUm9tYW5cJywgc2VyaWY7XCI+PHNwYW4gY2xhc3M9XCJtXzQ2ODEzMDI4OTU0MDU4MDYzNWdtYWlsLW1fLTg0MDgzNzQ2MzcwNzUxODQ5MTFpbmJveC1pbmJveC1zMVwiIHN0eWxlPVwiYmFja2dyb3VuZC1jb2xvcjogdHJhbnNwYXJlbnQ7IGJvcmRlcjogMHB4OyBtYXJnaW46IDBweDsgcGFkZGluZzogMHB4OyB2ZXJ0aWNhbC1hbGlnbjogYmFzZWxpbmU7IGJhY2tncm91bmQtcG9zaXRpb246IGluaXRpYWwgaW5pdGlhbDsgYmFja2dyb3VuZC1yZXBlYXQ6IGluaXRpYWwgaW5pdGlhbDtcIj5CZXNpZGVzIHRoZSB0ZWNobmljYWwgZG9jdW1lbnRhdGlvbiBhbmQgc3RyYXRlZ2ljIGJ1ZGdldGluZywgZXZlcnkgYXJ0d29yayBpcyByZWdpc3RlcmVkIGFzIGFuIGFydGljbGUgd2l0aCBwcm90ZWN0ZWQgaW50ZWxsZWN0dWFsIHByb3BlcnR5IHJpZ2h0cy4gT3VyIGNvdW50cnkgaGFzIGVuc3VyZWQgcHJvdGVjdGlvbiBvdmVyIGludGVsbGVjdHVhbCBwcm9wZXJ0eSByaWdodHMgdGhyb3VnaCBvdXIgbGVnYWwgY29uc3RpdHV0aW9uIG5vLiAyOCBpbiB0aGUgeWVhciAyMDE0LiBUaGUgcmVnaXN0cmF0aW9uIG9mIGFsbCBpbnRlbGxlY3R1YWwgcHJvcGVydGllcyBpcyBhIGJpZyBwYXJ0IG9mIG91ciBjb21taXRtZW50cyBpbiBkZWxpdmVyaW5nIGV4Y2VsbGVudCBzZXJ2aWNlcy4gV2UgYXJlIGF3YXJlIHRoYXQgVHVsaXNhbuKAmXMgY3VzdG9tZXJzIGhhdmUgYmVlbiBjb2xsZWN0aW5nIG91ciBkZXNpZ25lZCBlZGl0aW9ucyBiYXNlZCBvbiB0aGVpciBsb3ZlIHRvd2FyZHMgYXJ0IGFuZCBhcHByZWNpYXRpb24gdG93YXJkcyBvdXIgd29yayB2YWx1ZXMuPHNwYW4gY2xhc3M9XCJtXzQ2ODEzMDI4OTU0MDU4MDYzNWdtYWlsLW1fLTg0MDgzNzQ2MzcwNzUxODQ5MTFpbmJveC1pbmJveC1BcHBsZS1jb252ZXJ0ZWQtc3BhY2VcIiBzdHlsZT1cImJhY2tncm91bmQtY29sb3I6IHRyYW5zcGFyZW50OyBib3JkZXI6IDBweDsgbWFyZ2luOiAwcHg7IHBhZGRpbmc6IDBweDsgdmVydGljYWwtYWxpZ246IGJhc2VsaW5lOyBiYWNrZ3JvdW5kLXBvc2l0aW9uOiBpbml0aWFsIGluaXRpYWw7IGJhY2tncm91bmQtcmVwZWF0OiBpbml0aWFsIGluaXRpYWw7XCI+Jm5ic3A7PC9zcGFuPjwvc3Bhbj48L3A+PHAgY2xhc3M9XCJtXzQ2ODEzMDI4OTU0MDU4MDYzNWdtYWlsLW1fLTg0MDgzNzQ2MzcwNzUxODQ5MTFpbmJveC1pbmJveC1wM1wiIHN0eWxlPVwiYmFja2dyb3VuZC1jb2xvcjogdHJhbnNwYXJlbnQ7IGJvcmRlcjogMHB4OyBtYXJnaW4tYm90dG9tOiAyMHB4OyBwYWRkaW5nOiAwcHg7IHZlcnRpY2FsLWFsaWduOiBiYXNlbGluZTsgY29sb3I6IHJnYigwLCAwLCAwKTsgZm9udC1mYW1pbHk6IEdlb3JnaWEsIFRpbWVzLCBcJ1RpbWVzIE5ldyBSb21hblwnLCBzZXJpZjtcIj48c3BhbiBjbGFzcz1cIm1fNDY4MTMwMjg5NTQwNTgwNjM1Z21haWwtbV8tODQwODM3NDYzNzA3NTE4NDkxMWluYm94LWluYm94LXMxXCIgc3R5bGU9XCJiYWNrZ3JvdW5kLWNvbG9yOiB0cmFuc3BhcmVudDsgYm9yZGVyOiAwcHg7IG1hcmdpbjogMHB4OyBwYWRkaW5nOiAwcHg7IHZlcnRpY2FsLWFsaWduOiBiYXNlbGluZTsgYmFja2dyb3VuZC1wb3NpdGlvbjogaW5pdGlhbCBpbml0aWFsOyBiYWNrZ3JvdW5kLXJlcGVhdDogaW5pdGlhbCBpbml0aWFsO1wiPkJhc2VkIG9uIHRoaXMgYXdhcmVuZXNzIGFsb25lLCBhbGwgbWVtYmVycyBvZiBUdWxpc2FuIHN0cml2ZSB0byBwcmVzZW50IGEgY29sbGVjdGlvbiBvZiBhcnR3b3JrIHdoaWNoIGlzIGdlbnVpbmUgYW5kIGNlcnRpZmllZC4gRXZlcnkgcHJvZHVjdCBkZXNpZ25zIGFyZSBhbHNvIHVuZGVybGluZWQgdG8gYWx3YXlzIHVzZSBlY28tZnJpZW5kbHkgbWF0ZXJpYWxzLCBzdXN0YWluYWJsZSBtZXRob2RzLCBhbmQgZmFpciB3b3JrIGV0aGljcy4gSW5mcmluZ2VtZW50cyBvZiBUdWxpc2FuIGNvcHlyaWdodHMgaGF2ZSBvZnRlbiBoYXBwZW5lZC4gQXMgYSBzb2x1dGlvbiwgb3VyIHRlYW0gaGF2ZSBnaXZlbiBwcmFjdGljYWwgZXhwbGFuYXRpb25zIHJlZ2FyZGluZyB0aGUgcHJpbmNpcGxlcyBvZiB0aGlzIGxhdy4gU28gZmFyLCBhbGwgb2YgdGhlc2UgY2FzZXMgaGF2ZSBiZWVuIHN1Y2Nlc3NmdWxseSBoYW5kbGVkIHRocm91Z2ggbGVnYWwgYWN0aW9ucyBvciBkZW1vY3JhY3kuPC9zcGFuPjwvcD48cCBjbGFzcz1cIm1fNDY4MTMwMjg5NTQwNTgwNjM1Z21haWwtbV8tODQwODM3NDYzNzA3NTE4NDkxMWluYm94LWluYm94LXAzXCIgc3R5bGU9XCJiYWNrZ3JvdW5kLWNvbG9yOiB0cmFuc3BhcmVudDsgYm9yZGVyOiAwcHg7IG1hcmdpbi1ib3R0b206IDIwcHg7IHBhZGRpbmc6IDBweDsgdmVydGljYWwtYWxpZ246IGJhc2VsaW5lOyBjb2xvcjogcmdiKDAsIDAsIDApOyBmb250LWZhbWlseTogR2VvcmdpYSwgVGltZXMsIFwnVGltZXMgTmV3IFJvbWFuXCcsIHNlcmlmO1wiPjxzcGFuIGNsYXNzPVwibV80NjgxMzAyODk1NDA1ODA2MzVnbWFpbC1tXy04NDA4Mzc0NjM3MDc1MTg0OTExaW5ib3gtaW5ib3gtczFcIiBzdHlsZT1cImJhY2tncm91bmQtY29sb3I6IHRyYW5zcGFyZW50OyBib3JkZXI6IDBweDsgbWFyZ2luOiAwcHg7IHBhZGRpbmc6IDBweDsgdmVydGljYWwtYWxpZ246IGJhc2VsaW5lOyBiYWNrZ3JvdW5kLXBvc2l0aW9uOiBpbml0aWFsIGluaXRpYWw7IGJhY2tncm91bmQtcmVwZWF0OiBpbml0aWFsIGluaXRpYWw7XCI+QmFzZWQgb24gb3VyIHRvdGFsIGNvbW1pdG1lbnQgdG8gYnJpbmdpbmcgdGhpcyBJbmRvbmVzaWFuIGFydHdvcmsgdG8gYW4gaW50ZXJuYXRpb25hbCBwbGF0Zm9ybSwgd2UgZGVlcGx5IHJlZ3JldCB0byBmaW5kIGEgbG9jYWwgYnJhbmQgd2hpY2ggaGFzIGltaXRhdGVkIHRoZSBlbnRpcmUgVHVsaXNhbiBwcm9kdWN0cyBsaW5lcywgaW5jbHVkaW5nIGJhZ3MgYW5kIHRoZWlyIGNvb3JkaW5hdGluZyBhY2Nlc3Nvcmllcy4gVGhlc2UgcGxhZ2lhcmlzbSBhY3RzIGhhdmUgZW5jb21wYXNzZWQgZHVwbGljYXRpb25zIG9mIG91ciBjdXR0aW5nIHBhdHRlcm5zLCBzZXdpbmcgbWV0aG9kLCBkaW1lbnNpb25zLCBmdW5jdGlvbnMgYW5kIHNoYXBlcy4gV2l0bmVzc2VkIGJ5IGFsbCBmYW5zIGFuZCBiZWxpZXZlcnMgb2YgVHVsaXNhbiwgd2UgaGVyZWJ5IHJlcXVlc3QgdGhhdCBhbGwgcGFydGllcywgaW52b2x2ZWQgaW4gdGhlIGluZnJpbmdlbWVudHMgb2YgVHVsaXNhbiBjb3B5cmlnaHQgYW5kIGRlc2lnbiwgdG8gbWFrZSBwcm9tcHQgcmVjb3Zlcnkgc3RlcHMgYW5kIHRvIGNvbnRhY3Qgb3VyIG1hbmFnZW1lbnQgYXMgc29vbiBhcyBwb3NzaWJsZS48c3BhbiBjbGFzcz1cIm1fNDY4MTMwMjg5NTQwNTgwNjM1Z21haWwtbV8tODQwODM3NDYzNzA3NTE4NDkxMWluYm94LWluYm94LUFwcGxlLWNvbnZlcnRlZC1zcGFjZVwiIHN0eWxlPVwiYmFja2dyb3VuZC1jb2xvcjogdHJhbnNwYXJlbnQ7IGJvcmRlcjogMHB4OyBtYXJnaW46IDBweDsgcGFkZGluZzogMHB4OyB2ZXJ0aWNhbC1hbGlnbjogYmFzZWxpbmU7IGJhY2tncm91bmQtcG9zaXRpb246IGluaXRpYWwgaW5pdGlhbDsgYmFja2dyb3VuZC1yZXBlYXQ6IGluaXRpYWwgaW5pdGlhbDtcIj4mbmJzcDs8L3NwYW4+PC9zcGFuPjwvcD48cCBjbGFzcz1cIm1fNDY4MTMwMjg5NTQwNTgwNjM1Z21haWwtbV8tODQwODM3NDYzNzA3NTE4NDkxMWluYm94LWluYm94LXAzXCIgc3R5bGU9XCJiYWNrZ3JvdW5kLWNvbG9yOiB0cmFuc3BhcmVudDsgYm9yZGVyOiAwcHg7IG1hcmdpbi1ib3R0b206IDIwcHg7IHBhZGRpbmc6IDBweDsgdmVydGljYWwtYWxpZ246IGJhc2VsaW5lOyBjb2xvcjogcmdiKDAsIDAsIDApOyBmb250LWZhbWlseTogR2VvcmdpYSwgVGltZXMsIFwnVGltZXMgTmV3IFJvbWFuXCcsIHNlcmlmO1wiPjxzcGFuIGNsYXNzPVwibV80NjgxMzAyODk1NDA1ODA2MzVnbWFpbC1tXy04NDA4Mzc0NjM3MDc1MTg0OTExaW5ib3gtaW5ib3gtczFcIiBzdHlsZT1cImJhY2tncm91bmQtY29sb3I6IHRyYW5zcGFyZW50OyBib3JkZXI6IDBweDsgbWFyZ2luOiAwcHg7IHBhZGRpbmc6IDBweDsgdmVydGljYWwtYWxpZ246IGJhc2VsaW5lOyBiYWNrZ3JvdW5kLXBvc2l0aW9uOiBpbml0aWFsIGluaXRpYWw7IGJhY2tncm91bmQtcmVwZWF0OiBpbml0aWFsIGluaXRpYWw7XCI+UmVnYXJkcyw8L3NwYW4+PC9wPjxwIGNsYXNzPVwibV80NjgxMzAyODk1NDA1ODA2MzVnbWFpbC1tXy04NDA4Mzc0NjM3MDc1MTg0OTExaW5ib3gtaW5ib3gtcDNcIiBzdHlsZT1cImJhY2tncm91bmQtY29sb3I6IHRyYW5zcGFyZW50OyBib3JkZXI6IDBweDsgbWFyZ2luLWJvdHRvbTogMjBweDsgcGFkZGluZzogMHB4OyB2ZXJ0aWNhbC1hbGlnbjogYmFzZWxpbmU7IGNvbG9yOiByZ2IoMCwgMCwgMCk7IGZvbnQtZmFtaWx5OiBHZW9yZ2lhLCBUaW1lcywgXCdUaW1lcyBOZXcgUm9tYW5cJywgc2VyaWY7XCI+PHN0cm9uZyBzdHlsZT1cImJhY2tncm91bmQtY29sb3I6IHRyYW5zcGFyZW50OyBib3JkZXI6IDBweDsgbWFyZ2luOiAwcHg7IHBhZGRpbmc6IDBweDsgdmVydGljYWwtYWxpZ246IGJhc2VsaW5lOyBiYWNrZ3JvdW5kLXBvc2l0aW9uOiBpbml0aWFsIGluaXRpYWw7IGJhY2tncm91bmQtcmVwZWF0OiBpbml0aWFsIGluaXRpYWw7XCI+TXVoYW1tYWQgWnVsZmFkbHk8L3N0cm9uZz48YnI+Q2hpZWYgRXhlY3V0aXZlIE9mZmljZXI8YnI+UFQgVHVsaXNhbiBTdXN1bmFuIFRpbnRhPC9wPg==', 'Zharfani Padmasedhana', 'blogs_6(1).jpg', '', 'admin@tulisan.com', '2018-01-04 00:38:16', NULL, NULL),
(7, 'Space In Your Home', '4 February 2017', '', 'PHNwYW4gc3R5bGU9XCJjb2xvcjogcmdiKDAsIDAsIDApOyBmb250LWZhbWlseTogR2VvcmdpYSwgVGltZXMsIFwnVGltZXMgTmV3IFJvbWFuXCcsIHNlcmlmO1wiPkl0IGhhcHBlbnMgdG8gYWxsIG9mIHVzOiB5b3Ugd2FsayBpbnRvIGEgVHVsaXNhbiBzdG9yZSwgZmFsbCBjb21wbGV0ZWx5IGluIGxvdmUgd2l0aCBzb21lIGdvcmdlb3VzIG9mIGFydCBhbmQgaGF2ZSB0byB0YWtlIGl0IGhvbWUsIG9ubHkgdG8gcmVhbGlzZSB0aGF0IGl04oCZcyBub3QgdGhlIHJpZ2h0IGZpdC4gRm9yIG9uZSByZWFzb24gb3IgYW5vdGhlciwgVHVsaXNhbiBoYXMgc29tZSBzaXplcyBmb3IgeW91ciB3YWxsLCBnaWNsw6llIGluIHBldGl0ZSB0byBtYXN0ZXIgc2l6ZS48L3NwYW4+PGJyPjxkaXY+PHNwYW4gc3R5bGU9XCJjb2xvcjogcmdiKDAsIDAsIDApOyBmb250LWZhbWlseTogR2VvcmdpYSwgVGltZXMsIFwnVGltZXMgTmV3IFJvbWFuXCcsIHNlcmlmO1wiPjxicj48L3NwYW4+PC9kaXY+PGRpdj48cCBzdHlsZT1cImJhY2tncm91bmQtY29sb3I6IHRyYW5zcGFyZW50OyBib3JkZXI6IDBweDsgbWFyZ2luLWJvdHRvbTogMjBweDsgcGFkZGluZzogMHB4OyB2ZXJ0aWNhbC1hbGlnbjogYmFzZWxpbmU7IGNvbG9yOiByZ2IoMCwgMCwgMCk7IGZvbnQtZmFtaWx5OiBHZW9yZ2lhLCBUaW1lcywgXCdUaW1lcyBOZXcgUm9tYW5cJywgc2VyaWY7XCI+SXTigJlzIGltcG9ydGFudCB0byByZW1lbWJlciB0aGF0IGRlY29yYXRpbmcgaXMgcGVyc29uYWwuIEF0IHRoZSBlbmQgb2YgdGhlIGRheSwgeW91ciBvcGluaW9uIGlzIHdoYXQgbWF0dGVycyBtb3N0LiBTaW1wbHkgYWRkaW5nIGFydCB0byBhbiBlbXB0eSBzcGFjZSwgcGljayBzb21ldGhpbmcgdGhhdCBzcGVha3MgdG8geW91LiBGcm9tIHRoZXJlIHlvdSBjYW4gbWFrZSBzdXJlIHRoYXQgaXQgY2hhbmNlcy4gQ2hhbmNlcyBhcmUgaWYgeW91IGxpa2UgaXQsIGl0IHdpbGwuPC9wPjwvZGl2PjxkaXY+PHNwYW4gc3R5bGU9XCJjb2xvcjogcmdiKDAsIDAsIDApOyBmb250LWZhbWlseTogR2VvcmdpYSwgVGltZXMsIFwnVGltZXMgTmV3IFJvbWFuXCcsIHNlcmlmO1wiPkVtcHR5IHdhbGwgZGVzZXJ2ZXMgZ3JhbmQgYW5kIGdsb3Jpb3VzIGZvciB3YWxsIGRlY29yLiBUaGlzIHdheSB5b3VyIHJvb20gd29u4oCZdCBnZXQgbG9zdCBvciBsb29rIG1pc3BsYWNlZC48L3NwYW4+PGJyPjwvZGl2PjxkaXY+PHNwYW4gc3R5bGU9XCJjb2xvcjogcmdiKDAsIDAsIDApOyBmb250LWZhbWlseTogR2VvcmdpYSwgVGltZXMsIFwnVGltZXMgTmV3IFJvbWFuXCcsIHNlcmlmO1wiPjxicj48L3NwYW4+PC9kaXY+PGRpdj48cCBzdHlsZT1cImJhY2tncm91bmQtY29sb3I6IHRyYW5zcGFyZW50OyBib3JkZXI6IDBweDsgbWFyZ2luLWJvdHRvbTogMjBweDsgcGFkZGluZzogMHB4OyB2ZXJ0aWNhbC1hbGlnbjogYmFzZWxpbmU7IGNvbG9yOiByZ2IoMCwgMCwgMCk7IGZvbnQtZmFtaWx5OiBHZW9yZ2lhLCBUaW1lcywgXCdUaW1lcyBOZXcgUm9tYW5cJywgc2VyaWY7XCI+WW91IGNhbiBhbHNvIHVzZSBtb2RlcmF0ZWx5IGluIHRoZSBzYW1lIHRoZW1lIG9yIGNvbG91ciB0byBjcmVhdGUgYSBzdHVubmluZyBnYWxsZXJ5IHdhbGwuPC9wPjwvZGl2PjxkaXY+PHAgc3R5bGU9XCJiYWNrZ3JvdW5kLWNvbG9yOiB0cmFuc3BhcmVudDsgYm9yZGVyOiAwcHg7IG1hcmdpbi1ib3R0b206IDIwcHg7IHBhZGRpbmc6IDBweDsgdmVydGljYWwtYWxpZ246IGJhc2VsaW5lOyBjb2xvcjogcmdiKDAsIDAsIDApOyBmb250LWZhbWlseTogR2VvcmdpYSwgVGltZXMsIFwnVGltZXMgTmV3IFJvbWFuXCcsIHNlcmlmO1wiPjxicj48L3A+PHAgc3R5bGU9XCJiYWNrZ3JvdW5kLWNvbG9yOiB0cmFuc3BhcmVudDsgYm9yZGVyOiAwcHg7IG1hcmdpbi1ib3R0b206IDIwcHg7IHBhZGRpbmc6IDBweDsgdmVydGljYWwtYWxpZ246IGJhc2VsaW5lOyBjb2xvcjogcmdiKDAsIDAsIDApOyBmb250LWZhbWlseTogR2VvcmdpYSwgVGltZXMsIFwnVGltZXMgTmV3IFJvbWFuXCcsIHNlcmlmO1wiPkluc3RhZ3JhbTogQG15dHVsaXNhbjxicj5GYWNlYm9vazogVHVsaXNhbjxicj5Ud2l0dGVyOiBAbXl0dWxpc2FuPGJyPllvdXR1YmUgQ2hhbm5lbDogVHVsaXNhbiBKYWthcnRhPC9wPjxwIHN0eWxlPVwiYmFja2dyb3VuZC1jb2xvcjogdHJhbnNwYXJlbnQ7IGJvcmRlcjogMHB4OyBtYXJnaW4tYm90dG9tOiAyMHB4OyBwYWRkaW5nOiAwcHg7IHZlcnRpY2FsLWFsaWduOiBiYXNlbGluZTsgY29sb3I6IHJnYigwLCAwLCAwKTsgZm9udC1mYW1pbHk6IEdlb3JnaWEsIFRpbWVzLCBcJ1RpbWVzIE5ldyBSb21hblwnLCBzZXJpZjtcIj48aSBzdHlsZT1cImJhY2tncm91bmQtY29sb3I6IHRyYW5zcGFyZW50OyBib3JkZXI6IDBweDsgbWFyZ2luOiAwcHg7IHBhZGRpbmc6IDBweDsgdmVydGljYWwtYWxpZ246IGJhc2VsaW5lO1wiPklsbHVzdHJhdGVkIGJ5IE1lbGlzc2EgU3VuamF5YTxicj48L2k+PGkgc3R5bGU9XCJiYWNrZ3JvdW5kLWNvbG9yOiB0cmFuc3BhcmVudDsgYm9yZGVyOiAwcHg7IG1hcmdpbjogMHB4OyBwYWRkaW5nOiAwcHg7IHZlcnRpY2FsLWFsaWduOiBiYXNlbGluZTtcIj5UZXh0IGJ5Jm5ic3A7WmhhcmZhbmkmbmJzcDtQYWRtYXNlZGhhbmE8L2k+PGJyPjwvcD48cCBzdHlsZT1cImJhY2tncm91bmQtY29sb3I6IHRyYW5zcGFyZW50OyBib3JkZXI6IDBweDsgbWFyZ2luLWJvdHRvbTogMHB4OyBwYWRkaW5nOiAwcHg7IHZlcnRpY2FsLWFsaWduOiBiYXNlbGluZTsgY29sb3I6IHJnYigwLCAwLCAwKTsgZm9udC1mYW1pbHk6IEdlb3JnaWEsIFRpbWVzLCBcJ1RpbWVzIE5ldyBSb21hblwnLCBzZXJpZjtcIj48YiBzdHlsZT1cImJhY2tncm91bmQtY29sb3I6IHRyYW5zcGFyZW50OyBib3JkZXI6IDBweDsgbWFyZ2luOiAwcHg7IHBhZGRpbmc6IDBweDsgdmVydGljYWwtYWxpZ246IGJhc2VsaW5lOyBiYWNrZ3JvdW5kLXBvc2l0aW9uOiBpbml0aWFsIGluaXRpYWw7IGJhY2tncm91bmQtcmVwZWF0OiBpbml0aWFsIGluaXRpYWw7XCI+PGkgc3R5bGU9XCJiYWNrZ3JvdW5kLWNvbG9yOiB0cmFuc3BhcmVudDsgYm9yZGVyOiAwcHg7IG1hcmdpbjogMHB4OyBwYWRkaW5nOiAwcHg7IHZlcnRpY2FsLWFsaWduOiBiYXNlbGluZTtcIj5UdWxpc2FuIENocm9uaWNsZXMgVGVhbTwvaT48L2I+PC9wPjwvZGl2PjxkaXY+PHNwYW4gc3R5bGU9XCJjb2xvcjogcmdiKDAsIDAsIDApOyBmb250LWZhbWlseTogR2VvcmdpYSwgVGltZXMsIFwnVGltZXMgTmV3IFJvbWFuXCcsIHNlcmlmO1wiPjxicj48L3NwYW4+PC9kaXY+PGRpdj48c3BhbiBzdHlsZT1cImNvbG9yOiByZ2IoMCwgMCwgMCk7IGZvbnQtZmFtaWx5OiBHZW9yZ2lhLCBUaW1lcywgXCdUaW1lcyBOZXcgUm9tYW5cJywgc2VyaWY7XCI+PGJyPjwvc3Bhbj48L2Rpdj4=', 'Bima Chris', 'blogs_7(1).jpg,blogs_7(2).jpg,blogs_7(3).jpg', '', 'admin@tulisan.com', '2018-01-04 00:49:31', NULL, NULL),
(8, 'Tari Pulsar 2/3', '20 January 2017', '', 'PHNwYW4gc3R5bGU9XCJjb2xvcjogcmdiKDAsIDAsIDApOyBmb250LWZhbWlseTogR2VvcmdpYSwgVGltZXMsIFwnVGltZXMgTmV3IFJvbWFuXCcsIHNlcmlmOyBmb250LXN0eWxlOiBpdGFsaWM7XCI+4oCcSW4gdGhpcyBwc2V1ZG8tZHJlYW0sIG15IHBvc2l0aW9uIGFzIEVhcnRoIGFuZCBodW1hbiB3YXMgb2Z0ZW4gYSBibHVyLCBldmVuIGEgYmxlbmQgb2YgdGhlIHR3by4gQm90aCByb2xlcyBjb3VsZCBiZSBkaXNjZXJuZWQgYnkgYWxsIG15IHNlbnNlcy4gTGlrZSBhIHNjYXIgaW5zaWRlIG15IGhlYWQsIEkgcmVjYWxsZWQgdGhlIG1vbWVudCBNb3RoZXIgRWFydGggdXR0ZXJlZCwg4oCcTXkgdW5pdmVyc2UgaXMgZmFyIGRpZmZlcmVudCB0aGFuIHRoYXQgb2YgdGhpcyBodW1hbiB3aGljaCBpcyBwcmVzZW50bHkgcm90YXRpbmcgb24gaXRzIG93biBheGlzIHdpdGggYSB2aXJ0dWFsIHNwZWVkIHN0cm9uZ2VyIHRoYW4gd2hhdCBoaXMgcmF0aW8gaXMgYWJsZSB0byBncmFzcC4gSG93ZXZlciBpZiBoaXMgZGV0ZXJtaW5lZCBoZWFydCBpcyBwcmVwYXJlZCB0byBlcmFzZSBvdXIgZGlmZmVyZW5jZXMsIG15IGV2ZXJ5IGpvaW50IHRvbyBpcyBjYXBhYmxlIGluIHJlcGFpbnRpbmcgdGhpcyBkYW5jZS4gT25seSBmb3IgaGltLCBJIHdpc2ggdG8gY3JlYXRlIGEgZmFudGFzeSwgY29sb3JlZCBieSBjb3VudGxlc3MgbGVhcHMgb2YgcG9zc2liaWxpdHkuIEluIHNpbGVuY2UsIEkgYXdhaXQgYSBzaWduYWwgdG8gY29uc3RydWN0IGEgbmV3IHdvcmxkIHdoaWNoIGNhbm5vdCBiZSBzZWVuIGJ5IHByZWp1ZGljZWQgZXllcy7igJ08L3NwYW4+PGJyPjxkaXY+PHNwYW4gc3R5bGU9XCJjb2xvcjogcmdiKDAsIDAsIDApOyBmb250LWZhbWlseTogR2VvcmdpYSwgVGltZXMsIFwnVGltZXMgTmV3IFJvbWFuXCcsIHNlcmlmOyBmb250LXN0eWxlOiBpdGFsaWM7XCI+PGJyPjwvc3Bhbj48L2Rpdj48ZGl2PjxzcGFuIHN0eWxlPVwiY29sb3I6IHJnYigwLCAwLCAwKTsgZm9udC1mYW1pbHk6IEdlb3JnaWEsIFRpbWVzLCBcJ1RpbWVzIE5ldyBSb21hblwnLCBzZXJpZjsgZm9udC1zdHlsZTogaXRhbGljO1wiPlRoZXNlIGNhdGFzdHJvcGhpYyBlcnVwdGlvbnMgcHJvbXB0aW5nIHJlZm9ybWF0aW9uIHRvIHRoZSBFYXJ0aOKAmXMgY29udG91cnMgYmVjYW1lIHRoZSBzb2xvIGRpcmVjdGlvbiBpbiBzdXN0YWluaW5nIHRoaXMgcHVsc2FyIGRhbmNlLiBUaGlzIHdhcyB0aGUgZXNzZW50aWFsIHBhcnQgb2YgdGhlIHJlbGF0aW9uc2hpcCBiZXR3ZWVuIEVhcnRoIGFuZCBodW1hbnMuIFRoZSBuYXR1cmUgb2YgdGhlc2UgY2FsYW1pdGllcyB3YXMgYWxzbyB2ZXJ5IHRlbXBvcmFyeS4gRXZlcnkgZGVmb3JtYXRpb24gb3IgZGlzb3JkZXIgbXVzdCBiZSBhcHByZWNpYXRlZCBhcyBhIGNhdGFseXN0IGRyaXZpbmcgdXMgdG8gYSBoaWdoZXIgcG9zaXRpb24uIFRoZSBtb3N0IGNoYWxsZW5naW5nIHRoaW5nIHRvIG1lIHdhcyB0aGUgZGVmb3JtYXRpb24gb2YgdGhlIG1pbmQuIFRoZSDigJhEZWZvcm1hc2nigJkgb2Ygc2VsZiB3aGljaCBleGFtaW5lZCBldmVyeSBpbXBlcmZlY3Rpb24gYW5kIHVuZHJlc3NlZCBldmVyeSBkZWZlY3Qgd291bGQgZGVmaW5pdGVseSBzaG9jayBtYW55IGZhY2VzLiBUaHJvdWdoIHRoZSB0cmFuc3BhcmVuY3kgb2YgdGhpcyBhcHByb2FjaCwgdGhlIHZhbml0eSBvZiBpbmRpdmlkdWFsaXNtIHdhcyBkZWxpYmVyYXRlbHkgc2Fib3RhZ2VkIGluIG9yZGVyIHRvIGJlY29tZSBhd2FyZSBvZiB0aGUgaW1wb3J0YW5jZSBvZiB0YWtpbmcgZG93biB0aGUgZWdvLCBkZXN0cm95aW5nIG9sZCBtYXNrcywgYW5kIGZvcm1pbmcgYSBmcmVzaCBjaGFyYWN0ZXIu4oCdIOKAk0V4Y2VycHQgZnJvbSBTdXJhdCBOby4gMSwgTWVsaXNzYSBTdW5qYXlhLjwvc3Bhbj48c3BhbiBzdHlsZT1cImNvbG9yOiByZ2IoMCwgMCwgMCk7IGZvbnQtZmFtaWx5OiBHZW9yZ2lhLCBUaW1lcywgXCdUaW1lcyBOZXcgUm9tYW5cJywgc2VyaWY7IGZvbnQtc3R5bGU6IGl0YWxpYztcIj48YnI+PC9zcGFuPjwvZGl2PjxkaXY+PHNwYW4gc3R5bGU9XCJjb2xvcjogcmdiKDAsIDAsIDApOyBmb250LWZhbWlseTogR2VvcmdpYSwgVGltZXMsIFwnVGltZXMgTmV3IFJvbWFuXCcsIHNlcmlmOyBmb250LXN0eWxlOiBpdGFsaWM7XCI+PGJyPjwvc3Bhbj48L2Rpdj48ZGl2PjxwIHN0eWxlPVwiYmFja2dyb3VuZC1jb2xvcjogdHJhbnNwYXJlbnQ7IGJvcmRlcjogMHB4OyBtYXJnaW4tYm90dG9tOiAyMHB4OyBwYWRkaW5nOiAwcHg7IHZlcnRpY2FsLWFsaWduOiBiYXNlbGluZTsgY29sb3I6IHJnYigwLCAwLCAwKTsgZm9udC1mYW1pbHk6IEdlb3JnaWEsIFRpbWVzLCBcJ1RpbWVzIE5ldyBSb21hblwnLCBzZXJpZjsgdGV4dC1hbGlnbjogY2VudGVyO1wiPjxiIHN0eWxlPVwiYmFja2dyb3VuZC1jb2xvcjogdHJhbnNwYXJlbnQ7IGJvcmRlcjogMHB4OyBtYXJnaW46IDBweDsgcGFkZGluZzogMHB4OyB2ZXJ0aWNhbC1hbGlnbjogYmFzZWxpbmU7IGJhY2tncm91bmQtcG9zaXRpb246IGluaXRpYWwgaW5pdGlhbDsgYmFja2dyb3VuZC1yZXBlYXQ6IGluaXRpYWwgaW5pdGlhbDtcIj5QcmludHMgRWRpdGlvbjogRGVmb3JtYXNpICZhbXA7IFRyYW5zZ3Jlc2k8L2I+PGIgc3R5bGU9XCJiYWNrZ3JvdW5kLWNvbG9yOiB0cmFuc3BhcmVudDsgYm9yZGVyOiAwcHg7IG1hcmdpbjogMHB4OyBwYWRkaW5nOiAwcHg7IHZlcnRpY2FsLWFsaWduOiBiYXNlbGluZTsgYmFja2dyb3VuZC1wb3NpdGlvbjogaW5pdGlhbCBpbml0aWFsOyBiYWNrZ3JvdW5kLXJlcGVhdDogaW5pdGlhbCBpbml0aWFsO1wiPjxicj48L2I+d2lsbCBiZSByZWxlYXNlZCB0aGlzIGNvbWluZzxicj5XZWRuZXNkYXksIDIydGggb2YgRmVicnVhcnkgMjAxNyw8YnI+YXQgYWxsIG9mIFR1bGlzYW4gSmFrYXJ0YSBCb3V0aXF1ZXMsPGJyPmluIENvbG9ueSBLZW1hbmcsIFBsYXphIFNlbmF5YW4sPGJyPmFuZCBEYXJtYXdhbmdzYSBTcXVhcmUgVGhlIENpdHkgV2Fsay48L3A+PHAgc3R5bGU9XCJiYWNrZ3JvdW5kLWNvbG9yOiB0cmFuc3BhcmVudDsgYm9yZGVyOiAwcHg7IG1hcmdpbi1ib3R0b206IDIwcHg7IHBhZGRpbmc6IDBweDsgdmVydGljYWwtYWxpZ246IGJhc2VsaW5lOyBjb2xvcjogcmdiKDAsIDAsIDApOyBmb250LWZhbWlseTogR2VvcmdpYSwgVGltZXMsIFwnVGltZXMgTmV3IFJvbWFuXCcsIHNlcmlmOyB0ZXh0LWFsaWduOiBjZW50ZXI7XCI+UGxlYXNlIGZpbmQgdGhlIGxpbmsgYmVsb3cgZm9yIGZ1bGwgY2F0YWxvZ3VlPGJyPjxhIGhyZWY9XCJodHRwOi8vd3d3LnR1bGlzYW4uY29tL2Jsb2cvd3AtY29udGVudC91cGxvYWRzLzIwMTcvMDIvNS4tUEVfMTYyNF9ZUzE2MjVfUlNfTFIucGRmXCIgc3R5bGU9XCJib3JkZXI6IDBweDsgbWFyZ2luOiAwcHg7IHBhZGRpbmc6IDBweDsgdmVydGljYWwtYWxpZ246IGJhc2VsaW5lOyBjb2xvcjogcmdiKDAsIDExNCwgMTg4KTtcIj5UaGUgTmV3IEVhc3QgSW5kaWVzOiBGZWJydWFyeSBSZWxlYXNlPC9hPjwvcD48cCBzdHlsZT1cImJhY2tncm91bmQtY29sb3I6IHRyYW5zcGFyZW50OyBib3JkZXI6IDBweDsgbWFyZ2luLWJvdHRvbTogMjBweDsgcGFkZGluZzogMHB4OyB2ZXJ0aWNhbC1hbGlnbjogYmFzZWxpbmU7IGNvbG9yOiByZ2IoMCwgMCwgMCk7IGZvbnQtZmFtaWx5OiBHZW9yZ2lhLCBUaW1lcywgXCdUaW1lcyBOZXcgUm9tYW5cJywgc2VyaWY7IHRleHQtYWxpZ246IGNlbnRlcjtcIj48YnI+PC9wPjxwIHN0eWxlPVwiYmFja2dyb3VuZC1jb2xvcjogdHJhbnNwYXJlbnQ7IGJvcmRlcjogMHB4OyBtYXJnaW4tYm90dG9tOiAyMHB4OyBwYWRkaW5nOiAwcHg7IHZlcnRpY2FsLWFsaWduOiBiYXNlbGluZTsgY29sb3I6IHJnYigwLCAwLCAwKTsgZm9udC1mYW1pbHk6IEdlb3JnaWEsIFRpbWVzLCBcJ1RpbWVzIE5ldyBSb21hblwnLCBzZXJpZjsgdGV4dC1hbGlnbjogY2VudGVyO1wiPldlIG9mZmVyIGZyZWUgZGVsaXZlcnkgZm9yIG9yZGVyIGRlc3RpbmF0aW9uIHdpdGhpbiBJbmRvbmVzaWE8YnI+R2l2ZSB1cyBhIGNhbGwgYXQ6PGJyPlBsYXphIFNlbmF5YW4gKzYyICgyMSkgNTc5MC0wNDEyPGJyPkNvbG9ueSBLZW1hbmcmbmJzcDsrNjIgKDIxKSAyOTUyLTk5Mjc8YnI+RGFybWF3YW5nc2EgU3F1YXJlIFRoZSBDaXR5IFdhbGsmbmJzcDsrNjIgKDIxKSA3Mjc4LTAyMzU8YnI+V0EgTWVzc2VuZ2VyIGF0Jm5ic3A7KzYyICg4MTUpIDEwNTEgNzQyNDxicj5vciBlbWFpbCB1cyBhdCBzaG9wQHR1bGlzYW4uY29tIGlmIHlvdSBuZWVkIGZ1cnRoZXIgYXNzaXN0YW5jZS48YnI+PC9wPjxwIHN0eWxlPVwiYmFja2dyb3VuZC1jb2xvcjogdHJhbnNwYXJlbnQ7IGJvcmRlcjogMHB4OyBtYXJnaW4tYm90dG9tOiAyMHB4OyBwYWRkaW5nOiAwcHg7IHZlcnRpY2FsLWFsaWduOiBiYXNlbGluZTsgY29sb3I6IHJnYigwLCAwLCAwKTsgZm9udC1mYW1pbHk6IEdlb3JnaWEsIFRpbWVzLCBcJ1RpbWVzIE5ldyBSb21hblwnLCBzZXJpZjsgdGV4dC1hbGlnbjogY2VudGVyO1wiPjxicj48L3A+PHAgc3R5bGU9XCJiYWNrZ3JvdW5kLWNvbG9yOiB0cmFuc3BhcmVudDsgYm9yZGVyOiAwcHg7IG1hcmdpbi1ib3R0b206IDIwcHg7IHBhZGRpbmc6IDBweDsgdmVydGljYWwtYWxpZ246IGJhc2VsaW5lOyBjb2xvcjogcmdiKDAsIDAsIDApOyBmb250LWZhbWlseTogR2VvcmdpYSwgVGltZXMsIFwnVGltZXMgTmV3IFJvbWFuXCcsIHNlcmlmO1wiPlR3aXR0ZXI6IEBteXR1bGlzYW48YnI+SW5zdGFncmFtOiBAbXl0dWxpc2FuPGJyPkZhY2Vib29rIEZhbiBQYWdlOiBUdWxpc2FuPGJyPllvdXR1YmUgQ2hhbm5lbDogVHVsaXNhbiBKYWthcnRhPC9wPjxwIHN0eWxlPVwiYmFja2dyb3VuZC1jb2xvcjogdHJhbnNwYXJlbnQ7IGJvcmRlcjogMHB4OyBtYXJnaW4tYm90dG9tOiAyMHB4OyBwYWRkaW5nOiAwcHg7IHZlcnRpY2FsLWFsaWduOiBiYXNlbGluZTsgY29sb3I6IHJnYigwLCAwLCAwKTsgZm9udC1mYW1pbHk6IEdlb3JnaWEsIFRpbWVzLCBcJ1RpbWVzIE5ldyBSb21hblwnLCBzZXJpZjtcIj48aSBzdHlsZT1cImJhY2tncm91bmQtY29sb3I6IHRyYW5zcGFyZW50OyBib3JkZXI6IDBweDsgbWFyZ2luOiAwcHg7IHBhZGRpbmc6IDBweDsgdmVydGljYWwtYWxpZ246IGJhc2VsaW5lO1wiPklsbHVzdHJhdGVkIGJ5IE1lbGlzc2EgU3VuamF5YTwvaT48aSBzdHlsZT1cImJhY2tncm91bmQtY29sb3I6IHRyYW5zcGFyZW50OyBib3JkZXI6IDBweDsgbWFyZ2luOiAwcHg7IHBhZGRpbmc6IDBweDsgdmVydGljYWwtYWxpZ246IGJhc2VsaW5lO1wiPjxicj48L2k+PGkgc3R5bGU9XCJiYWNrZ3JvdW5kLWNvbG9yOiB0cmFuc3BhcmVudDsgYm9yZGVyOiAwcHg7IG1hcmdpbjogMHB4OyBwYWRkaW5nOiAwcHg7IHZlcnRpY2FsLWFsaWduOiBiYXNlbGluZTtcIj5DaG9yZW9ncmFwaHkgYnkgRGF2aXQgRml0cmlrPC9pPjwvcD48cCBzdHlsZT1cImJhY2tncm91bmQtY29sb3I6IHRyYW5zcGFyZW50OyBib3JkZXI6IDBweDsgbWFyZ2luLWJvdHRvbTogMHB4OyBwYWRkaW5nOiAwcHg7IHZlcnRpY2FsLWFsaWduOiBiYXNlbGluZTsgY29sb3I6IHJnYigwLCAwLCAwKTsgZm9udC1mYW1pbHk6IEdlb3JnaWEsIFRpbWVzLCBcJ1RpbWVzIE5ldyBSb21hblwnLCBzZXJpZjtcIj48YiBzdHlsZT1cImJhY2tncm91bmQtY29sb3I6IHRyYW5zcGFyZW50OyBib3JkZXI6IDBweDsgbWFyZ2luOiAwcHg7IHBhZGRpbmc6IDBweDsgdmVydGljYWwtYWxpZ246IGJhc2VsaW5lOyBiYWNrZ3JvdW5kLXBvc2l0aW9uOiBpbml0aWFsIGluaXRpYWw7IGJhY2tncm91bmQtcmVwZWF0OiBpbml0aWFsIGluaXRpYWw7XCI+PGkgc3R5bGU9XCJiYWNrZ3JvdW5kLWNvbG9yOiB0cmFuc3BhcmVudDsgYm9yZGVyOiAwcHg7IG1hcmdpbjogMHB4OyBwYWRkaW5nOiAwcHg7IHZlcnRpY2FsLWFsaWduOiBiYXNlbGluZTtcIj5UdWxpc2FuIENocm9uaWNsZXMgVGVhbTwvaT48L2I+PC9wPjwvZGl2Pg==', 'Bima Chris', 'blogs_8(1).jpg,blogs_8(2).jpg,blogs_8(3).jpg', '', 'admin@tulisan.com', '2018-01-04 01:00:05', NULL, NULL),
(9, 'Duet in Art', '20 February 2017', '', 'PHNwYW4gc3R5bGU9XCJjb2xvcjogcmdiKDAsIDAsIDApOyBmb250LWZhbWlseTogR2VvcmdpYSwgVGltZXMsIFwnVGltZXMgTmV3IFJvbWFuXCcsIHNlcmlmO1wiPkZvciBUdWxpc2Fu4oCZcyBjb2xsZWN0aW9uLCB0aXRsZWQg4oCYUFVMU0FSIERBTkNF4oCZLCBvdXIgZm91bmRpbmcgYXJ0aXN0IE1lbGlzc2EgU3VuamF5YSB3b3JrZWQgYSBsb25nIHdheSB0byB2aXN1YWxpemUgYW4gZW1vdGlvbmFsIGNvbm5lY3Rpb24gYmV0d2VlbiBtYW5raW5kIGFuZCB0aGUgcGxhbmV0IEVhcnRoLjwvc3Bhbj48YnI+PGRpdj48c3BhbiBzdHlsZT1cImNvbG9yOiByZ2IoMCwgMCwgMCk7IGZvbnQtZmFtaWx5OiBHZW9yZ2lhLCBUaW1lcywgXCdUaW1lcyBOZXcgUm9tYW5cJywgc2VyaWY7XCI+PGJyPjwvc3Bhbj48L2Rpdj48ZGl2PjxzcGFuIHN0eWxlPVwiY29sb3I6IHJnYigwLCAwLCAwKTsgZm9udC1mYW1pbHk6IEdlb3JnaWEsIFRpbWVzLCBcJ1RpbWVzIE5ldyBSb21hblwnLCBzZXJpZjtcIj5Gcm9tIHRoZSBzdGFydCwgc2hlIGhhZCBpbWFnaW5lZCB0aGlzIGNvbmNlcHQgdG8gYmUgZXhwcmVzc2VkIHRocm91Z2ggYSBjb250ZW1wb3JhcnkgYm9keSBleHBsb3JhdGlvbi4gQ29udGVtcG9yYXJ5IGRhbmNlIHdhcyBhIGZvcmVpZ24gZGlzY2lwbGluZSBmb3IgaGVyLiBGdXJ0aGVybW9yZSwgbGVhcm5pbmcgdGhpcyBza2lsbCBhdCA0MiB5ZWFycyBvZiBhZ2Ugd2FzIG5vdCBhbiBlYXN5IHN0YXJ0Ljwvc3Bhbj48c3BhbiBzdHlsZT1cImNvbG9yOiByZ2IoMCwgMCwgMCk7IGZvbnQtZmFtaWx5OiBHZW9yZ2lhLCBUaW1lcywgXCdUaW1lcyBOZXcgUm9tYW5cJywgc2VyaWY7XCI+PGJyPjwvc3Bhbj48L2Rpdj48ZGl2PjxzcGFuIHN0eWxlPVwiY29sb3I6IHJnYigwLCAwLCAwKTsgZm9udC1mYW1pbHk6IEdlb3JnaWEsIFRpbWVzLCBcJ1RpbWVzIE5ldyBSb21hblwnLCBzZXJpZjtcIj48YnI+PC9zcGFuPjwvZGl2PjxkaXY+PHNwYW4gc3R5bGU9XCJjb2xvcjogcmdiKDAsIDAsIDApOyBmb250LWZhbWlseTogR2VvcmdpYSwgVGltZXMsIFwnVGltZXMgTmV3IFJvbWFuXCcsIHNlcmlmO1wiPkhlciBlc3NheSBzdGF0ZWQgaGVyIHBvaW50IG9mIHZpZXcgdGhhdCBldmVyeXRoaW5nIHdhcyBwb3NzaWJsZSBpbiB0aGlzIHVuaXZlcnNlIGFuZCBldmVuIGNoYW9zIGNvdWxkIG9wZW4gdXAgbmV3IHBhdGh3YXlzIGZvciBwb3RlbnRpYWwuIFNvIGRlc3BpdGUgYW55IHRlY2huaWNhbCBkaXNhZHZhbnRhZ2UgdGhhdCBzaGUgbWF5IGhhdmUsIHNoZSBiZWdhbiBzdHVkeWluZyBjb250ZW1wb3JhcnkgZGFuY2Ugd2l0aCBhIHByb2Zlc3Npb25hbCBkYW5jZXIgJmFtcDsgY2hvcmVvZ3JhcGhlciwgRGF2aXQgRml0cmlrLjwvc3Bhbj48c3BhbiBzdHlsZT1cImNvbG9yOiByZ2IoMCwgMCwgMCk7IGZvbnQtZmFtaWx5OiBHZW9yZ2lhLCBUaW1lcywgXCdUaW1lcyBOZXcgUm9tYW5cJywgc2VyaWY7XCI+PGJyPjwvc3Bhbj48L2Rpdj48ZGl2PjxzcGFuIHN0eWxlPVwiY29sb3I6IHJnYigwLCAwLCAwKTsgZm9udC1mYW1pbHk6IEdlb3JnaWEsIFRpbWVzLCBcJ1RpbWVzIE5ldyBSb21hblwnLCBzZXJpZjtcIj48YnI+PC9zcGFuPjwvZGl2PjxkaXY+PHNwYW4gc3R5bGU9XCJjb2xvcjogcmdiKDAsIDAsIDApOyBmb250LWZhbWlseTogR2VvcmdpYSwgVGltZXMsIFwnVGltZXMgTmV3IFJvbWFuXCcsIHNlcmlmO1wiPuKAmFB1bHNhciBEYW5jZeKAmSBzaG93Y2FzZWQgYSBjb2xsYWJvcmF0aW9uIG9mIHR3byBhcnRpc3RzIGZyb20gY29udHJhc3RpbmcgY3JlYXRpdmUgZGlzY2lwbGluZXMgYW5kIGRpZmZlcmVudCBza2lsbCBsZXZlbHMsIGluIHBlcmZvcm1pbmcgYXJ0IGFuZCB2aXN1YWwgYXJ0LiBJbiB0aGlzIGR1ZXQsIHRoZSB0d28gYXJ0aXN0cyB3ZXJlIGNoYWxsZW5nZWQgdG8gc3luY2hyb25pemUgdGhlaXIgbGFuZ3VhZ2VzIGludG8gYSBwb2V0aWMgbW92ZW1lbnQgY29udmV5aW5nIHRoZSByZWxhdGlvbnNoaXAgYmV0d2VlbiBodW1hbiBhbmQgbW90aGVyIEVhcnRoLjwvc3Bhbj48c3BhbiBzdHlsZT1cImNvbG9yOiByZ2IoMCwgMCwgMCk7IGZvbnQtZmFtaWx5OiBHZW9yZ2lhLCBUaW1lcywgXCdUaW1lcyBOZXcgUm9tYW5cJywgc2VyaWY7XCI+PGJyPjwvc3Bhbj48L2Rpdj48ZGl2PjxzcGFuIHN0eWxlPVwiY29sb3I6IHJnYigwLCAwLCAwKTsgZm9udC1mYW1pbHk6IEdlb3JnaWEsIFRpbWVzLCBcJ1RpbWVzIE5ldyBSb21hblwnLCBzZXJpZjtcIj48YnI+PC9zcGFuPjwvZGl2PjxkaXY+PHNwYW4gc3R5bGU9XCJjb2xvcjogcmdiKDAsIDAsIDApOyBmb250LWZhbWlseTogR2VvcmdpYSwgVGltZXMsIFwnVGltZXMgTmV3IFJvbWFuXCcsIHNlcmlmO1wiPkl0IHRvb2sgYWxtb3N0IDggbW9udGhzIG9mIHN0cmljdCBkaWV0IGFuZCBpbnRlbnNpdmUgcGh5c2ljYWwgdHJhaW5pbmcgZm9yIE1lbGlzc2EgdG8gY29uZGl0aW9uIGhlciBib2R5IGZvciB0aGlzIGNoYWxsZW5nZS4gSXQgd2FzIGltcG9ydGFudCBmb3IgaGVyIHRvIGJlIGFibGUgdG8gYmFsYW5jZSBEYXZpdOKAmXMgMjAgeWVhcnMgZXhwZXJpZW5jZSBhcyBhIHByb2Zlc3Npb25hbCBkYW5jZXIuIEluIHR1cm4sIERhdml0IGFsc28gc3VibWVyc2VkIGhpbXNlbGYgaW4gTWVsaXNzYeKAmXMgZXNzYXksIOKAmFB1bHNhciBEYW5jZeKAmSwgd2l0aCBhbGwgaXRzIHZpc3VhbCBpbnRlcnByZXRhdGlvbi48L3NwYW4+PHNwYW4gY2xhc3M9XCJtXy01NTk2MzQwNTAwOTY0MjI3MTU2aW5ib3gtaW5ib3gtQXBwbGUtY29udmVydGVkLXNwYWNlXCIgc3R5bGU9XCJiYWNrZ3JvdW5kLWNvbG9yOiB0cmFuc3BhcmVudDsgYm9yZGVyOiAwcHg7IG1hcmdpbjogMHB4OyBwYWRkaW5nOiAwcHg7IHZlcnRpY2FsLWFsaWduOiBiYXNlbGluZTsgY29sb3I6IHJnYigwLCAwLCAwKTsgZm9udC1mYW1pbHk6IEdlb3JnaWEsIFRpbWVzLCBcJ1RpbWVzIE5ldyBSb21hblwnLCBzZXJpZjtcIj4mbmJzcDs8L3NwYW4+PHNwYW4gc3R5bGU9XCJjb2xvcjogcmdiKDAsIDAsIDApOyBmb250LWZhbWlseTogR2VvcmdpYSwgVGltZXMsIFwnVGltZXMgTmV3IFJvbWFuXCcsIHNlcmlmO1wiPjxicj48L3NwYW4+PC9kaXY+PGRpdj48c3BhbiBjbGFzcz1cIm1fLTU1OTYzNDA1MDA5NjQyMjcxNTZpbmJveC1pbmJveC1BcHBsZS1jb252ZXJ0ZWQtc3BhY2VcIiBzdHlsZT1cImJhY2tncm91bmQtY29sb3I6IHRyYW5zcGFyZW50OyBib3JkZXI6IDBweDsgbWFyZ2luOiAwcHg7IHBhZGRpbmc6IDBweDsgdmVydGljYWwtYWxpZ246IGJhc2VsaW5lOyBjb2xvcjogcmdiKDAsIDAsIDApOyBmb250LWZhbWlseTogR2VvcmdpYSwgVGltZXMsIFwnVGltZXMgTmV3IFJvbWFuXCcsIHNlcmlmO1wiPjxicj48L3NwYW4+PC9kaXY+PGRpdj48c3BhbiBjbGFzcz1cIm1fLTU1OTYzNDA1MDA5NjQyMjcxNTZpbmJveC1pbmJveC1BcHBsZS1jb252ZXJ0ZWQtc3BhY2VcIiBzdHlsZT1cImJhY2tncm91bmQtY29sb3I6IHRyYW5zcGFyZW50OyBib3JkZXI6IDBweDsgbWFyZ2luOiAwcHg7IHBhZGRpbmc6IDBweDsgdmVydGljYWwtYWxpZ246IGJhc2VsaW5lOyBjb2xvcjogcmdiKDAsIDAsIDApOyBmb250LWZhbWlseTogR2VvcmdpYSwgVGltZXMsIFwnVGltZXMgTmV3IFJvbWFuXCcsIHNlcmlmO1wiPkl0IHdhcyBpbXBvcnRhbnQgdG8gdW5kZXJzdGFuZCB0aGF0IHRoZSBnb2FsIHdhcyBuZXZlciB0byBtYXRjaCBvbmUgYW5vdGhlciBpbiBjYXBhY2l0eSwgYnV0IHRvIGNvbnZleSBhIHN5bWJpb3NpcyBvZiB0cnVzdCBhbmQgY29tcGxlbWVudGluZyBwb3RlbnRpYWxzLiBUaGlzIHdhcyB0aGUgZXNzZW5jZSBvZiB0aGUgY29sbGFib3JhdGlvbi4gVGhpcyBwZXJzcGVjdGl2ZSBzaG91bGQgaWRlYWxseSBiZSB0aGUgc2hhcGUgb2YgaHVtYW4gYm9uZCB0byBoaXMgaGFiaXRhdC48YnI+PC9zcGFuPjwvZGl2PjxkaXY+PHNwYW4gY2xhc3M9XCJtXy01NTk2MzQwNTAwOTY0MjI3MTU2aW5ib3gtaW5ib3gtQXBwbGUtY29udmVydGVkLXNwYWNlXCIgc3R5bGU9XCJiYWNrZ3JvdW5kLWNvbG9yOiB0cmFuc3BhcmVudDsgYm9yZGVyOiAwcHg7IG1hcmdpbjogMHB4OyBwYWRkaW5nOiAwcHg7IHZlcnRpY2FsLWFsaWduOiBiYXNlbGluZTsgY29sb3I6IHJnYigwLCAwLCAwKTsgZm9udC1mYW1pbHk6IEdlb3JnaWEsIFRpbWVzLCBcJ1RpbWVzIE5ldyBSb21hblwnLCBzZXJpZjtcIj48YnI+PC9zcGFuPjwvZGl2PjxkaXY+PHNwYW4gY2xhc3M9XCJtXy01NTk2MzQwNTAwOTY0MjI3MTU2aW5ib3gtaW5ib3gtQXBwbGUtY29udmVydGVkLXNwYWNlXCIgc3R5bGU9XCJiYWNrZ3JvdW5kLWNvbG9yOiB0cmFuc3BhcmVudDsgYm9yZGVyOiAwcHg7IG1hcmdpbjogMHB4OyBwYWRkaW5nOiAwcHg7IHZlcnRpY2FsLWFsaWduOiBiYXNlbGluZTsgY29sb3I6IHJnYigwLCAwLCAwKTsgZm9udC1mYW1pbHk6IEdlb3JnaWEsIFRpbWVzLCBcJ1RpbWVzIE5ldyBSb21hblwnLCBzZXJpZjtcIj5EYXZpdCBpcyBjZXJ0YWluIHRoYXQgaXQgaXMgbm90IGVhc3kgdG8gYmUgYSBkYW5jZXIgb3IgYW4gYXJ0aXN0LiDigJxXZSBjYW5ub3Qgb25seSBjb3B5IGEgbW92ZW1lbnQgb3IgYSBkcmF3aW5nLCB3ZSBoYXZlIHRvIGZpcnN0IHVuZGVyc3RhbmQgdGhlIHN1YnN0YW5jZSB0aGF0IHdlIHdhbnQgdG8gZXhwcmVzcy4gQXMgYSBkYW5jZXIsIEkgaGF2ZSB0byBiZSBhd2FyZSBvZiB0aGUgbWVjaGFuaWNzIG9mIG15IG93biBib2R5IGFuZCB0aGUgZW5lcmd5IHNvdXJjZSBvZiBldmVyeSBtb3ZlbWVudC4gVGhlIGR5bmFtaWMgcHJvamVjdGlvbiBoYXMgdG8gY29tZSBmcm9tIHRoZSBzb3Vs4oCdLCBEYXZpdCBleHBsYWluZWQuPGJyPjwvc3Bhbj48L2Rpdj48ZGl2PjxzcGFuIGNsYXNzPVwibV8tNTU5NjM0MDUwMDk2NDIyNzE1NmluYm94LWluYm94LUFwcGxlLWNvbnZlcnRlZC1zcGFjZVwiIHN0eWxlPVwiYmFja2dyb3VuZC1jb2xvcjogdHJhbnNwYXJlbnQ7IGJvcmRlcjogMHB4OyBtYXJnaW46IDBweDsgcGFkZGluZzogMHB4OyB2ZXJ0aWNhbC1hbGlnbjogYmFzZWxpbmU7IGNvbG9yOiByZ2IoMCwgMCwgMCk7IGZvbnQtZmFtaWx5OiBHZW9yZ2lhLCBUaW1lcywgXCdUaW1lcyBOZXcgUm9tYW5cJywgc2VyaWY7XCI+PGJyPjwvc3Bhbj48L2Rpdj48ZGl2PjxzcGFuIGNsYXNzPVwibV8tNTU5NjM0MDUwMDk2NDIyNzE1NmluYm94LWluYm94LUFwcGxlLWNvbnZlcnRlZC1zcGFjZVwiIHN0eWxlPVwiYmFja2dyb3VuZC1jb2xvcjogdHJhbnNwYXJlbnQ7IGJvcmRlcjogMHB4OyBtYXJnaW46IDBweDsgcGFkZGluZzogMHB4OyB2ZXJ0aWNhbC1hbGlnbjogYmFzZWxpbmU7IGNvbG9yOiByZ2IoMCwgMCwgMCk7IGZvbnQtZmFtaWx5OiBHZW9yZ2lhLCBUaW1lcywgXCdUaW1lcyBOZXcgUm9tYW5cJywgc2VyaWY7XCI+PHAgY2xhc3M9XCJtXy0xODQwMzY1NzM2Nzg5NjU1NDQyaW5ib3gtaW5ib3gtcDFcIiBzdHlsZT1cImJhY2tncm91bmQtY29sb3I6IHRyYW5zcGFyZW50OyBib3JkZXI6IDBweDsgbWFyZ2luLWJvdHRvbTogMjBweDsgcGFkZGluZzogMHB4OyB2ZXJ0aWNhbC1hbGlnbjogYmFzZWxpbmU7XCI+RGF2aXQgRml0cmlrIGVzdGFibGlzaGVkIGhpcyBvd24gZGFuY2UgYWNhZGVteSwgU291bmQgb2YgTW92ZW1lbnQgKFNPTSksIGxvY2F0ZWQgaW4gUnVrbyBFbWVyYWxkIEJvdWxldmFyZCBCbG9rIENFL0ExIG5vIDYsIEJpbnRhcm8gc2VrdG9yIDksIFRhbmdlcmFuZyAxNTIyNy4gSGUgaGFzIHBlcmZvcm1lZCBpbiBzZXZlcmFsIGludGVybmF0aW9uYWwgZGFuY2UgcmVwZXJ0b2lyZXMuJm5ic3A7PGIgc3R5bGU9XCJiYWNrZ3JvdW5kLWNvbG9yOiB0cmFuc3BhcmVudDsgYm9yZGVyOiAwcHg7IG1hcmdpbjogMHB4OyBwYWRkaW5nOiAwcHg7IHZlcnRpY2FsLWFsaWduOiBiYXNlbGluZTsgYmFja2dyb3VuZC1wb3NpdGlvbjogaW5pdGlhbCBpbml0aWFsOyBiYWNrZ3JvdW5kLXJlcGVhdDogaW5pdGlhbCBpbml0aWFsO1wiPk5leHQgU3VuZGF5LCAyNiBGZWJydWFyeSAyMDE3LCBTT00gd2lsbCBwcmVzZW50IGEgcmVjaXRhbCBpbiBUYW1hbiBJc21haWwgTWFyenVraSBhdCAxOTowMC4gVGlja2V0cyBhcmUgYXZhaWxhYmxlIGZvciBzYWxlIHRocm91Z2ggY29udGFjdGluZzogQXVkcmV5IGF0IDA4MjEyMzM4NTU2NjwvYj48L3A+PGhyIHN0eWxlPVwiYmFja2dyb3VuZC1jb2xvcjogcmdiKDIzMSwgMjMxLCAyMzEpOyBib3JkZXItdG9wLXdpZHRoOiAwcHg7IGNsZWFyOiBib3RoOyBoZWlnaHQ6IDFweDsgY29sb3I6IHJnYig1MSwgNTEsIDUxKTsgZm9udC1zaXplOiAxMnB4O1wiPjxwIHN0eWxlPVwiYmFja2dyb3VuZC1jb2xvcjogdHJhbnNwYXJlbnQ7IGJvcmRlcjogMHB4OyBtYXJnaW4tYm90dG9tOiAyMHB4OyBwYWRkaW5nOiAwcHg7IHZlcnRpY2FsLWFsaWduOiBiYXNlbGluZTtcIj5JbnN0YWdyYW06IEBteXR1bGlzYW48YnI+RmFjZWJvb2s6IFR1bGlzYW48YnI+VHdpdHRlcjogQG15dHVsaXNhbjxicj5Zb3V0dWJlIENoYW5uZWw6IFR1bGlzYW4gSmFrYXJ0YTwvcD48cCBzdHlsZT1cImJhY2tncm91bmQtY29sb3I6IHRyYW5zcGFyZW50OyBib3JkZXI6IDBweDsgbWFyZ2luLWJvdHRvbTogMjBweDsgcGFkZGluZzogMHB4OyB2ZXJ0aWNhbC1hbGlnbjogYmFzZWxpbmU7XCI+PGkgc3R5bGU9XCJiYWNrZ3JvdW5kLWNvbG9yOiB0cmFuc3BhcmVudDsgYm9yZGVyOiAwcHg7IG1hcmdpbjogMHB4OyBwYWRkaW5nOiAwcHg7IHZlcnRpY2FsLWFsaWduOiBiYXNlbGluZTtcIj48YnI+PC9pPjxpIHN0eWxlPVwiYmFja2dyb3VuZC1jb2xvcjogdHJhbnNwYXJlbnQ7IGJvcmRlcjogMHB4OyBtYXJnaW46IDBweDsgcGFkZGluZzogMHB4OyB2ZXJ0aWNhbC1hbGlnbjogYmFzZWxpbmU7XCI+VGV4dCBieSZuYnNwO1poYXJmYW5pJm5ic3A7UGFkbWFzZWRoYW5hPC9pPjxicj48L3A+PHAgc3R5bGU9XCJiYWNrZ3JvdW5kLWNvbG9yOiB0cmFuc3BhcmVudDsgYm9yZGVyOiAwcHg7IG1hcmdpbi1ib3R0b206IDIwcHg7IHBhZGRpbmc6IDBweDsgdmVydGljYWwtYWxpZ246IGJhc2VsaW5lO1wiPjxiIHN0eWxlPVwiYmFja2dyb3VuZC1jb2xvcjogdHJhbnNwYXJlbnQ7IGJvcmRlcjogMHB4OyBtYXJnaW46IDBweDsgcGFkZGluZzogMHB4OyB2ZXJ0aWNhbC1hbGlnbjogYmFzZWxpbmU7IGJhY2tncm91bmQtcG9zaXRpb246IGluaXRpYWwgaW5pdGlhbDsgYmFja2dyb3VuZC1yZXBlYXQ6IGluaXRpYWwgaW5pdGlhbDtcIj48aSBzdHlsZT1cImJhY2tncm91bmQtY29sb3I6IHRyYW5zcGFyZW50OyBib3JkZXI6IDBweDsgbWFyZ2luOiAwcHg7IHBhZGRpbmc6IDBweDsgdmVydGljYWwtYWxpZ246IGJhc2VsaW5lO1wiPlR1bGlzYW4gQ2hyb25pY2xlcyBUZWFtPC9pPjwvYj48L3A+PC9zcGFuPjwvZGl2Pg==', 'Krishni Swandayani', 'blogs_9(1).jpg,blogs_9(2).jpg,blogs_9(3).jpg', '', '', '2018-01-04 01:53:03', NULL, NULL);
INSERT INTO `cms_blog` (`idData`, `title`, `date`, `subtitle`, `description`, `photoBy`, `pictures`, `link`, `createdBy`, `createdDate`, `changedBy`, `changedDate`) VALUES
(10, 'Jane Sees', '8 March 2017', '', 'PHAgc3R5bGU9XCJcXCZxdW90O2JhY2tncm91bmQtY29sb3I6XCIgdHJhbnNwYXJlbnQ7PVwiXCIgYm9yZGVyOj1cIlwiIDBweDs9XCJcIiBtYXJnaW4tYm90dG9tOj1cIlwiIDIwcHg7PVwiXCIgcGFkZGluZzo9XCJcIiB2ZXJ0aWNhbC1hbGlnbjo9XCJcIiBiYXNlbGluZTs9XCJcIiBjb2xvcjo9XCJcIiByZ2IoMCw9XCJcIiAwLD1cIlwiIDApOz1cIlwiIGZvbnQtZmFtaWx5Oj1cIlwiIGdlb3JnaWEsPVwiXCIgdGltZXMsPVwiXCIgXFxcJ3RpbWVzPVwiXCIgbmV3PVwiXCIgcm9tYW5cXFwnLD1cIlwiIHNlcmlmO1xcXCI9XCJcIj5CZWxvdmVkIGZyaWVuZHMsPC9wPjxwIHN0eWxlPVwiXFwmcXVvdDtiYWNrZ3JvdW5kLWNvbG9yOlwiIHRyYW5zcGFyZW50Oz1cIlwiIGJvcmRlcjo9XCJcIiAwcHg7PVwiXCIgbWFyZ2luLWJvdHRvbTo9XCJcIiAyMHB4Oz1cIlwiIHBhZGRpbmc6PVwiXCIgdmVydGljYWwtYWxpZ246PVwiXCIgYmFzZWxpbmU7PVwiXCIgY29sb3I6PVwiXCIgcmdiKDAsPVwiXCIgMCw9XCJcIiAwKTs9XCJcIiBmb250LWZhbWlseTo9XCJcIiBnZW9yZ2lhLD1cIlwiIHRpbWVzLD1cIlwiIFxcXCd0aW1lcz1cIlwiIG5ldz1cIlwiIHJvbWFuXFxcJyw9XCJcIiBzZXJpZjtcXFwiPVwiXCI+TXkgZXlld2VhciBjb2xsZWN0aW9uIHdpbGwgYmUgYXZhaWxhYmxlIGF0IGFsbCBUdWxpc2FuIEJvdXRpcXVlcyBhdCB0aGUgZW5kIG9mIE1hcmNoIDIwMTcuPGJyPlRoZXNlIGFyZSBoYW5kbWFkZSBhbmQgbGltaXRlZCBlZGl0aW9ucy48YnI+U2F5IGhpIHRvIEphbmUhPGJyPjxzdHJvbmcgc3R5bGU9XCJcXCZxdW90O2JhY2tncm91bmQtY29sb3I6XCIgdHJhbnNwYXJlbnQ7PVwiXCIgYm9yZGVyOj1cIlwiIDBweDs9XCJcIiBtYXJnaW46PVwiXCIgcGFkZGluZzo9XCJcIiB2ZXJ0aWNhbC1hbGlnbjo9XCJcIiBiYXNlbGluZTs9XCJcIiBiYWNrZ3JvdW5kLXBvc2l0aW9uOj1cIlwiIGluaXRpYWw9XCJcIiBpbml0aWFsOz1cIlwiIGJhY2tncm91bmQtcmVwZWF0Oj1cIlwiIGluaXRpYWw7XFxcIj1cIlwiPuKAk1RyaXBsZSBraXNzZXMsIE1lbGlzc2EgU3VuamF5YTwvc3Ryb25nPjwvcD48cCB0cmFuc3BhcmVudDs9XCJcIiBib3JkZXI6PVwiXCIgMHB4Oz1cIlwiIG1hcmdpbjo9XCJcIiBwYWRkaW5nOj1cIlwiIHZlcnRpY2FsLWFsaWduOj1cIlwiIGJhc2VsaW5lOz1cIlwiIGZvbnQtc2l6ZTo9XCJcIiAxNHB4Oz1cIlwiIGNvbG9yOj1cIlwiIHJnYigwLD1cIlwiIDAsPVwiXCIgMCk7PVwiXCIgYmFja2dyb3VuZC1wb3NpdGlvbjo9XCJcIiBpbml0aWFsPVwiXCIgaW5pdGlhbDs9XCJcIiBiYWNrZ3JvdW5kLXJlcGVhdDo9XCJcIiBpbml0aWFsO1xcXCI9XCJcIiBzdHlsZT1cImZvbnQtc2l6ZTogMTcuNXB4O1wiPkphbmUgc2F5czxicj5J4oCZdmUgbmV2ZXIgYmVlbiBpbiBsb3ZlPGJyPkkgZG9u4oCZdCBrbm93IHdoYXQgaXQgaXM8YnI+T25seSBrbm93cyBpZiBzb21lb25lIHdhbnRzIGhlcjxicj5JIHdhbnQgdGhlbSBpZiB0aGV5IHdhbnQgbWU8YnI+SSBvbmx5IGtub3cgdGhleSB3YW50IG1lPGkgdHJhbnNwYXJlbnQ7PVwiXCIgYm9yZGVyOj1cIlwiIDBweDs9XCJcIiBtYXJnaW46PVwiXCIgcGFkZGluZzo9XCJcIiB2ZXJ0aWNhbC1hbGlnbjo9XCJcIiBiYXNlbGluZTs9XCJcIiBmb250LXN0eWxlOj1cIlwiIG5vcm1hbDs9XCJcIiBiYWNrZ3JvdW5kLXBvc2l0aW9uOj1cIlwiIGluaXRpYWw9XCJcIiBpbml0aWFsOz1cIlwiIGJhY2tncm91bmQtcmVwZWF0Oj1cIlwiIGluaXRpYWw7XFxcIj1cIlwiPjxicj48L2k+4oCTYnkgUGVycnkgRmFycmVsbCBvZiBKYW5l4oCZcyBBZGRpY3Rpb24sIExvcyBBbmdlbGVzIDE5ODg8L3A+PHAgdHJhbnNwYXJlbnQ7PVwiXCIgYm9yZGVyOj1cIlwiIDBweDs9XCJcIiBtYXJnaW46PVwiXCIgcGFkZGluZzo9XCJcIiB2ZXJ0aWNhbC1hbGlnbjo9XCJcIiBiYXNlbGluZTs9XCJcIiBmb250LXNpemU6PVwiXCIgMTRweDs9XCJcIiBjb2xvcjo9XCJcIiByZ2IoMCw9XCJcIiAwLD1cIlwiIDApOz1cIlwiIGJhY2tncm91bmQtcG9zaXRpb246PVwiXCIgaW5pdGlhbD1cIlwiIGluaXRpYWw7PVwiXCIgYmFja2dyb3VuZC1yZXBlYXQ6PVwiXCIgaW5pdGlhbDtcXFwiPVwiXCIgc3R5bGU9XCJmb250LXNpemU6IDE3LjVweDtcIj48YnI+PC9wPjxwIHRyYW5zcGFyZW50Oz1cIlwiIGJvcmRlcjo9XCJcIiAwcHg7PVwiXCIgbWFyZ2luLWJvdHRvbTo9XCJcIiAyMHB4Oz1cIlwiIHBhZGRpbmc6PVwiXCIgdmVydGljYWwtYWxpZ246PVwiXCIgYmFzZWxpbmU7PVwiXCIgY29sb3I6PVwiXCIgcmdiKDAsPVwiXCIgMCw9XCJcIiAwKTs9XCJcIiBmb250LWZhbWlseTo9XCJcIiBnZW9yZ2lhLD1cIlwiIHRpbWVzLD1cIlwiIFxcXCd0aW1lcz1cIlwiIG5ldz1cIlwiIHJvbWFuXFxcJyw9XCJcIiBzZXJpZjtcXFwiPVwiXCI+PHN0cm9uZyB0cmFuc3BhcmVudDs9XCJcIiBib3JkZXI6PVwiXCIgMHB4Oz1cIlwiIG1hcmdpbjo9XCJcIiBwYWRkaW5nOj1cIlwiIHZlcnRpY2FsLWFsaWduOj1cIlwiIGJhc2VsaW5lOz1cIlwiIGJhY2tncm91bmQtcG9zaXRpb246PVwiXCIgaW5pdGlhbD1cIlwiIGluaXRpYWw7PVwiXCIgYmFja2dyb3VuZC1yZXBlYXQ6PVwiXCIgaW5pdGlhbDtcXFwiPVwiXCI+PC9zdHJvbmc+PC9wPjxwIHRyYW5zcGFyZW50Oz1cIlwiIGJvcmRlcjo9XCJcIiAwcHg7PVwiXCIgbWFyZ2luOj1cIlwiIHBhZGRpbmc6PVwiXCIgdmVydGljYWwtYWxpZ246PVwiXCIgYmFzZWxpbmU7PVwiXCIgZm9udC1zaXplOj1cIlwiIDE0cHg7PVwiXCIgY29sb3I6PVwiXCIgcmdiKDAsPVwiXCIgMCw9XCJcIiAwKTs9XCJcIiBiYWNrZ3JvdW5kLXBvc2l0aW9uOj1cIlwiIGluaXRpYWw9XCJcIiBpbml0aWFsOz1cIlwiIGJhY2tncm91bmQtcmVwZWF0Oj1cIlwiIGluaXRpYWw7XFxcIj1cIlwiIHN0eWxlPVwibWFyZ2luLWJvdHRvbTogMHB4OyBmb250LXNpemU6IDE3LjVweDtcIj5KYW5lIFNlZXM8YnI+dGhlcmUgYXJlIHRocmVlIHNoYWRlczxicj5vZiB0aGUgc3Rvcnk8YnI+eW91cnMsIG1pbmUsIGFuZCBoZXIgdmlldzxicj5FdmVyeXRoaW5nIHRha2VzIGl0cyB0dXJuPGJyPmluIGEgY2lyY3VsYXIgbW90aW9uPGJyPkphbmUgc2VlcyB0aGUgYnJpZ2h0IHNpZGU8c3BhbiB0cmFuc3BhcmVudDs9XCJcIiBib3JkZXI6PVwiXCIgMHB4Oz1cIlwiIG1hcmdpbjo9XCJcIiBwYWRkaW5nOj1cIlwiIHZlcnRpY2FsLWFsaWduOj1cIlwiIGJhc2VsaW5lOz1cIlwiIGZvbnQtc3R5bGU6PVwiXCIgbm9ybWFsO1xcXCI9XCJcIj48YnI+PC9zcGFuPuKAk2J5IE1lbGlzc2EgU3VuamF5YSwgSmFrYXJ0YSAyMDE3PC9wPjxwIHRyYW5zcGFyZW50Oz1cIlwiIGJvcmRlcjo9XCJcIiAwcHg7PVwiXCIgbWFyZ2luOj1cIlwiIHBhZGRpbmc6PVwiXCIgdmVydGljYWwtYWxpZ246PVwiXCIgYmFzZWxpbmU7PVwiXCIgZm9udC1zaXplOj1cIlwiIDE0cHg7PVwiXCIgY29sb3I6PVwiXCIgcmdiKDAsPVwiXCIgMCw9XCJcIiAwKTs9XCJcIiBiYWNrZ3JvdW5kLXBvc2l0aW9uOj1cIlwiIGluaXRpYWw9XCJcIiBpbml0aWFsOz1cIlwiIGJhY2tncm91bmQtcmVwZWF0Oj1cIlwiIGluaXRpYWw7XFxcIj1cIlwiIHN0eWxlPVwibWFyZ2luLWJvdHRvbTogMHB4OyBmb250LXNpemU6IDE3LjVweDtcIj48YnI+PC9wPjxwIHN0eWxlPVwiYmFja2dyb3VuZC1jb2xvcjogdHJhbnNwYXJlbnQ7IGJvcmRlcjogMHB4OyBtYXJnaW4tYm90dG9tOiAyMHB4OyBwYWRkaW5nOiAwcHg7IHZlcnRpY2FsLWFsaWduOiBiYXNlbGluZTsgY29sb3I6IHJnYigwLCAwLCAwKTsgZm9udC1mYW1pbHk6IEdlb3JnaWEsIFRpbWVzLCBcJ1RpbWVzIE5ldyBSb21hblwnLCBzZXJpZjtcIj5FdmVyeSBwYWlyIGluY2x1ZGVzIGEgY2FycnlpbmcgbGVhdGhlciBjYXNlIGFuZCBhIG1pY3JvZmliZXIgY2xvdGguPGJyPjwvcD48cCBzdHlsZT1cImJhY2tncm91bmQtY29sb3I6IHRyYW5zcGFyZW50OyBib3JkZXI6IDBweDsgbWFyZ2luLWJvdHRvbTogMjBweDsgcGFkZGluZzogMHB4OyB2ZXJ0aWNhbC1hbGlnbjogYmFzZWxpbmU7IGNvbG9yOiByZ2IoMCwgMCwgMCk7IGZvbnQtZmFtaWx5OiBHZW9yZ2lhLCBUaW1lcywgXCdUaW1lcyBOZXcgUm9tYW5cJywgc2VyaWY7XCI+VHdpdHRlcjogQG15dHVsaXNhbjxicj5JbnN0YWdyYW06IEBteXR1bGlzYW48YnI+RmFjZWJvb2sgRmFuIFBhZ2U6IFR1bGlzYW48YnI+WW91dHViZSBDaGFubmVsOiBUdWxpc2FuIEpha2FydGE8L3A+PHAgc3R5bGU9XCJiYWNrZ3JvdW5kLWNvbG9yOiB0cmFuc3BhcmVudDsgYm9yZGVyOiAwcHg7IG1hcmdpbi1ib3R0b206IDIwcHg7IHBhZGRpbmc6IDBweDsgdmVydGljYWwtYWxpZ246IGJhc2VsaW5lOyBjb2xvcjogcmdiKDAsIDAsIDApOyBmb250LWZhbWlseTogR2VvcmdpYSwgVGltZXMsIFwnVGltZXMgTmV3IFJvbWFuXCcsIHNlcmlmO1wiPjxpIHN0eWxlPVwiYmFja2dyb3VuZC1jb2xvcjogdHJhbnNwYXJlbnQ7IGJvcmRlcjogMHB4OyBtYXJnaW46IDBweDsgcGFkZGluZzogMHB4OyB2ZXJ0aWNhbC1hbGlnbjogYmFzZWxpbmU7XCI+QXJ0d29yayBieSBNZWxpc3NhIFN1bmpheWE8L2k+PC9wPg==', 'Bima Chris & Krishni Swandayani', 'blogs_10(1).jpg,blogs_10(2).jpg,blogs_10(3).jpg', '', '', '2018-01-04 01:58:05', '', '2018-01-04 02:00:44'),
(11, 'Nesting Place', '15 March 2017', '', 'PHNwYW4gc3R5bGU9XFxcImNvbG9yOiByZ2IoMCwgMCwgMCk7IGZvbnQtZmFtaWx5OiBHZW9yZ2lhLCBUaW1lcywgXFxcJ1RpbWVzIE5ldyBSb21hblxcXCcsIHNlcmlmO1xcXCI+SGksIEnigJltIEZhbmkuJm5ic3A7PC9zcGFuPjxzcGFuIHN0eWxlPVxcXCJjb2xvcjogcmdiKDAsIDAsIDApOyBmb250LWZhbWlseTogR2VvcmdpYSwgVGltZXMsIFxcXCdUaW1lcyBOZXcgUm9tYW5cXFwnLCBzZXJpZjtcXFwiPlNpbmNlIEkgc3RhcnRlZCB3b3JraW5nIGluIFR1bGlzYW4sIEkgaGF2ZSBzcGVudCBudW1lcm91cyBob3VycyBkaXNjdXNzaW5nIHByb2plY3RzIGluIE1lbGlzc2HigJlzIG93biBob3VzZSB3aGljaCBhbHNvIHNlcnZlZCBhcyBoZXIgYXJ0IHN0dWRpby4gU2hlIHRyZWF0cyBoZXIgVHVsaXNhbiB0ZWFtIGluIGtpbnNoaXAuIFdlIHdvdWxkIGJlIGhhdmluZyBicmVha2Zhc3QsIGx1bmNoIGFuZCBjb2ZmZWVzIHRvZ2V0aGVyIGxpa2UgYSBmYW1pbHkuIEFtb25nIHRoaXMgdGlnaHQgd29ya2luZyB0ZWFtLCB3ZSB3b3VsZCBzaGFyZSBtYW55IHRvdWNoZXMgb2YgbGF1Z2h0ZXIgd2hpbGUgdGFja2xpbmcgZGVhZGxpbmVzLjwvc3Bhbj48ZGl2Pjxmb250IGNvbG9yPVxcXCIjMDAwMDAwXFxcIiBmYWNlPVxcXCJHZW9yZ2lhLCBUaW1lcywgVGltZXMgTmV3IFJvbWFuLCBzZXJpZlxcXCI+PGJyPjwvZm9udD48L2Rpdj48ZGl2PjxzcGFuIHN0eWxlPVxcXCJjb2xvcjogcmdiKDAsIDAsIDApOyBmb250LWZhbWlseTogR2VvcmdpYSwgVGltZXMsIFxcXCdUaW1lcyBOZXcgUm9tYW5cXFwnLCBzZXJpZjtcXFwiPkkgcmVudCBhIDTDlzUgc3F1YXJlIG1ldGVyIHVyYmFuIHJvb20gaW4gU291dGggSmFrYXJ0YSwgbm90IGZhciBmcm9tIG15IG9mZmljZS4gSXQgaXMgYSBzaW1wbGUgc3BhY2Ugd2l0aCB0aW55IHZlbnRpbGF0aW9uIHBhbmVscyBnaXZpbmcgaXQgYSBkZWNlbnQgbmF0dXJhbCBsaWdodCBzb3VyY2UuIEkgb2Z0ZW4gd29uZGVyIGhvdyB0byByZWRlY29yYXRlIHRoaXMgc3BhY2Ugd2l0aG91dCBzcGVuZGluZyBhbiBleGNlc3NpdmUgYnVkZ2V0IGFuZCBhIGh1Z2UgZWZmb3J0Ljwvc3Bhbj48L2Rpdj48ZGl2Pjxmb250IGNvbG9yPVxcXCIjMDAwMDAwXFxcIiBmYWNlPVxcXCJHZW9yZ2lhLCBUaW1lcywgVGltZXMgTmV3IFJvbWFuLCBzZXJpZlxcXCI+PGJyPjwvZm9udD48L2Rpdj48ZGl2PjxzcGFuIHN0eWxlPVxcXCJjb2xvcjogcmdiKDAsIDAsIDApOyBmb250LWZhbWlseTogR2VvcmdpYSwgVGltZXMsIFxcXCdUaW1lcyBOZXcgUm9tYW5cXFwnLCBzZXJpZjtcXFwiPk9uZSByYWlueSBhZnRlcm5vb24gYXMgTWVsaXNzYSB3YXMgd29ya2luZyBvbiBoZXIgaG91c2Vob2xkIHJlc3BvbnNpYmlsaXRpZXMsIEkgYXNrZWQgaGVyIGZvciBzb21lIHRpcHMgb24gZGVjb3JhdGluZyByb29tcy4gU28gc2hlIHRvb2sgbWUgdG8gc2VlIGhlciByb29tLiBUbyBteSBzdXJwcmlzZSwgaGVyIGJlZHJvb20gd2FzIGh1bWJsZSwgeWV0IHdhcm0gYW5kIGNvc3kuIFNoZSBsb3ZlcyBzcGVuZGluZyB0aW1lIGF0IGhvbWUsIGFuZCBlc3BlY2lhbGx5IGEgbG90IG9mIOKAmG1lIHRpbWXigJkgaW4gdGhpcyByb29tIGZvciByZWFkaW5nLCB3cml0aW5nLCBhbmQgZHJpbmtpbmcgdGVhLjwvc3Bhbj48L2Rpdj48ZGl2Pjxmb250IGNvbG9yPVxcXCIjMDAwMDAwXFxcIiBmYWNlPVxcXCJHZW9yZ2lhLCBUaW1lcywgVGltZXMgTmV3IFJvbWFuLCBzZXJpZlxcXCI+PGJyPjwvZm9udD48L2Rpdj48ZGl2PjxzcGFuIHN0eWxlPVxcXCJjb2xvcjogcmdiKDAsIDAsIDApOyBmb250LWZhbWlseTogR2VvcmdpYSwgVGltZXMsIFxcXCdUaW1lcyBOZXcgUm9tYW5cXFwnLCBzZXJpZjtcXFwiPkhlciBiYXJlIHJvb20gd2FzIGZpbGxlZCB3aXRoIG9ubHkgdGhlIGJhc2ljIHNsZWVwaW5nIG5lY2Vzc2l0aWVzLCBzdWNoIGFzIGEgbG93IG1hdHRyZXNzLCBhIGNvbG9uaWFsIGFybWNoYWlyLCBhIHJlYWRpbmcgbGFtcCwgY2FuZGxlcywgYW5kIGEgbGFkZGVyIGFzIGhhbmdlcnMuIEhlciBoYW5kd3JpdGluZyBvdmVyIHRoZSBtYXR0cmVzcyBnYXZlIHRoZSBzcGFjZSBhIHZlcnkgcG9ldGljIHRvdWNoLCBsaWtlIGEgbHVsbGFieSBiZWZvcmUgYmVkdGltZS48L3NwYW4+PGJyPjwvZGl2PjxkaXY+PHNwYW4gc3R5bGU9XFxcImNvbG9yOiByZ2IoMCwgMCwgMCk7IGZvbnQtZmFtaWx5OiBHZW9yZ2lhLCBUaW1lcywgXFxcJ1RpbWVzIE5ldyBSb21hblxcXCcsIHNlcmlmO1xcXCI+PGJyPjwvc3Bhbj48L2Rpdj48ZGl2PjxzcGFuIHN0eWxlPVxcXCJjb2xvcjogcmdiKDAsIDAsIDApOyBmb250LWZhbWlseTogR2VvcmdpYSwgVGltZXMsIFxcXCdUaW1lcyBOZXcgUm9tYW5cXFwnLCBzZXJpZjtcXFwiPk1lbGlzc2Egc3VnZ2VzdGVkIG1lIHRvIHJlZGVjb3JhdGUgbXkgcm9vbSB3aXRoIGEgbGltaXRlZCBjb2xvdXIgcGFsZXR0ZSBvZiB3aGl0ZSBhbmQgZ3JleSwgbWFraW5nIHRoZSBjcmVhdGl2ZSBwcm9jZXNzIGVhc2llciBhbmQgZ2l2aW5nIGEgbGFzdGluZyBzYXRpc2ZhY3Rpb24uIFRoZSBuZXV0cmFsIHRvbmVzIG1hZGUgdGhlIHJvb20gbW9yZSBzcGFjaW91cyBhbmQgZnJpZW5kbHkgZm9yIHRoZSBzb3VsLiBIZXIgYmVkcm9vbSB3YXMgb3ZlcmFsbCBjb3ZlcmVkIGluIG5ldXRyYWwgY29sb3VyZWQgbGluZW5zLCB0aGVuIHZpYnJhbnRseSBhY2NlbnRlZCB3aXRoIFR1bGlzYW7igJlzIGhvbWUgY29sbGVjdGlvbnMuPC9zcGFuPjxzcGFuIHN0eWxlPVxcXCJjb2xvcjogcmdiKDAsIDAsIDApOyBmb250LWZhbWlseTogR2VvcmdpYSwgVGltZXMsIFxcXCdUaW1lcyBOZXcgUm9tYW5cXFwnLCBzZXJpZjtcXFwiPjxicj48L3NwYW4+PC9kaXY+PGRpdj48c3BhbiBzdHlsZT1cXFwiY29sb3I6IHJnYigwLCAwLCAwKTsgZm9udC1mYW1pbHk6IEdlb3JnaWEsIFRpbWVzLCBcXFwnVGltZXMgTmV3IFJvbWFuXFxcJywgc2VyaWY7XFxcIj48YnI+PC9zcGFuPjwvZGl2PjxkaXY+PHNwYW4gc3R5bGU9XFxcImNvbG9yOiByZ2IoMCwgMCwgMCk7IGZvbnQtZmFtaWx5OiBHZW9yZ2lhLCBUaW1lcywgXFxcJ1RpbWVzIE5ldyBSb21hblxcXCcsIHNlcmlmO1xcXCI+SSBkaXNjb3ZlcmVkIGEgY291cGxlIG9mIHVuaXF1ZSBpZGVhcyBmb3IgbXkgb3duIHNwYWNlLiBBcyBhbiBleGFtcGxlLCB0aGUgdGVhIHRvd2VsIGNvdWxkIGJlIHVzZWQgYXMgYW4gaW50ZXJjaGFuZ2VhYmxlIHdhbGwgZGVjb3JhdGlvbiBhbmQgYXMgYSBzZWF0IGNvdmVyLiBUaGUgY2FyIG9yZ2FuaXplciBjb3VsZCBhbHNvIGJlIGhhbmdlZCBvbiB0aGUgd2FsbCB0byBvcmdhbml6ZSB0aXNzdWUsIGJvb2tzLCBhbmQgbm90ZXMuPC9zcGFuPjxzcGFuIHN0eWxlPVxcXCJjb2xvcjogcmdiKDAsIDAsIDApOyBmb250LWZhbWlseTogR2VvcmdpYSwgVGltZXMsIFxcXCdUaW1lcyBOZXcgUm9tYW5cXFwnLCBzZXJpZjtcXFwiPjxicj48L3NwYW4+PC9kaXY+PGRpdj48c3BhbiBzdHlsZT1cXFwiY29sb3I6IHJnYigwLCAwLCAwKTsgZm9udC1mYW1pbHk6IEdlb3JnaWEsIFRpbWVzLCBcXFwnVGltZXMgTmV3IFJvbWFuXFxcJywgc2VyaWY7XFxcIj48YnI+PC9zcGFuPjwvZGl2PjxkaXY+PHAgc3R5bGU9XFxcImJhY2tncm91bmQtY29sb3I6IHRyYW5zcGFyZW50OyBib3JkZXI6IDBweDsgbWFyZ2luLWJvdHRvbTogMjBweDsgcGFkZGluZzogMHB4OyB2ZXJ0aWNhbC1hbGlnbjogYmFzZWxpbmU7IGNvbG9yOiByZ2IoMCwgMCwgMCk7IGZvbnQtZmFtaWx5OiBHZW9yZ2lhLCBUaW1lcywgXFxcJ1RpbWVzIE5ldyBSb21hblxcXCcsIHNlcmlmO1xcXCI+SSBmZWx0IGluc3BpcmVkIHRoYXQgZGF5IGJlY2F1c2UgaGVyIGRlY29yYXRpbmcgdGlwcyB3ZXJlIGVhc3kgdG8gYXBwbHkuIEEgcGxlYXNhbnQgYXRtb3NwaGVyZSBkb2VzbuKAmXQgaGF2ZSB0byBiZSBleHBlbnNpdmUuPC9wPjxwIHN0eWxlPVxcXCJiYWNrZ3JvdW5kLWNvbG9yOiB0cmFuc3BhcmVudDsgYm9yZGVyOiAwcHg7IG1hcmdpbi1ib3R0b206IDIwcHg7IHBhZGRpbmc6IDBweDsgdmVydGljYWwtYWxpZ246IGJhc2VsaW5lOyBjb2xvcjogcmdiKDAsIDAsIDApOyBmb250LWZhbWlseTogR2VvcmdpYSwgVGltZXMsIFxcXCdUaW1lcyBOZXcgUm9tYW5cXFwnLCBzZXJpZjtcXFwiPkkgaG9wZSB5b3UgaGF2ZSBhIGdyZWF0IGRheSw8YnI+PHN0cm9uZyBzdHlsZT1cXFwiYmFja2dyb3VuZC1jb2xvcjogdHJhbnNwYXJlbnQ7IGJvcmRlcjogMHB4OyBtYXJnaW46IDBweDsgcGFkZGluZzogMHB4OyB2ZXJ0aWNhbC1hbGlnbjogYmFzZWxpbmU7IGJhY2tncm91bmQtcG9zaXRpb246IGluaXRpYWwgaW5pdGlhbDsgYmFja2dyb3VuZC1yZXBlYXQ6IGluaXRpYWwgaW5pdGlhbDtcXFwiPlpoYXJmYW5pIFBhZG1hc2VkaGFuYTwvc3Ryb25nPjwvcD48cCBzdHlsZT1cXFwiYmFja2dyb3VuZC1jb2xvcjogdHJhbnNwYXJlbnQ7IGJvcmRlcjogMHB4OyBtYXJnaW4tYm90dG9tOiAyMHB4OyBwYWRkaW5nOiAwcHg7IHZlcnRpY2FsLWFsaWduOiBiYXNlbGluZTsgY29sb3I6IHJnYigwLCAwLCAwKTsgZm9udC1mYW1pbHk6IEdlb3JnaWEsIFRpbWVzLCBcXFwnVGltZXMgTmV3IFJvbWFuXFxcJywgc2VyaWY7XFxcIj48c3Ryb25nIHN0eWxlPVxcXCJiYWNrZ3JvdW5kLWNvbG9yOiB0cmFuc3BhcmVudDsgYm9yZGVyOiAwcHg7IG1hcmdpbjogMHB4OyBwYWRkaW5nOiAwcHg7IHZlcnRpY2FsLWFsaWduOiBiYXNlbGluZTsgYmFja2dyb3VuZC1wb3NpdGlvbjogaW5pdGlhbCBpbml0aWFsOyBiYWNrZ3JvdW5kLXJlcGVhdDogaW5pdGlhbCBpbml0aWFsO1xcXCI+PGJyPjwvc3Ryb25nPjwvcD48cCBzdHlsZT1cXFwiYmFja2dyb3VuZC1jb2xvcjogdHJhbnNwYXJlbnQ7IGJvcmRlcjogMHB4OyBtYXJnaW4tYm90dG9tOiAyMHB4OyBwYWRkaW5nOiAwcHg7IHZlcnRpY2FsLWFsaWduOiBiYXNlbGluZTsgY29sb3I6IHJnYigwLCAwLCAwKTsgZm9udC1mYW1pbHk6IEdlb3JnaWEsIFRpbWVzLCBcXFwnVGltZXMgTmV3IFJvbWFuXFxcJywgc2VyaWY7XFxcIj5Ud2l0dGVyOiBAbXl0dWxpc2FuPGJyPkluc3RhZ3JhbTogQG15dHVsaXNhbjxicj5GYWNlYm9vayBGYW4gUGFnZTogVHVsaXNhbjxicj5Zb3V0dWJlIENoYW5uZWw6IFR1bGlzYW4gSmFrYXJ0YTxicj48aSBzdHlsZT1cXFwiYmFja2dyb3VuZC1jb2xvcjogdHJhbnNwYXJlbnQ7IGJvcmRlcjogMHB4OyBtYXJnaW46IDBweDsgcGFkZGluZzogMHB4OyB2ZXJ0aWNhbC1hbGlnbjogYmFzZWxpbmU7XFxcIj48L2k+PC9wPjxwIHN0eWxlPVxcXCJiYWNrZ3JvdW5kLWNvbG9yOiB0cmFuc3BhcmVudDsgYm9yZGVyOiAwcHg7IG1hcmdpbi1ib3R0b206IDIwcHg7IHBhZGRpbmc6IDBweDsgdmVydGljYWwtYWxpZ246IGJhc2VsaW5lOyBjb2xvcjogcmdiKDAsIDAsIDApOyBmb250LWZhbWlseTogR2VvcmdpYSwgVGltZXMsIFxcXCdUaW1lcyBOZXcgUm9tYW5cXFwnLCBzZXJpZjtcXFwiPjxpIHN0eWxlPVxcXCJiYWNrZ3JvdW5kLWNvbG9yOiB0cmFuc3BhcmVudDsgYm9yZGVyOiAwcHg7IG1hcmdpbjogMHB4OyBwYWRkaW5nOiAwcHg7IHZlcnRpY2FsLWFsaWduOiBiYXNlbGluZTtcXFwiPkFydHdvcmsgYnkgTWVsaXNzYSBTdW5qYXlhPC9pPjxpIHN0eWxlPVxcXCJiYWNrZ3JvdW5kLWNvbG9yOiB0cmFuc3BhcmVudDsgYm9yZGVyOiAwcHg7IG1hcmdpbjogMHB4OyBwYWRkaW5nOiAwcHg7IHZlcnRpY2FsLWFsaWduOiBiYXNlbGluZTtcXFwiPjxicj48L2k+PC9wPjxwIHN0eWxlPVxcXCJiYWNrZ3JvdW5kLWNvbG9yOiB0cmFuc3BhcmVudDsgYm9yZGVyOiAwcHg7IG1hcmdpbi1ib3R0b206IDIwcHg7IHBhZGRpbmc6IDBweDsgdmVydGljYWwtYWxpZ246IGJhc2VsaW5lOyBjb2xvcjogcmdiKDAsIDAsIDApOyBmb250LWZhbWlseTogR2VvcmdpYSwgVGltZXMsIFxcXCdUaW1lcyBOZXcgUm9tYW5cXFwnLCBzZXJpZjtcXFwiPjxzdHJvbmcgc3R5bGU9XFxcImJhY2tncm91bmQtY29sb3I6IHRyYW5zcGFyZW50OyBib3JkZXI6IDBweDsgbWFyZ2luOiAwcHg7IHBhZGRpbmc6IDBweDsgdmVydGljYWwtYWxpZ246IGJhc2VsaW5lOyBiYWNrZ3JvdW5kLXBvc2l0aW9uOiBpbml0aWFsIGluaXRpYWw7IGJhY2tncm91bmQtcmVwZWF0OiBpbml0aWFsIGluaXRpYWw7XFxcIj48L3N0cm9uZz48L3A+PHAgc3R5bGU9XFxcImJhY2tncm91bmQtY29sb3I6IHRyYW5zcGFyZW50OyBib3JkZXI6IDBweDsgbWFyZ2luLWJvdHRvbTogMHB4OyBwYWRkaW5nOiAwcHg7IHZlcnRpY2FsLWFsaWduOiBiYXNlbGluZTsgY29sb3I6IHJnYigwLCAwLCAwKTsgZm9udC1mYW1pbHk6IEdlb3JnaWEsIFRpbWVzLCBcXFwnVGltZXMgTmV3IFJvbWFuXFxcJywgc2VyaWY7XFxcIj48YiBzdHlsZT1cXFwiYmFja2dyb3VuZC1jb2xvcjogdHJhbnNwYXJlbnQ7IGJvcmRlcjogMHB4OyBtYXJnaW46IDBweDsgcGFkZGluZzogMHB4OyB2ZXJ0aWNhbC1hbGlnbjogYmFzZWxpbmU7IGJhY2tncm91bmQtcG9zaXRpb246IGluaXRpYWwgaW5pdGlhbDsgYmFja2dyb3VuZC1yZXBlYXQ6IGluaXRpYWwgaW5pdGlhbDtcXFwiPjxpIHN0eWxlPVxcXCJiYWNrZ3JvdW5kLWNvbG9yOiB0cmFuc3BhcmVudDsgYm9yZGVyOiAwcHg7IG1hcmdpbjogMHB4OyBwYWRkaW5nOiAwcHg7IHZlcnRpY2FsLWFsaWduOiBiYXNlbGluZTtcXFwiPlR1bGlzYW4gQ2hyb25pY2xlcyBUZWFtPC9pPjwvYj48L3A+PC9kaXY+PGRpdj48ZGl2PjxzcGFuIHN0eWxlPVxcXCJjb2xvcjogcmdiKDAsIDAsIDApOyBmb250LWZhbWlseTogR2VvcmdpYSwgVGltZXMsIFxcXCdUaW1lcyBOZXcgUm9tYW5cXFwnLCBzZXJpZjtcXFwiPjxicj48L3NwYW4+PC9kaXY+PGRpdj48c3BhbiBzdHlsZT1cXFwiY29sb3I6IHJnYigwLCAwLCAwKTsgZm9udC1mYW1pbHk6IEdlb3JnaWEsIFRpbWVzLCBcXFwnVGltZXMgTmV3IFJvbWFuXFxcJywgc2VyaWY7XFxcIj48YnI+PC9zcGFuPjwvZGl2PjwvZGl2Pg==', 'Bima Chris', 'blogs_11(1).jpg,blogs_11(2).jpg,blogs_11(3).jpg', '', '', '2018-01-04 02:12:27', '', '2018-01-04 02:21:45'),
(12, 'Tari Pulsar 3/3', '20 March 2017', '', 'PHNwYW4gc3R5bGU9XCJjb2xvcjogcmdiKDAsIDAsIDApOyBmb250LWZhbWlseTogR2VvcmdpYSwgVGltZXMsIFwnVGltZXMgTmV3IFJvbWFuXCcsIHNlcmlmOyBmb250LXN0eWxlOiBpdGFsaWM7XCI+4oCc4oCmIFRoZSBkYW5jZSBiZXR3ZWVuIHRoZSBlYXJ0aCBhbmQgbWFua2luZCB3YXMgYSBmYWlyeSB0YWxlIG9mIGxvdmUgd2l0aCBhIG11c2ljYWwgY29tcG9zaXRpb24gbmFtZWQg4oCYRnVnYeKAmSB3aGVyZSBhbGwgb2YgdGhlIG5vdGVzIHdlcmUgc3RhY2tpbmcgb3ZlciwgY2hhc2luZywgYW5kIGNhbGxpbmcgb24gZWFjaCBvdGhlci4gVGhpcyB0cmFuc2NlbmRlbnRhbCBtZWxvZHkgZXNjb3J0ZWQgYSBtZXNzZWQtdXAgY29uZGl0aW9uIHdoaWNoIHdhcyBleHRyZW1lbHkgY29uY3JldGUgYW5kIHVuc3dlZXRlbmVkLiBUaHJvdWdoIHRoZXNlIG5vdGVzLCBteSBlYXJzIHBlcmNlaXZlZCBhIGNhbGwgdG8gZGlzbWFudGxlIHRoZSByb2JlIG9mIHJvbWFudGljaXNtIHdoaWNoIG9mdGVuIHBpY3R1cmVkIGEgcGVyZmVjdGlvbiBzbyBoYXJkIHRvIGF0dGFpbiBpbiB0aGlzIGFnZeKAk2Egc3VtbW9ucyBzbyBteSB0b21vcnJvdyBjb3VsZCB5aWVsZCBhIHBsYXRlIG9mIG1hZ2ljYWwgdG9uZXMuIFRocm91Z2ggdGhlIHRlbGVzY29wZSBvZiDigJhGdWdh4oCZLCBteSBzb3VsIGNhcHR1cmVkIGFuIGF1dGhlbnRpYyBwZXJzb25hbGl0eSB3aGljaCBubyBsb25nZXIgd2VhcnMgdGhlIHZlaWwgb2YgbWVyZSBiZWF1dHkuPC9zcGFuPjxicj48ZGl2PjxzcGFuIHN0eWxlPVwiY29sb3I6IHJnYigwLCAwLCAwKTsgZm9udC1mYW1pbHk6IEdlb3JnaWEsIFRpbWVzLCBcJ1RpbWVzIE5ldyBSb21hblwnLCBzZXJpZjsgZm9udC1zdHlsZTogaXRhbGljO1wiPjxicj48L3NwYW4+PC9kaXY+PGRpdj48c3BhbiBzdHlsZT1cImNvbG9yOiByZ2IoMCwgMCwgMCk7IGZvbnQtZmFtaWx5OiBHZW9yZ2lhLCBUaW1lcywgXCdUaW1lcyBOZXcgUm9tYW5cJywgc2VyaWY7IGZvbnQtc3R5bGU6IGl0YWxpYztcIj7igKZGb3IgYXMgbG9uZyBhcyB0aGlzIHB1bHNhciBkYW5jZSBjb250aW51ZWQgdG8gcHVsc2F0ZSwgSSBoYWQgdG8gY2FyZWZ1bGx5IGV4YW1pbmUgdGhlIGNocm9ub2xvZ3kgb2YgZXZlbnRzIGluIHRoZSBzaGFwZSBvZiBhIGR5bmFtaWMgcm90YXRpb24gdG8gY29uY2x1ZGUgdGhvdXNhbmRzIG9mIG5ldyBjb25jZXB0cyBwcmVzZW50aW5nIG1hbnkgcHJvYmFiaWxpdGllcyBjYXBhYmxlIG9mIHBlbmV0cmF0aW5nIHRocm91Z2ggYWxsIGRpcmVjdGlvbnMuIFdoZW4gdGhpcyBkeW5hbWljIHJvdGF0aW9uIGNhbWUgdG8gYW4gZW5kLCBhIGJ1bmNoIG9mIGNvbm5lY3Rpb25zIHdvdWxkIGNyb3NzIGVhY2ggb3RoZXIgaW50byBrbm90cy4gRHVyaW5nIHRoaXMgdGFuZ2xlZCBmaWFzY28sIGFsbCBzb3J0cyBvZiBzZWVkcyBmb3JtaW5nIG5ldyB1bml0eSB3ZXJlIHBvc3NpYmxlLiBIb3JyaWJsZSBldmVudHMgd291bGQgZGlzYXBwZWFyIGZyb20gbWVtb3J5IGFuZCBoaXN0b3J5IHdvdWxkIG9ubHkgc3BlYWsgb2YgYW4gYW1hemluZyBjb250ZW1wb3JhcnkgYXJ0d29yay4gVGhpcyBldmFsdWF0aW9uIGlzIG15IHBlcnNvbmFsIG1ldGhvZCBpbiBmb3JtdWxhdGluZyBwcmVjaXNlIHByb2JsZW0gc29sdmluZy4gSSByZWxhdGVkIHRoaXMgbWV0aG9kIHRvIOKAmERldmlhc2nigJkgbW92ZW1lbnQgaW4gYSB3YXIgc3RyYXRlZ3nigJNhIG1pbmRzZXQgZGlzcGVyc2luZyBpbiBhbGwgZGlyZWN0aW9ucyB0byBnYWluIGEgbm9ibGUgdmlzaW9uLuKAnSDigJNFeGNlcnB0IGZyb20gU3VyYXQgTm8uIDEsIE1lbGlzc2EgU3VuamF5YS48L3NwYW4+PHNwYW4gc3R5bGU9XCJjb2xvcjogcmdiKDAsIDAsIDApOyBmb250LWZhbWlseTogR2VvcmdpYSwgVGltZXMsIFwnVGltZXMgTmV3IFJvbWFuXCcsIHNlcmlmOyBmb250LXN0eWxlOiBpdGFsaWM7XCI+PGJyPjwvc3Bhbj48L2Rpdj48ZGl2PjxzcGFuIHN0eWxlPVwiY29sb3I6IHJnYigwLCAwLCAwKTsgZm9udC1mYW1pbHk6IEdlb3JnaWEsIFRpbWVzLCBcJ1RpbWVzIE5ldyBSb21hblwnLCBzZXJpZjsgZm9udC1zdHlsZTogaXRhbGljO1wiPjxicj48L3NwYW4+PC9kaXY+PGRpdj48cCBzdHlsZT1cImJhY2tncm91bmQtY29sb3I6IHRyYW5zcGFyZW50OyBib3JkZXI6IDBweDsgbWFyZ2luLWJvdHRvbTogMjBweDsgcGFkZGluZzogMHB4OyB2ZXJ0aWNhbC1hbGlnbjogYmFzZWxpbmU7IGNvbG9yOiByZ2IoMCwgMCwgMCk7IGZvbnQtZmFtaWx5OiBHZW9yZ2lhLCBUaW1lcywgXCdUaW1lcyBOZXcgUm9tYW5cJywgc2VyaWY7IHRleHQtYWxpZ246IGNlbnRlcjtcIj48YiBzdHlsZT1cImJhY2tncm91bmQtY29sb3I6IHRyYW5zcGFyZW50OyBib3JkZXI6IDBweDsgbWFyZ2luOiAwcHg7IHBhZGRpbmc6IDBweDsgdmVydGljYWwtYWxpZ246IGJhc2VsaW5lOyBiYWNrZ3JvdW5kLXBvc2l0aW9uOiBpbml0aWFsIGluaXRpYWw7IGJhY2tncm91bmQtcmVwZWF0OiBpbml0aWFsIGluaXRpYWw7XCI+UHJpbnRzIEVkaXRpb246IERldmlhc2kgJmFtcDsgRnVnYTwvYj48YiBzdHlsZT1cImJhY2tncm91bmQtY29sb3I6IHRyYW5zcGFyZW50OyBib3JkZXI6IDBweDsgbWFyZ2luOiAwcHg7IHBhZGRpbmc6IDBweDsgdmVydGljYWwtYWxpZ246IGJhc2VsaW5lOyBiYWNrZ3JvdW5kLXBvc2l0aW9uOiBpbml0aWFsIGluaXRpYWw7IGJhY2tncm91bmQtcmVwZWF0OiBpbml0aWFsIGluaXRpYWw7XCI+PGJyPjwvYj53aWxsIGJlIHJlbGVhc2VkIHRoaXMgY29taW5nPGJyPldlZG5lc2RheSwgMjJ0aCBvZiBNYXJjaCAyMDE3PGJyPmF0IGFsbCBvZiBUdWxpc2FuIEpha2FydGEgQm91dGlxdWVzLDxicj5pbiBDb2xvbnkgS2VtYW5nLCBQbGF6YSBTZW5heWFuLDxicj5hbmQgRGFybWF3YW5nc2EgU3F1YXJlIFRoZSBDaXR5IFdhbGsuPC9wPjxwIHN0eWxlPVwiYmFja2dyb3VuZC1jb2xvcjogdHJhbnNwYXJlbnQ7IGJvcmRlcjogMHB4OyBtYXJnaW4tYm90dG9tOiAyMHB4OyBwYWRkaW5nOiAwcHg7IHZlcnRpY2FsLWFsaWduOiBiYXNlbGluZTsgY29sb3I6IHJnYigwLCAwLCAwKTsgZm9udC1mYW1pbHk6IEdlb3JnaWEsIFRpbWVzLCBcJ1RpbWVzIE5ldyBSb21hblwnLCBzZXJpZjsgdGV4dC1hbGlnbjogY2VudGVyO1wiPlBsZWFzZSBmaW5kIHRoZSBsaW5rIGJlbG93IGZvciBmdWxsIGNhdGFsb2d1ZTxicj48YSBocmVmPVwiaHR0cDovL3d3dy50dWxpc2FuLmNvbS9ibG9nL3dwLWNvbnRlbnQvdXBsb2Fkcy8yMDE3LzAzLzYuLVBFXzE2MjZfVFMxNjI3X1RQX0xSLnBkZlwiIHN0eWxlPVwiYm9yZGVyOiAwcHg7IG1hcmdpbjogMHB4OyBwYWRkaW5nOiAwcHg7IHZlcnRpY2FsLWFsaWduOiBiYXNlbGluZTsgY29sb3I6IHJnYigwLCAxMTQsIDE4OCk7XCI+VGhlIE5ldyBFYXN0IEluZGllczogTWFyY2ggUmVsZWFzZTwvYT48L3A+PHAgc3R5bGU9XCJiYWNrZ3JvdW5kLWNvbG9yOiB0cmFuc3BhcmVudDsgYm9yZGVyOiAwcHg7IG1hcmdpbi1ib3R0b206IDIwcHg7IHBhZGRpbmc6IDBweDsgdmVydGljYWwtYWxpZ246IGJhc2VsaW5lOyBjb2xvcjogcmdiKDAsIDAsIDApOyBmb250LWZhbWlseTogR2VvcmdpYSwgVGltZXMsIFwnVGltZXMgTmV3IFJvbWFuXCcsIHNlcmlmOyB0ZXh0LWFsaWduOiBjZW50ZXI7XCI+PGJyPjwvcD48cCBzdHlsZT1cImJhY2tncm91bmQtY29sb3I6IHRyYW5zcGFyZW50OyBib3JkZXI6IDBweDsgbWFyZ2luLWJvdHRvbTogMjBweDsgcGFkZGluZzogMHB4OyB2ZXJ0aWNhbC1hbGlnbjogYmFzZWxpbmU7IGNvbG9yOiByZ2IoMCwgMCwgMCk7IGZvbnQtZmFtaWx5OiBHZW9yZ2lhLCBUaW1lcywgXCdUaW1lcyBOZXcgUm9tYW5cJywgc2VyaWY7IHRleHQtYWxpZ246IGNlbnRlcjtcIj5XZSBvZmZlciBmcmVlIGRlbGl2ZXJ5IGZvciBvcmRlciBkZXN0aW5hdGlvbiB3aXRoaW4gSW5kb25lc2lhPGJyPkdpdmUgdXMgYSBjYWxsIGF0Ojxicj5QbGF6YSBTZW5heWFuICs2MiAoMjEpIDU3OTAtMDQxMjxicj5Db2xvbnkgS2VtYW5nJm5ic3A7KzYyICgyMSkgMjk1Mi05OTI3PGJyPkRhcm1hd2FuZ3NhIFNxdWFyZSBUaGUgQ2l0eSBXYWxrJm5ic3A7KzYyICgyMSkgNzI3OC0wMjM1PGJyPldBIE1lc3NlbmdlciBhdCZuYnNwOys2MiAoODE1KSAxMDUxIDc0MjQ8YnI+b3IgZW1haWwgdXMgYXQgc2hvcEB0dWxpc2FuLmNvbSBpZiB5b3UgbmVlZCBmdXJ0aGVyIGFzc2lzdGFuY2UuPGJyPjwvcD48cCBzdHlsZT1cImJhY2tncm91bmQtY29sb3I6IHRyYW5zcGFyZW50OyBib3JkZXI6IDBweDsgbWFyZ2luLWJvdHRvbTogMjBweDsgcGFkZGluZzogMHB4OyB2ZXJ0aWNhbC1hbGlnbjogYmFzZWxpbmU7IGNvbG9yOiByZ2IoMCwgMCwgMCk7IGZvbnQtZmFtaWx5OiBHZW9yZ2lhLCBUaW1lcywgXCdUaW1lcyBOZXcgUm9tYW5cJywgc2VyaWY7XCI+VHdpdHRlcjogQG15dHVsaXNhbjxicj5JbnN0YWdyYW06IEBteXR1bGlzYW48YnI+RmFjZWJvb2sgRmFuIFBhZ2U6IFR1bGlzYW48YnI+WW91dHViZSBDaGFubmVsOiBUdWxpc2FuIEpha2FydGE8L3A+PHAgc3R5bGU9XCJiYWNrZ3JvdW5kLWNvbG9yOiB0cmFuc3BhcmVudDsgYm9yZGVyOiAwcHg7IG1hcmdpbi1ib3R0b206IDIwcHg7IHBhZGRpbmc6IDBweDsgdmVydGljYWwtYWxpZ246IGJhc2VsaW5lOyBjb2xvcjogcmdiKDAsIDAsIDApOyBmb250LWZhbWlseTogR2VvcmdpYSwgVGltZXMsIFwnVGltZXMgTmV3IFJvbWFuXCcsIHNlcmlmO1wiPjxpIHN0eWxlPVwiYmFja2dyb3VuZC1jb2xvcjogdHJhbnNwYXJlbnQ7IGJvcmRlcjogMHB4OyBtYXJnaW46IDBweDsgcGFkZGluZzogMHB4OyB2ZXJ0aWNhbC1hbGlnbjogYmFzZWxpbmU7XCI+QXJ0d29yayBieSBNZWxpc3NhIFN1bmpheWE8L2k+PGkgc3R5bGU9XCJiYWNrZ3JvdW5kLWNvbG9yOiB0cmFuc3BhcmVudDsgYm9yZGVyOiAwcHg7IG1hcmdpbjogMHB4OyBwYWRkaW5nOiAwcHg7IHZlcnRpY2FsLWFsaWduOiBiYXNlbGluZTtcIj48YnI+PC9pPjxpIHN0eWxlPVwiYmFja2dyb3VuZC1jb2xvcjogdHJhbnNwYXJlbnQ7IGJvcmRlcjogMHB4OyBtYXJnaW46IDBweDsgcGFkZGluZzogMHB4OyB2ZXJ0aWNhbC1hbGlnbjogYmFzZWxpbmU7XCI+Q2hvcmVvZ3JhcGh5IGJ5IERhdml0IEZpdHJpazwvaT48L3A+PHAgc3R5bGU9XCJiYWNrZ3JvdW5kLWNvbG9yOiB0cmFuc3BhcmVudDsgYm9yZGVyOiAwcHg7IG1hcmdpbi1ib3R0b206IDBweDsgcGFkZGluZzogMHB4OyB2ZXJ0aWNhbC1hbGlnbjogYmFzZWxpbmU7IGNvbG9yOiByZ2IoMCwgMCwgMCk7IGZvbnQtZmFtaWx5OiBHZW9yZ2lhLCBUaW1lcywgXCdUaW1lcyBOZXcgUm9tYW5cJywgc2VyaWY7XCI+PGIgc3R5bGU9XCJiYWNrZ3JvdW5kLWNvbG9yOiB0cmFuc3BhcmVudDsgYm9yZGVyOiAwcHg7IG1hcmdpbjogMHB4OyBwYWRkaW5nOiAwcHg7IHZlcnRpY2FsLWFsaWduOiBiYXNlbGluZTsgYmFja2dyb3VuZC1wb3NpdGlvbjogaW5pdGlhbCBpbml0aWFsOyBiYWNrZ3JvdW5kLXJlcGVhdDogaW5pdGlhbCBpbml0aWFsO1wiPjxpIHN0eWxlPVwiYmFja2dyb3VuZC1jb2xvcjogdHJhbnNwYXJlbnQ7IGJvcmRlcjogMHB4OyBtYXJnaW46IDBweDsgcGFkZGluZzogMHB4OyB2ZXJ0aWNhbC1hbGlnbjogYmFzZWxpbmU7XCI+VHVsaXNhbiBDaHJvbmljbGVzIFRlYW08L2k+PC9iPjwvcD48L2Rpdj4=', 'Bima Chris', 'blogs_12(1).jpg,blogs_12(2).jpg,blogs_12(3).jpg', '', '', '2018-01-04 02:31:35', NULL, NULL),
(13, 'Jane is Coming to Town', '21 March 2017', '', 'PGRpdiBzdHlsZT1cInRleHQtYWxpZ246IGxlZnQ7XCI+PGIgc3R5bGU9XCJiYWNrZ3JvdW5kLWNvbG9yOiB0cmFuc3BhcmVudDsgYm9yZGVyOiAwcHg7IG1hcmdpbjogMHB4OyBwYWRkaW5nOiAwcHg7IHZlcnRpY2FsLWFsaWduOiBiYXNlbGluZTsgY29sb3I6IHJnYigwLCAwLCAwKTsgZm9udC1mYW1pbHk6IEdlb3JnaWEsIFRpbWVzLCBcJ1RpbWVzIE5ldyBSb21hblwnLCBzZXJpZjsgdGV4dC1hbGlnbjogY2VudGVyO1wiPk1TIHdpdGggTG92ZTogSmFuZSZuYnNwOzwvYj48L2Rpdj48c3BhbiBzdHlsZT1cImNvbG9yOiByZ2IoMCwgMCwgMCk7IGZvbnQtZmFtaWx5OiBHZW9yZ2lhLCBUaW1lcywgXCdUaW1lcyBOZXcgUm9tYW5cJywgc2VyaWY7IHRleHQtYWxpZ246IGNlbnRlcjtcIj48ZGl2IHN0eWxlPVwidGV4dC1hbGlnbjogbGVmdDtcIj53aWxsIGJlIHJlbGVhc2VkIHRoaXMgY29taW5nPC9kaXY+PC9zcGFuPjxzcGFuIHN0eWxlPVwiY29sb3I6IHJnYigwLCAwLCAwKTsgZm9udC1mYW1pbHk6IEdlb3JnaWEsIFRpbWVzLCBcJ1RpbWVzIE5ldyBSb21hblwnLCBzZXJpZjsgdGV4dC1hbGlnbjogY2VudGVyO1wiPjxkaXYgc3R5bGU9XCJ0ZXh0LWFsaWduOiBsZWZ0O1wiPldlZG5lc2RheSwgMjJ0aCBvZiBNYXJjaCAyMDE3PC9kaXY+PC9zcGFuPjxzcGFuIHN0eWxlPVwiY29sb3I6IHJnYigwLCAwLCAwKTsgZm9udC1mYW1pbHk6IEdlb3JnaWEsIFRpbWVzLCBcJ1RpbWVzIE5ldyBSb21hblwnLCBzZXJpZjsgdGV4dC1hbGlnbjogY2VudGVyO1wiPjxkaXYgc3R5bGU9XCJ0ZXh0LWFsaWduOiBsZWZ0O1wiPmF0IGFsbCBvZiBUdWxpc2FuIEpha2FydGEgQm91dGlxdWVzLDwvZGl2Pjwvc3Bhbj48c3BhbiBzdHlsZT1cImNvbG9yOiByZ2IoMCwgMCwgMCk7IGZvbnQtZmFtaWx5OiBHZW9yZ2lhLCBUaW1lcywgXCdUaW1lcyBOZXcgUm9tYW5cJywgc2VyaWY7IHRleHQtYWxpZ246IGNlbnRlcjtcIj48ZGl2IHN0eWxlPVwidGV4dC1hbGlnbjogbGVmdDtcIj5pbiBDb2xvbnkgS2VtYW5nLCBQbGF6YSBTZW5heWFuLDwvZGl2Pjwvc3Bhbj48c3BhbiBzdHlsZT1cImNvbG9yOiByZ2IoMCwgMCwgMCk7IGZvbnQtZmFtaWx5OiBHZW9yZ2lhLCBUaW1lcywgXCdUaW1lcyBOZXcgUm9tYW5cJywgc2VyaWY7IHRleHQtYWxpZ246IGNlbnRlcjtcIj48ZGl2IHN0eWxlPVwidGV4dC1hbGlnbjogbGVmdDtcIj5hbmQgRGFybWF3YW5nc2EgU3F1YXJlIFRoZSBDaXR5IFdhbGsuPC9kaXY+PC9zcGFuPjxkaXY+PHNwYW4gc3R5bGU9XCJjb2xvcjogcmdiKDAsIDAsIDApOyBmb250LWZhbWlseTogR2VvcmdpYSwgVGltZXMsIFwnVGltZXMgTmV3IFJvbWFuXCcsIHNlcmlmOyB0ZXh0LWFsaWduOiBjZW50ZXI7XCI+PGJyPjwvc3Bhbj48L2Rpdj48ZGl2PjxwIHN0eWxlPVwiYmFja2dyb3VuZC1jb2xvcjogdHJhbnNwYXJlbnQ7IGJvcmRlcjogMHB4OyBtYXJnaW4tYm90dG9tOiAyMHB4OyBwYWRkaW5nOiAwcHg7IHZlcnRpY2FsLWFsaWduOiBiYXNlbGluZTsgY29sb3I6IHJnYigwLCAwLCAwKTsgZm9udC1mYW1pbHk6IEdlb3JnaWEsIFRpbWVzLCBcJ1RpbWVzIE5ldyBSb21hblwnLCBzZXJpZjsgdGV4dC1hbGlnbjogY2VudGVyO1wiPlBsZWFzZSBmaW5kIHRoZSBsaW5rIGJlbG93IGZvciBmdWxsJm5ic3A7Y2F0YWxvZ3VlPGJyPjxhIGhyZWY9XCJodHRwOi8vd3d3LnR1bGlzYW4uY29tL2Jsb2cvd3AtY29udGVudC91cGxvYWRzLzIwMTcvMDMvUEJPMTcwMTNfQ0FUX0VZRV9GTkwucGRmXCIgc3R5bGU9XCJib3JkZXI6IDBweDsgbWFyZ2luOiAwcHg7IHBhZGRpbmc6IDBweDsgdmVydGljYWwtYWxpZ246IGJhc2VsaW5lOyBjb2xvcjogcmdiKDAsIDExNCwgMTg4KTtcIj5JdOKAmXMgSmFuZTwvYT48L3A+PHAgc3R5bGU9XCJiYWNrZ3JvdW5kLWNvbG9yOiB0cmFuc3BhcmVudDsgYm9yZGVyOiAwcHg7IG1hcmdpbi1ib3R0b206IDIwcHg7IHBhZGRpbmc6IDBweDsgdmVydGljYWwtYWxpZ246IGJhc2VsaW5lOyBjb2xvcjogcmdiKDAsIDAsIDApOyBmb250LWZhbWlseTogR2VvcmdpYSwgVGltZXMsIFwnVGltZXMgTmV3IFJvbWFuXCcsIHNlcmlmOyB0ZXh0LWFsaWduOiBjZW50ZXI7XCI+V2Ugb2ZmZXIgZnJlZSBkZWxpdmVyeSBmb3Igb3JkZXIgZGVzdGluYXRpb24gd2l0aGluIEluZG9uZXNpYTxicj5HaXZlIHVzIGEgY2FsbCBhdDo8YnI+UGxhemEgU2VuYXlhbiArNjIgKDIxKSA1NzkwLTA0MTI8YnI+Q29sb255IEtlbWFuZyZuYnNwOys2MiAoMjEpIDI5NTItOTkyNzxicj5EYXJtYXdhbmdzYSBTcXVhcmUgVGhlIENpdHkgV2FsayZuYnNwOys2MiAoMjEpIDcyNzgtMDIzNTxicj5XQSBNZXNzZW5nZXIgYXQmbmJzcDsrNjIgKDgxNSkgMTA1MSA3NDI0PGJyPm9yIGVtYWlsIHVzIGF0IHNob3BAdHVsaXNhbi5jb20gaWYgeW91IG5lZWQgZnVydGhlciBhc3Npc3RhbmNlLjwvcD48cCBzdHlsZT1cImJhY2tncm91bmQtY29sb3I6IHRyYW5zcGFyZW50OyBib3JkZXI6IDBweDsgbWFyZ2luLWJvdHRvbTogMjBweDsgcGFkZGluZzogMHB4OyB2ZXJ0aWNhbC1hbGlnbjogYmFzZWxpbmU7IGNvbG9yOiByZ2IoMCwgMCwgMCk7IGZvbnQtZmFtaWx5OiBHZW9yZ2lhLCBUaW1lcywgXCdUaW1lcyBOZXcgUm9tYW5cJywgc2VyaWY7XCI+VHdpdHRlcjogQG15dHVsaXNhbjxicj5JbnN0YWdyYW06IEBteXR1bGlzYW48YnI+RmFjZWJvb2sgRmFuIFBhZ2U6IFR1bGlzYW48YnI+WW91dHViZSBDaGFubmVsOiBUdWxpc2FuIEpha2FydGE8L3A+PHAgc3R5bGU9XCJiYWNrZ3JvdW5kLWNvbG9yOiB0cmFuc3BhcmVudDsgYm9yZGVyOiAwcHg7IG1hcmdpbi1ib3R0b206IDIwcHg7IHBhZGRpbmc6IDBweDsgdmVydGljYWwtYWxpZ246IGJhc2VsaW5lOyBjb2xvcjogcmdiKDAsIDAsIDApOyBmb250LWZhbWlseTogR2VvcmdpYSwgVGltZXMsIFwnVGltZXMgTmV3IFJvbWFuXCcsIHNlcmlmO1wiPjxpIHN0eWxlPVwiYmFja2dyb3VuZC1jb2xvcjogdHJhbnNwYXJlbnQ7IGJvcmRlcjogMHB4OyBtYXJnaW46IDBweDsgcGFkZGluZzogMHB4OyB2ZXJ0aWNhbC1hbGlnbjogYmFzZWxpbmU7XCI+QXJ0d29yayBieSBNZWxpc3NhIFN1bmpheWE8YnI+PC9pPjxpIHN0eWxlPVwiYmFja2dyb3VuZC1jb2xvcjogdHJhbnNwYXJlbnQ7IGJvcmRlcjogMHB4OyBtYXJnaW46IDBweDsgcGFkZGluZzogMHB4OyB2ZXJ0aWNhbC1hbGlnbjogYmFzZWxpbmU7XCI+UGhvdG9ncmFwaHkgYnkgQmltYSBDaHJpcyAmYW1wOyBLcmlzaG5pJm5ic3A7U3dhbmRheWFuaTwvaT48L3A+PHAgc3R5bGU9XCJiYWNrZ3JvdW5kLWNvbG9yOiB0cmFuc3BhcmVudDsgYm9yZGVyOiAwcHg7IG1hcmdpbi1ib3R0b206IDBweDsgcGFkZGluZzogMHB4OyB2ZXJ0aWNhbC1hbGlnbjogYmFzZWxpbmU7IGNvbG9yOiByZ2IoMCwgMCwgMCk7IGZvbnQtZmFtaWx5OiBHZW9yZ2lhLCBUaW1lcywgXCdUaW1lcyBOZXcgUm9tYW5cJywgc2VyaWY7XCI+PGIgc3R5bGU9XCJiYWNrZ3JvdW5kLWNvbG9yOiB0cmFuc3BhcmVudDsgYm9yZGVyOiAwcHg7IG1hcmdpbjogMHB4OyBwYWRkaW5nOiAwcHg7IHZlcnRpY2FsLWFsaWduOiBiYXNlbGluZTsgYmFja2dyb3VuZC1wb3NpdGlvbjogaW5pdGlhbCBpbml0aWFsOyBiYWNrZ3JvdW5kLXJlcGVhdDogaW5pdGlhbCBpbml0aWFsO1wiPjxpIHN0eWxlPVwiYmFja2dyb3VuZC1jb2xvcjogdHJhbnNwYXJlbnQ7IGJvcmRlcjogMHB4OyBtYXJnaW46IDBweDsgcGFkZGluZzogMHB4OyB2ZXJ0aWNhbC1hbGlnbjogYmFzZWxpbmU7XCI+VHVsaXNhbiBDaHJvbmljbGVzIFRlYW08L2k+PC9iPjwvcD48cCBzdHlsZT1cImJhY2tncm91bmQtY29sb3I6IHRyYW5zcGFyZW50OyBib3JkZXI6IDBweDsgbWFyZ2luLWJvdHRvbTogMjBweDsgcGFkZGluZzogMHB4OyB2ZXJ0aWNhbC1hbGlnbjogYmFzZWxpbmU7IGNvbG9yOiByZ2IoMCwgMCwgMCk7IGZvbnQtZmFtaWx5OiBHZW9yZ2lhLCBUaW1lcywgXCdUaW1lcyBOZXcgUm9tYW5cJywgc2VyaWY7IHRleHQtYWxpZ246IGNlbnRlcjtcIj48YnI+PC9wPjwvZGl2Pg==', 'Bima Chris & Krishni Swandayani', 'blogs_13(1).jpg,blogs_13(2).jpg,blogs_13(3).jpg', '', '', '2018-01-04 02:36:02', NULL, NULL),
(14, 'test blog 8 image', '2017 - OCT', 'test__', 'dGVzdCBhamE=', 'megan', 'blogs_14(1).jpg,blogs_14(2).jpg,blogs_14(3).jpg,blogs_14(4).jpg,blogs_14(5).jpg,blogs_14(6).png,blogs_14(7).jpg,blogs_14(8).jpg', 'http://tulisan.local/page/videoDetail.html?q=6', 'admin@tulisan.com', '2018-01-07 15:40:16', 'admin@tulisan.com', '2018-01-07 20:52:29');

-- --------------------------------------------------------

--
-- Struktur dari tabel `cms_chatter`
--

CREATE TABLE `cms_chatter` (
  `idData` int(11) NOT NULL,
  `title` varchar(100) NOT NULL,
  `description` text NOT NULL,
  `date` varchar(100) NOT NULL,
  `type` varchar(100) NOT NULL,
  `picture` varchar(100) NOT NULL,
  `createdBy` varchar(100) NOT NULL,
  `createdDate` datetime NOT NULL,
  `changedBy` varchar(100) DEFAULT NULL,
  `changedDate` datetime DEFAULT NULL
) ENGINE=InnoDB DEFAULT CHARSET=latin1;

--
-- Dumping data untuk tabel `cms_chatter`
--

INSERT INTO `cms_chatter` (`idData`, `title`, `description`, `date`, `type`, `picture`, `createdBy`, `createdDate`, `changedBy`, `changedDate`) VALUES
(1, 'In Style', '', 'December 2011', '', 'chatters_1_20171203064916pm.jpg', 'megan@syncard.com', '2017-12-04 00:49:16', NULL, NULL),
(2, 'Nylon', '', 'Februery 2012', '', 'chatters_2_20171203065009pm.jpg', 'megan@syncard.com', '2017-12-04 00:50:09', NULL, NULL);

-- --------------------------------------------------------

--
-- Struktur dari tabel `cms_home`
--

CREATE TABLE `cms_home` (
  `idData` int(11) NOT NULL,
  `title` varchar(100) NOT NULL,
  `description` varchar(255) NOT NULL,
  `picture` varchar(100) NOT NULL,
  `createdBy` varchar(100) NOT NULL,
  `createdDate` datetime NOT NULL,
  `changedBy` varchar(100) DEFAULT NULL,
  `changedDate` datetime DEFAULT NULL
) ENGINE=InnoDB DEFAULT CHARSET=latin1;

--
-- Dumping data untuk tabel `cms_home`
--

INSERT INTO `cms_home` (`idData`, `title`, `description`, `picture`, `createdBy`, `createdDate`, `changedBy`, `changedDate`) VALUES
(4, 'Happy holiday and a whimsical New Year!', 'Dear Beloved Friends\r\nHappy holiday and a whimsical New Year!\r\nTulisan Team', 'home_4_20171227103050pm.jpg', 'SESSION_TEST', '2017-10-23 15:17:10', '', '2017-12-27 22:35:22'),
(5, 'Find the perfect gift for your special ones on your list', 'Add a splash of style and personality with inspired home gifts from Tulisan. Our gifting experts have put together a great lineup of holiday hampers.', 'home_5_20171227103254pm.jpg', 'SESSION_TEST', '2017-10-23 15:17:58', '', '2017-12-27 22:36:11'),
(6, 'Persinggungan: Relasi', 'Cartesian product of 2 sets or more: A process of finding the balancing locus within ourselves and the human connections. With this balance everyone will earn self-independence and foster a better connection with others.', 'home_6_20171227103803pm.jpg', 'SESSION_TEST', '2017-10-23 15:18:36', '', '2017-12-27 22:38:03');

-- --------------------------------------------------------

--
-- Struktur dari tabel `cms_home_gallery`
--

CREATE TABLE `cms_home_gallery` (
  `idData` int(11) NOT NULL,
  `description` varchar(100) NOT NULL,
  `thumbnail` varchar(100) NOT NULL,
  `link` text NOT NULL,
  `createdBy` varchar(100) NOT NULL,
  `createdDate` datetime NOT NULL,
  `changedBy` varchar(100) DEFAULT NULL,
  `changedDate` datetime DEFAULT NULL
) ENGINE=InnoDB DEFAULT CHARSET=latin1;

--
-- Dumping data untuk tabel `cms_home_gallery`
--

INSERT INTO `cms_home_gallery` (`idData`, `description`, `thumbnail`, `link`, `createdBy`, `createdDate`, `changedBy`, `changedDate`) VALUES
(14, 'The making of Surat No. 2: Persinggungan of Stage Designer', 'homeGallery_14_20171229042431am.jpg', 'http://new.tulisan.com/page/videoDetail.html?q=13', 'admin@tulisan.com', '2017-12-29 04:24:31', 'admin@tulisan.com', '2018-01-01 22:08:43'),
(15, 'Surat No. 02: Persinggungan (Musim Kemarau 2017)\r\n\"Tidak harus bersembunyi\r\nMasa depanku juga menjad', 'homeGallery_15_20171229042926am.jpg', 'http://new.tulisan.com/page/videoDetail.html?q=12', 'admin@tulisan.com', '2017-12-29 04:29:26', NULL, NULL),
(16, 'Tulisan in Bali\r\nBeachwalk Shopping Center, Level 2 No. A17\r\nJalan Pantai Kuta, Bali 80361, Indonesi', 'homeGallery_16_20180101100427pm.jpg', 'https://www.instagram.com/p/BcuK3WlHfGB/?taken-by=mytulisan', 'admin@tulisan.com', '2018-01-01 22:04:27', NULL, NULL),
(17, 'Happy New Year 2018!\r\n\r\nDuring the year 2017 we have been hearing feedback from our Tulisan friends ', 'homeGallery_17_20180101100532pm.jpg', 'http://www.tulisan.com/blog/2018/01/tulisan-loyalty-program/', 'admin@tulisan.com', '2018-01-01 22:05:32', 'admin@tulisan.com', '2018-01-01 22:07:33');

-- --------------------------------------------------------

--
-- Struktur dari tabel `cms_story`
--

CREATE TABLE `cms_story` (
  `idData` int(11) NOT NULL,
  `title` varchar(100) NOT NULL,
  `subtitle` varchar(255) NOT NULL,
  `description` text NOT NULL,
  `author` varchar(100) NOT NULL,
  `picture` varchar(100) NOT NULL,
  `createdBy` varchar(100) NOT NULL,
  `createdDate` datetime NOT NULL,
  `changedBy` varchar(100) DEFAULT NULL,
  `changedDate` datetime DEFAULT NULL
) ENGINE=InnoDB DEFAULT CHARSET=latin1;

--
-- Dumping data untuk tabel `cms_story`
--

INSERT INTO `cms_story` (`idData`, `title`, `subtitle`, `description`, `author`, `picture`, `createdBy`, `createdDate`, `changedBy`, `changedDate`) VALUES
(3, 'PEPE AND THE FLYING BALLOON', 'The little girl gave Pepe a big hug and said \"I have been endlessly chasing the horizon running away from monsters that keep haunting me \"', 'DQoNCg0KDQoNCjxzdHlsZSB0eXBlPSJ0ZXh0L2NzcyI+DQpwLnAxIHttYXJnaW46IDAuMHB4IDAuMHB4IDAuMHB4IDAuMHB4OyBmb250OiAxNC4wcHggJ0hlbHZldGljYSBOZXVlJzsgY29sb3I6ICM0NTQ1NDV9DQpwLnAyIHttYXJnaW46IDAuMHB4IDAuMHB4IDAuMHB4IDAuMHB4OyBmb250OiAxNC4wcHggJ0hlbHZldGljYSBOZXVlJzsgY29sb3I6ICM0NTQ1NDU7IG1pbi1oZWlnaHQ6IDE2LjBweH0NCjwvc3R5bGU+DQoNCg0KPHAgY2xhc3M9InAxIj5PbmNlIHVwb24gYSB0aW1lLCB0aGVyZSB3ZXJlIHR3byBtaWNlIHRoYXQgbGl2ZWQgYW4gYWR2ZW50dXJvdXMgbGlmZSBpbiB0aGUgaGVhcnQgb2YgSmFrYXJ0YS4gSGlybyBhbmQgaGlzIHdpZmUsIFN1ciwgd2VyZSBhIGhhcmQtd29ya2luZyBhbmQgY291cmFnZW91cyBkdW8uIEV2ZW4gdGhvdWdoIHRoZXkgd2VyZSB0aW55IGNyZWF0dXJlcywgdGhlaXIgaGVhcnRzIHdlcmUgc2V0IG9uIHJlc2N1aW5nIGFiYW5kb25lZCBjaGlsZHJlbiB3aG8gbGl2ZWQgb24gdGhlIHN0cmVldHMuIFNvbWV0aW1lcyB0aGV5IHNsZXB0IHVuZGVyIHRoZSByb29mdG9wcyBvZiBiaWcgaG91c2VzLCB3aGVyZSB0aGV5IGNvdWxkIHN0ZWFsIHNvbWUgZm9vZCBmb3IgdGhlc2UgY2hpbGRyZW4uIE90aGVyIHRpbWVzIHRoZXkgc3BlbnQgdGhlIG5pZ2h0IGluIGEgY2xvdGhpbmcgZmFjdG9yeSwgd2hlcmUgU3VyIHdvdWxkIHNldyBsaXR0bGUgc2NhcnZlcyBmcm9tIGxlZnRvdmVyIG1hdGVyaWFscy4gQnV0IHRoZXkgc3BlbnQgbW9zdCBvZiB0aGVpciB0aW1lIHVuZGVyIGEgYnJpZGdlIGF0IHRoZSB2aW50YWdlIHRyYWluIHN0YXRpb24gaW4gS290YSAtIHRoZSBvbGQgdG93biAtIHdoZXJlIGFib3V0IHR3ZW50eSB0byB0aGlydHkgbmVnbGVjdGVkIGtpZHMgc291Z2h0IHNoZWx0ZXIgZWFjaCBuaWdodC4gVGhlIG9sZCBicmlkZ2UgaGFkIGEgbmFzdHkgYW5kIGRhbXAgYXRtb3NwaGVyZSwgYnV0IGl0IHdhcyBoZXJlIHRoYXQgSGlybyBhbmQgU3VyIGZlbHQgdGhleSB3ZXJlIG5lZWRlZCBtb3N0LiBBcyB0aGUgY2hpbGRyZW4gc2xlcHQsIEhpcm8gd291bGQgY2FyZWZ1bGx5IHdyYXAgdGhlaXIgbmVja3Mgd2l0aCB0aGUgc2NhcnZlcyB0aGF0IFN1ciBtYWRlIGFuZCBnZW50bHkgcGxhY2UgZm9vZCBuZXh0IHRvIHRoZW0uIE5vbmUgb2YgdGhlIGtpZHMgZXZlciBmb3VuZCBvdXQgd2hvIHRoZWlyIHNlY3JldCBndWFyZGlhbnMgdHJ1bHkgd2VyZS48c3BhbiBjbGFzcz0iQXBwbGUtY29udmVydGVkLXNwYWNlIj4mbmJzcDs8L3NwYW4+PC9wPjxwIGNsYXNzPSJwMiI+PHNwYW4gY2xhc3M9IkFwcGxlLWNvbnZlcnRlZC1zcGFjZSI+Jm5ic3A7PC9zcGFuPjwvcD48cCBjbGFzcz0icDEiPk1hbnkgbmFtZWxlc3MgY2hpbGRyZW4gd2l0aCBteXN0ZXJpb3VzIHN0b3JpZXMgY2FtZSB0byB0aGlzIGRhcmsgY29ybmVyLiBBZnRlciBhIHdoaWxlLCBzb21lIHdvdWxkIGxlYXZlIHRvIHNlZWsgc2hlbHRlciBlbHNld2hlcmUsIHdoaWxlIG90aGVycyBzdWZmZXJlZCB0cmFnaWMgZW5kcy4gT25lIGRheSwgYSBjaGlsZCB3aXRoIGEgc2hhdmVkIGhlYWQgbGltcGVkIGludG8gdGhpcyBwbGFjZS4gVGhlIGNoaWxk4oCZcyBkYXJrLCB0aGluLCBhbmQgZmxhdCBjaGVzdCBzdWdnZXN0ZWQgdGhhdCBpdCB3YXMgYSBib3kuIFlldCwgc3RhcnJpbmcgZGVlcGx5IGludG8gdGhlIHlvdW5nIHZpc2l0b3LigJlzIGxhcmdlIGFsbW9uZCBleWVzLCBTdXIga25ldyB0aGlzIHBvb3Igc291bCB3YXMgYSBsaXR0bGUgZ2lybC4gSGVyIGV4cHJlc3Npb24gY29udmV5ZWQgYSBtaXggb2YgcmFnZSwgZmVhciwgbG9uZ2luZywgYW5kIHNvcnJvdzsgYnV0IGhlciBleWVzIGhlbGQgdGhlIGJ1cm5pbmcgZmxhbWUgb2YgU3Jpa2FuZGkncyAodGhlIGFuY2llbnQgSmF2YW5lc2Ugd2FycmlvciBnb2RkZXNzKSBzcGlyaXQuIEFjdGluZyBsaWtlIGFuIGFuZ3J5IGJveSB3YXMgaGVyIG1lYW5zIG9mIHN1cnZpdmluZyB0aGUgYWJ1c2UgYW5kIHZpb2xlbmNlIG9mIHRoZSBzdHJlZXRzLiBOb3cgaXQgc2VlbWVkIGFzIGlmIHNoZSBoYWQgYmVlbiBydW5uaW5nIGZvciBob3VycyBmcm9tIHNvbWV0aGluZy4gSGVyIGxpcHMgd2VyZSBwYWxlIGFuZCBjb2xkLiBIZXIgYm9keSB3YXMgc2hha2luZyBmcm9tIGV4aGF1c3Rpb24uIFNoZSBrbmVsdCB0byB0aGUgZ3JvdW5kIGFuZCBmZWxsIGludG8gYSBkZWVwIHNsZWVwIGluc2lkZSBhIHRvcm4gcGFja2luZyBib3ggdGhhdCBIaXJvIGhhZCBwcm9jdXJlZCBmcm9tIHRoZSBmYWN0b3J5LiBFdmVuIGFzIHRoZSBsaXR0bGUgZ2lybCBzbGVwdCwgdGhlcmUgd2FzIGludGVuc2l0eSBvbiBoZXIgZmFjZSwgYW5kIFN1ciBmZWxsIGluIGxvdmUgd2l0aCB0aGUgZ2lybCdzIGZpZ2h0aW5nIHNwaXJpdC48c3BhbiBjbGFzcz0iQXBwbGUtY29udmVydGVkLXNwYWNlIj4mbmJzcDs8L3NwYW4+PC9wPjxwIGNsYXNzPSJwMiI+PHNwYW4gY2xhc3M9IkFwcGxlLWNvbnZlcnRlZC1zcGFjZSI+Jm5ic3A7PC9zcGFuPjwvcD48cCBjbGFzcz0icDEiPlN1ciBzYXQgZG93biBuZXh0IHRvIGhlciBhbmQgc3RhcnRlZCB0byBzZXcgYSB0aW55IGRvbGwgd2hpbGUgaHVtbWluZyBhbiBlbmNoYW50aW5nIGx1bGxhYnkuIFRoaXMgbG92aW5nIG1vdXNlIGhhZCBhIG1pcmFjdWxvdXMgcG93ZXIgd2hlbiBzaGUgc2V3ZWQuIEV2ZXJ5IHN0aXRjaCBzaGUgbWFkZSB3YXMgcGVyZm9ybWVkIHdpdGggYSBzb2xlbW4gd2lzaCBmb3IgdGhlIGNoaWxkLiBBcyBzaGUgY29tcGxldGVkIHRoZSBkb2xsLCBhIHN0YXIgc2hvdCBhY3Jvc3MgdGhlIGRlZXAgYmx1ZSBza3kgYWJvdmUgdGhlbS4gSXQgYnJva2UgaW50byB0aW55IGZpcmVmbGllcyB3aGljaCBlbnZlbG9wZWQgdGhlIHdpc2hmdWwgZG9sbCBpbiBhIHdhcm0gZ2xvdyBhbmQgYmxlc3NlZCBpdCB3aXRoIGEgc21pbGUuIFN1ciBuYW1lZCB0aGlzIGRvbGwg4oCcUGVwZeKAnSBhZnRlciB0aGUgbGFiZWwgcHJpbnRlZCBvbiB0aGUgYm94IHdoZXJlIHRoZSBsaXR0bGUgZ2lybCBzbGVwdC4gV2hlbiBzaGUgZ2luZ2VybHkgcGxhY2VkIHRoZSBkb2xsIGluIHRoZSBjaGlsZCdzIGVtYnJhY2UsIGFuIGFpciBvZiBqb3kgZmlsbGVkIHRoZSBnaXJsJ3MgZmFjZSwgYXMgaWYgc2hlIGhhZCBqdXN0IGVudGVyZWQgYSBtYWduaWZpY2VudCBkcmVhbS4gVGhlIGNsdXN0ZXIgb2YgZmlyZWZsaWVzIHR3aW5rbGVkIGFib3ZlIHRoaXMgZ2lybCBhbmQgbGl0IGFuIGltYWdlIG9mIHdoYXQgc2VlbWVkIHRvIGJlIGhlciBkcmVhbS48c3BhbiBjbGFzcz0iQXBwbGUtY29udmVydGVkLXNwYWNlIj4mbmJzcDs8L3NwYW4+PC9wPjxwIGNsYXNzPSJwMSI+SW4gaGVyIGRyZWFtLCB0aGlzIGxpdHRsZSBnaXJsIGZvdW5kIGhlcnNlbGYgcnVubmluZyB0aHJvdWdoIGEgbXlzdGljYWwgZm9yZXN0LiBTaGUgd2FzIHdlYXJpbmcgYSBsb25nIGNvdHRvbiBkcmVzcyB3aXRoIGh1Z2UgQm91Z2FpbnZpbGxlYSBmbG93ZXJzIHBhaW50ZWQgb24gaXQuIFRoZXJlLCBzaGUgbWV0IFBlcGUgLSBhIHNwYXJrbGluZyBhbmQgd2l0dHkgZG9sbCB3aXRoIGEgd2FybSBodW1hbiBoZWFydC4gUGVwZSBsb3ZlZCBqYXp6IGFuZCBwbGF5ZWQgaGlzIHRydW1wZXQgbGlrZSBhbnkgb3RoZXIgY3JhenkgbXVzaWNpYW4uIFRoZSBtdXNpYyBoZSBwbGF5ZWQgY2FzdCBhIHNwZWxsIHRoYXQgY291bGQgdHVybiBzb21lIGRyZWFtcyBpbnRvIHJlYWxpdHkuIEhlIGxpc3RlbmVkIHRvIGhlciBzdG9yaWVzIGFuZCBtYWRlIGhlciBsYXVnaDsgc29tZXRoaW5nIHRoYXQgc2hlIGhhZCBub3QgZG9uZSBmb3IgYSBsb25nIHRpbWUuPHNwYW4gY2xhc3M9IkFwcGxlLWNvbnZlcnRlZC1zcGFjZSI+Jm5ic3A7PC9zcGFuPjwvcD48cCBjbGFzcz0icDIiPjxzcGFuIGNsYXNzPSJBcHBsZS1jb252ZXJ0ZWQtc3BhY2UiPiZuYnNwOzwvc3Bhbj48L3A+PHAgY2xhc3M9InAxIj5UaGUgbGl0dGxlIGdpcmwgZ2F2ZSBQZXBlIGEgYmlnIGh1ZyBhbmQgc2FpZCwg4oCcSSBoYXZlIGJlZW4gZW5kbGVzc2x5IGNoYXNpbmcgdGhlIGhvcml6b24sIHJ1bm5pbmcgYXdheSBmcm9tIG1vbnN0ZXJzIHRoYXQga2VlcCBoYXVudGluZyBtZS4gRGVzdGlueSBoYXMgYnJvdWdodCBtZSB0byB5b3UsIHNvIHRoYXQgZm9yIGEgZmV3IG1pbnV0ZXMgb2YgbXkgbGlmZSBJIGNvdWxkIGV4cGVyaWVuY2Ugd2FybXRoIGFuZCB0ZW5kZXJuZXNzLiBQbGVhc2UgdGFrZSBtZSBhd2F5IGZyb20gdGhpcyBkYXJrIHBsYWNlIHNvIEkgY2FuIHN0b3AgcnVubmluZy4gSSB3aXNoIHRvIGZseSBhbmQgYmUgaW4gYSB3b3JsZCB3aGVyZSBJIGNhbiBzdG9wIHByZXRlbmRpbmcgdG8gYmUgc29tZXRoaW5nIEnigJltIG5vdCBhbmQgY2FuIGJlIG15IHRydWUgc2VsZi48c3BhbiBjbGFzcz0iQXBwbGUtY29udmVydGVkLXNwYWNlIj4mbmJzcDs8L3NwYW4+PC9wPjxwIGNsYXNzPSJwMiI+PHNwYW4gY2xhc3M9IkFwcGxlLWNvbnZlcnRlZC1zcGFjZSI+Jm5ic3A7PC9zcGFuPjwvcD48cCBjbGFzcz0icDEiPlBlcGUgaGVsZCBoZXIgaGFuZCBhbmQgbG9va2VkIGludG8gaGVyIHRlYXJ5IGV5ZXMuIEFzIGhlIHdoaXN0bGVkIGEgbWVsYW5jaG9saWMgbWVsb2R5LCBhIHN0cmlwZWQgYmFsbG9vbiBtYWdpY2FsbHkgYXBwZWFyZWQuIFNoZSBjbGltYmVkIHVwIGFuZCBzYXQgb24gdG9wIG9mIGl0IGFzIGl0IHNsb3dseSByb3NlIHRvIHRoZSBza3kuIFdpdGggYSBzbWFsbCBraXRlIHRvIG5hdmlnYXRlIHRoZSBiYWxsb29uLCB0aGV5IGZvbGxvd2VkIHRoZSB3aW5kIHdoaWNoIGNhcnJpZWQgdGhlbSBmcm9tIHRoZSBkYXJrIGZvcmVzdCwgb3ZlciB0aGUgbW91bnRhaW5zLCBhYm92ZSB0aGUgY2l0aWVz4oCZIHNreXNjcmFwZXJzLCBhbmQgdGhyb3VnaCB0aGUgY2xvdWRzLiBGcm9tIHVwIGFib3ZlLCBzaGUgc2F3IHBlb3BsZSBsaXZpbmcgZGlmZmVyZW50IGxpdmVzLiBTb21lIGVuam95ZWQgbW9yZSBmb3J0dW5hdGUgbW9tZW50cywgd2hpbGUgb3RoZXJzIGhhZCB0byBmYWNlIGEgbW9yZSBjaGFsbGVuZ2luZyBmYXRlIHRoYW4gaGVycy4gU2hlIGZvdW5kIHRoYXQgc2hlIGNvdWxkIHBhaW50IGhlciBsaWZlIHdpdGggYW55IGNvbG9ycyBzaGUgd2lzaGVkIGFuZCBkcmF3IGhlciBvd24gaG9yaXpvbnMgd2l0aG91dCBoYXZpbmcgdG8gcmVhY2ggb3V0IGZvciB0aGVtLiBTb3Jyb3cgYW5kIG1vbnN0ZXJzIGV4aXN0ZWQgb25seSBpbiBoZXIgbWluZCwgbm90IGluIGhlciByZWFsaXR5LiBJdCBhbGwgZGVwZW5kZWQgb24gaG93IHNoZSBsb29rZWQgYXQgdGhlbS4gQW5kIG5vdyB3aXRoIHRoaXMgbmV3IHBlcnNwZWN0aXZlLCBzaGUgZmVsdCBiZXR0ZXIuPHNwYW4gY2xhc3M9IkFwcGxlLWNvbnZlcnRlZC1zcGFjZSI+Jm5ic3A7PC9zcGFuPjwvcD48cCBjbGFzcz0icDIiPjxzcGFuIGNsYXNzPSJBcHBsZS1jb252ZXJ0ZWQtc3BhY2UiPiZuYnNwOzwvc3Bhbj48L3A+PHAgY2xhc3M9InAxIj4NCg0KDQoNCg0KPHN0eWxlIHR5cGU9InRleHQvY3NzIj4NCnAucDEge21hcmdpbjogMC4wcHggMC4wcHggMC4wcHggMC4wcHg7IGZvbnQ6IDE0LjBweCAnSGVsdmV0aWNhIE5ldWUnOyBjb2xvcjogIzQ1NDU0NX0NCnAucDIge21hcmdpbjogMC4wcHggMC4wcHggMC4wcHggMC4wcHg7IGZvbnQ6IDE0LjBweCAnSGVsdmV0aWNhIE5ldWUnOyBjb2xvcjogIzQ1NDU0NTsgbWluLWhlaWdodDogMTYuMHB4fQ0KPC9zdHlsZT4NCg0KDQoNCg0KDQoNCg0KDQoNCg0KDQoNCg0KPC9wPjxwIGNsYXNzPSJwMSI+U2hlIHdhcyBvbiB0aGUgdG9wIG9mIGhlciB1bml2ZXJzZSB3aGVuIFBlcGUgZ2F2ZSBoZXIgYSBzdWRkZW4ga2lzcyBvbiB0aGUgY2hlZWssIGZsZXcgYXdheSwgYW5kIGRpc2FwcGVhcmVkIGJlaGluZCB0aGUgbW9vbi4gSGVyIGZ1bm55IHZhbGVudGluZSB3YXMgbm93aGVyZSB0byBiZSBzZWVuLiBUaGUgYmFsbG9vbiBkcmlmdGVkIGRvd24gYXQgYSBzcGVlZCBzaGUgY291bGQgbm90IGNvbnRyb2wsIGhlciBicmVhdGggYmVjYW1lIHRoaW4sIGFuZCB0aGUgd29ybGQgd2FzIGFnYWluIGEgZmVhcmZ1bCBwbGFjZS4gU2hlIHN1bW1vbmVkIHRoZSByZW1haW5pbmcgY291cmFnZSB0aGF0IHNoZSBoYWQsIHRvb2sgYSBkZWVwIGJyZWF0aCwgYW5kIHNsaWQgYXdheSBmcm9tIHRoZSB0b3Agb2YgdGhlIGJhbGxvb24uIEhlciB3aGl0ZSBjb3R0b24gZHJlc3Mgc2VydmVkIGFzIGEgcGFyYWNodXRlIHN1Y2ggdGhhdCBzaGUgY291bGQgbGFuZCBncmFjZWZ1bGx5LiBBcyBzaGUgdG91Y2hlZCB0aGUgZ3JvdW5kLCB0aGUgbGl0dGxlIGdpcmwgd29rZSB1cCBhbmQgZm91bmQgaGVyc2VsZiB3aXRoIHRoZSBsaXR0bGUgUGVwZSBkb2xsIG5lc3RsZWQgaW4gaGVyIGVtYnJhY2UuPC9wPjxzdHlsZT4NCjwhLS0NCiAvKiBGb250IERlZmluaXRpb25zICovDQpAZm9udC1mYWNlDQoJe2ZvbnQtZmFtaWx5OiJDYW1icmlhIE1hdGgiOw0KCXBhbm9zZS0xOjIgNCA1IDMgNSA0IDYgMyAyIDQ7DQoJbXNvLWZvbnQtY2hhcnNldDowOw0KCW1zby1nZW5lcmljLWZvbnQtZmFtaWx5OmF1dG87DQoJbXNvLWZvbnQtcGl0Y2g6dmFyaWFibGU7DQoJbXNvLWZvbnQtc2lnbmF0dXJlOi01MzY4NzAxNDUgMTEwNzMwNTcyNyAwIDAgNDE1IDA7fQ0KQGZvbnQtZmFjZQ0KCXtmb250LWZhbWlseTpDYWxpYnJpOw0KCXBhbm9zZS0xOjIgMTUgNSAyIDIgMiA0IDMgMiA0Ow0KCW1zby1mb250LWNoYXJzZXQ6MDsNCgltc28tZ2VuZXJpYy1mb250LWZhbWlseTphdXRvOw0KCW1zby1mb250LXBpdGNoOnZhcmlhYmxlOw0KCW1zby1mb250LXNpZ25hdHVyZTotNTM2ODcwMTQ1IDEwNzM3ODYxMTEgMSAwIDQxNSAwO30NCkBmb250LWZhY2UNCgl7Zm9udC1mYW1pbHk6QXBwbGVTeXN0ZW1VSUZvbnQ7DQoJcGFub3NlLTE6MCAwIDAgMCAwIDAgMCAwIDAgMDsNCgltc28tZm9udC1hbHQ6Q2FsaWJyaTsNCgltc28tZm9udC1jaGFyc2V0OjA7DQoJbXNvLWdlbmVyaWMtZm9udC1mYW1pbHk6YXV0bzsNCgltc28tZm9udC1mb3JtYXQ6b3RoZXI7DQoJbXNvLWZvbnQtcGl0Y2g6YXV0bzsNCgltc28tZm9udC1zaWduYXR1cmU6MyAwIDAgMCAxIDA7fQ0KQGZvbnQtZmFjZQ0KCXtmb250LWZhbWlseToiSGVsdmV0aWNhIE5ldWUiOw0KCXBhbm9zZS0xOjIgMCA1IDMgMCAwIDAgMiAwIDQ7DQoJbXNvLWZvbnQtY2hhcnNldDowOw0KCW1zby1nZW5lcmljLWZvbnQtZmFtaWx5OmF1dG87DQoJbXNvLWZvbnQtcGl0Y2g6dmFyaWFibGU7DQoJbXNvLWZvbnQtc2lnbmF0dXJlOi00NTI5ODQwNjUgMTM0MjIwODQ3NSAxNiAwIDEgMDt9DQogLyogU3R5bGUgRGVmaW5pdGlvbnMgKi8NCnAuTXNvTm9ybWFsLCBsaS5Nc29Ob3JtYWwsIGRpdi5Nc29Ob3JtYWwNCgl7bXNvLXN0eWxlLXVuaGlkZTpubzsNCgltc28tc3R5bGUtcWZvcm1hdDp5ZXM7DQoJbXNvLXN0eWxlLXBhcmVudDoiIjsNCgltYXJnaW46MGNtOw0KCW1hcmdpbi1ib3R0b206LjAwMDFwdDsNCgltc28tcGFnaW5hdGlvbjp3aWRvdy1vcnBoYW47DQoJZm9udC1zaXplOjEyLjBwdDsNCglmb250LWZhbWlseTpDYWxpYnJpOw0KCW1zby1hc2NpaS1mb250LWZhbWlseTpDYWxpYnJpOw0KCW1zby1hc2NpaS10aGVtZS1mb250Om1pbm9yLWxhdGluOw0KCW1zby1mYXJlYXN0LWZvbnQtZmFtaWx5OkNhbGlicmk7DQoJbXNvLWZhcmVhc3QtdGhlbWUtZm9udDptaW5vci1sYXRpbjsNCgltc28taGFuc2ktZm9udC1mYW1pbHk6Q2FsaWJyaTsNCgltc28taGFuc2ktdGhlbWUtZm9udDptaW5vci1sYXRpbjsNCgltc28tYmlkaS1mb250LWZhbWlseToiVGltZXMgTmV3IFJvbWFuIjsNCgltc28tYmlkaS10aGVtZS1mb250Om1pbm9yLWJpZGk7fQ0KLk1zb0NocERlZmF1bHQNCgl7bXNvLXN0eWxlLXR5cGU6ZXhwb3J0LW9ubHk7DQoJbXNvLWRlZmF1bHQtcHJvcHM6eWVzOw0KCWZvbnQtZmFtaWx5OkNhbGlicmk7DQoJbXNvLWFzY2lpLWZvbnQtZmFtaWx5OkNhbGlicmk7DQoJbXNvLWFzY2lpLXRoZW1lLWZvbnQ6bWlub3ItbGF0aW47DQoJbXNvLWZhcmVhc3QtZm9udC1mYW1pbHk6Q2FsaWJyaTsNCgltc28tZmFyZWFzdC10aGVtZS1mb250Om1pbm9yLWxhdGluOw0KCW1zby1oYW5zaS1mb250LWZhbWlseTpDYWxpYnJpOw0KCW1zby1oYW5zaS10aGVtZS1mb250Om1pbkA8L3N0eWxlPjxzdHlsZT4NCjwhLS0NCiAvKiBGb250IERlZmluaXRpb25zICovDQpAZm9udC1mYWNlDQoJe2ZvbnQtZmFtaWx5OiJDYW1icmlhIE1hdGgiOw0KCXBhbm9zZS0xOjIgNCA1IDMgNSA0IDYgMyAyIDQ7DQoJbXNvLWZvbnQtY2hhcnNldDowOw0KCW1zby1nZW5lcmljLWZvbnQtZmFtaWx5OmF1dG87DQoJbXNvLWZvbnQtcGl0Y2g6dmFyaWFibGU7DQoJbXNvLWZvbnQtc2lnbmF0dXJlOi01MzY4NzAxNDUgMTEwNzMwNTcyNyAwIDAgNDE1IDA7fQ0KQGZvbnQtZmFjZQ0KCXtmb250LWZhbWlseTpDYWxpYnJpOw0KCXBhbm9zZS0xOjIgMTUgNSAyIDIgMiA0IDMgMiA0Ow0KCW1zby1mb250LWNoYXJzZXQ6MDsNCgltc28tZ2VuZXJpYy1mb250LWZhbWlseTphdXRvOw0KCW1zby1mb250LXBpdGNoOnZhcmlhYmxlOw0KCW1zby1mb250LXNpZ25hdHVyZTotNTM2ODcwMTQ1IDEwNzM3ODYxMTEgMSAwIDQxNSAwO30NCkBmb250LWZhY2UNCgl7Zm9udC1mYW1pbHk6QXBwbGVTeXN0ZW1VSUZvbnQ7DQoJcGFub3NlLTE6MCAwIDAgMCAwIDAgMCAwIDAgMDsNCgltc28tZm9udC1hbHQ6Q2FsaWJyaTsNCgltc28tZm9udC1jaGFyc2V0OjA7DQoJbXNvLWdlbmVyaWMtZm9udC1mYW1pbHk6YXV0bzsNCgltc28tZm9udC1mb3JtYXQ6b3RoZXI7DQoJbXNvLWZvbnQtcGl0Y2g6YXV0bzsNCgltc28tZm9udC1zaWduYXR1cmU6MyAwIDAgMCAxIDA7fQ0KQGZvbnQtZmFjZQ0KCXtmb250LWZhbWlseToiSGVsdmV0aWNhIE5ldWUiOw0KCXBhbm9zZS0xOjIgMCA1IDMgMCAwIDAgMiAwIDQ7DQoJbXNvLWZvbnQtY2hhcnNldDowOw0KCW1zby1nZW5lcmljLWZvbnQtZmFtaWx5OmF1dG87DQoJbXNvLWZvbnQtcGl0Y2g6dmFyaWFibGU7DQoJbXNvLWZvbnQtc2lnbmF0dXJlOi00NTI5ODQwNjUgMTM0MjIwODQ3NSAxNiAwIDEgMDt9DQogLyogU3R5bGUgRGVmaW5pdGlvbnMgKi8NCnAuTXNvTm9ybWFsLCBsaS5Nc29Ob3JtYWwsIGRpdi5Nc29Ob3JtYWwNCgl7bXNvLXN0eWxlLXVuaGlkZTpubzsNCgltc28tc3R5bGUtcWZvcm1hdDp5ZXM7DQoJbXNvLXN0eWxlLXBhcmVudDoiIjsNCgltYXJnaW46MGNtOw0KCW1hcmdpbi1ib3R0b206LjAwMDFwdDsNCgltc28tcGFnaW5hdGlvbjp3aWRvdy1vcnBoYW47DQoJZm9udC1zaXplOjEyLjBwdDsNCglmb250LWZhbWlseTpDYWxpYnJpOw0KCW1zby1hc2NpaS1mb250LWZhbWlseTpDYWxpYnJpOw0KCW1zby1hc2NpaS10aGVtZS1mb250Om1pbm9yLWxhdGluOw0KCW1zby1mYXJlYXN0LWZvbnQtZmFtaWx5OkNhbGlicmk7DQoJbXNvLWZhcmVhc3QtdGhlbWUtZm9udDptaW5vci1sYXRpbjsNCgltc28taGFuc2ktZm9udC1mYW1pbHk6Q2FsaWJyaTsNCgltc28taGFuc2ktdGhlbWUtZm9udDptaW5vci1sYXRpbjsNCgltc28tYmlkaS1mb250LWZhbWlseToiVGltZXMgTmV3IFJvbWFuIjsNCgltc28tYmlkaS10aGVtZS1mb250Om1pbm9yLWJpZGk7fQ0KLk1zb0NocERlZmF1bHQNCgl7bXNvLXN0eWxlLXR5cGU6ZXhwb3J0LW9ubHk7DQoJbXNvLWRlZmF1bHQtcHJvcHM6eWVzOw0KCWZvbnQtZmFtaWx5OkNhbGlicmk7DQoJbXNvLWFzY2lpLWZvbnQtZmFtaWx5OkNhbGlicmk7DQoJbXNvLWFzY2lpLXRoZW1lLWZvbnQ6bWlub3ItbGF0aW47DQoJbXNvLWZhcmVhc3QtZm9udC1mYW1pbHk6Q2FsaWJyaTsNCgltc28tZmFyZWFzdC10aGVtZS1mb250Om1pbm9yLWxhdGluOw0KCW1zby1oYW5zaS1mb250LWZhbWlseTpDYWxpYnJpOw0KCW1zby1oYW5zaS10aGVtZS1mb250Om1pbm9yLWxhdGluOw0KCW1zby1iaWRpLWZvbnQtZmFtaWx5OiJUaW1lcyBOZXcgUm9tYW4iOw0KCW1zby1iaWRpLXRoZW1lLWZvbnQ6bWlub3ItYmlkaTt9DQpAcGFnZSBXb3JkU2VjdGlvbjENCgl7c2l6ZTo1OTUuMHB0IDg0Mi4wcHQ7DQoJbWFyZ2luOjcyLjBwdCA3Mi4wcHQgNzIuMHB0IDcyLjBwdDsNCgltc28taGVhZGVyLW1hcmdpbjozNS40cHQ7DQoJbXNvLWZvb3Rlci1tYXJnaW46MzUuNHB0Ow0KCW1zby1wYXBlci1zb3VyY2U6MDt9DQpkaXYuV29yZFNlY3Rpb24xDQoJe3BhZ2U6V29yZFNlY3Rpb24xO30NCi0tPg0KPC9zdHlsZT48c3R5bGUgdHlwZT0idGV4dC9jc3MiPg0KcC5wMSB7bWFyZ2luOiAwLjBweCAwLjBweCAwLjBweCAwLjBweDsgZm9udDogMTMuMHB4ICdIZWx2ZXRpY2EgTmV1ZSc7IGNvbG9yOiAjNDU0NTQ1fQ0KcC5wMiB7bWFyZ2luOiAwLjBweCAwLjBweCAwLjBweCAwLjBweDsgZm9udDogMTMuMHB4ICdIZWx2ZXRpY2EgTmV1ZSc7IGNvbG9yOiAjNDU0NTQ1OyBtaW4taGVpZ2h0OiAxNS4wcHh9DQo8L3N0eWxlPjxzdHlsZSB0eXBlPSJ0ZXh0L2NzcyI+DQpwLnAxIHttYXJnaW46IDAuMHB4IDAuMHB4IDAuMHB4IDAuMHB4OyBmb250OiAxNC4wcHggJ0hlbHZldGljYSBOZXVlJzsgY29sb3I6ICM0NTQ1NDV9DQpwLnAyIHttYXJnaW46IDAuMHB4IDAuMHB4IDAuMHB4IDAuMHB4OyBmb250OiAxNC4wcHggJ0hlbHZldGljYSBOZXVlJzsgY29sb3I6ICM0NTQ1NDU7IG1pbi1oZWlnaHQ6IDE2LjBweH0NCjwvc3R5bGU+', 'Melisa Sanjaya', 'stories_3.png', 'SESSION_TEST', '2017-10-23 16:10:18', 'admin@tulisan.com', '2018-01-03 23:13:21'),
(4, 'Surat 3', 'Lelono', 'RmFsbCBXaW50ZXIgMTcvMTg=', 'Melissa Sunjaya', 'stories_4_20171207012824am.jpg', 'admin@tulisan.com', '2017-12-07 01:28:24', 'admin@tulisan.com', '2017-12-07 01:29:34'),
(5, 'Letter No. 2: Nexus', 'This Dry Season Collection 2017 relates to Melissa Sunjaya\'s second letter titled Nexus. Her essay employed the set theory in mathematics to visualize social and emotional connections between humans.', 'PHAgc3R5bGU9XCJcXFxcXFwmcXVvdDttYXJnaW4tYm90dG9tOlwiIDlweDs9XCJcIiBmb250LXNpemU6PVwiXCIgbGluZS1oZWlnaHQ6PVwiXCIgbm9ybWFsOz1cIlwiIGZvbnQtZmFtaWx5Oj1cIlwiIGdlb3JnaWE7PVwiXCIgY29sb3I6PVwiXCIgcmdiKDAsPVwiXCIgMCw9XCJcIiAwKTs9XCJcIiAtd2Via2l0LXRleHQtc3Ryb2tlLXdpZHRoOj1cIlwiIGluaXRpYWw7PVwiXCIgLXdlYmtpdC10ZXh0LXN0cm9rZS1jb2xvcjo9XCJcIiAwKTtcXFxcXFxcIj1cIlwiPgkJIAkgCSAJCTwvcD48ZGl2IGNsYXNzPVwicGFnZVwiIHRpdGxlPVwiUGFnZSA2XCI+CQkJPGRpdiBjbGFzcz1cImxheW91dEFyZWFcIj4JCQkJPGRpdiBjbGFzcz1cImNvbHVtblwiPgkJCQkJPHA+DQoJCQ0KCQ0KCQ0KCQk8L3A+PGRpdiBjbGFzcz1cInBhZ2VcIiB0aXRsZT1cIlBhZ2UgMlwiPg0KCQkJPGRpdiBjbGFzcz1cImxheW91dEFyZWFcIj4NCgkJCQk8ZGl2IGNsYXNzPVwiY29sdW1uXCI+DQoJCQkJCTxwPjxzcGFuIHN0eWxlPVwiZm9udC1zaXplOiAxNC4wMDAwMDBwdDsgZm9udC1mYW1pbHk6IFwnR2VvcmdpYVwnXCI+QWt1IGJlcm5hZmFzLCBiZXJnZXJhaywgZGFuIGJlcmhhc3JhdCBkaQ0Kc3VhdHUgZHVuaWEgYmVyY2FkYXIgeWFuZyB0YWt1dCBkaXNlbnR1aC4NCjwvc3Bhbj48L3A+DQoJCQkJCTxwPjxzcGFuIHN0eWxlPVwiZm9udC1zaXplOiAxNC4wMDAwMDBwdDsgZm9udC1mYW1pbHk6IFwnR2VvcmdpYVwnXCI+QWRhIHlhbmcgc3VrYXIgZGl1bmdrYXBrYW47IHlhbmcgZGlsYXJhbmcNCnVudHVrIGRpc2Vrc2FtYTsgZGFuIHNla2FyYW5nIHNlbWFraW4NCmJhbnlhayBsYWdpIHlhbmcgdGlkYWsgYmlzYSBkaXJhc2FrYW4uDQpTaXN0ZW0geWFuZyBtZW5nZWxpbGluZ2lrdSB0ZWxhaCBkaXJhbmNhbmcNCmphdWggc2ViZWx1bSBha3UgdGVyd3VqdWQgZGFsYW0gamFuaW4uDQpTaXN0ZW0gaW5pIHRpZGFrIGxhZ2kgYmVyZnVuZ3NpIGRlbmdhbiBiYWlrDQp1bnR1ayBtZWxpbmR1bmdpa3UuIFNlcGVydGkgamFyaW5nYW4geWFuZw0KcGFkYXQsIHNpc3RlbSBpbmkgZGlkaXJpa2FuIHVudHVrIG1lbmphZ2ENCmtlc2VpbWJhbmdhbiBkaSBhbnRhcmEgc2VzYW1ha3UuIGtpbmkNCmphcmluZ2FuIHNpc3RlbSBpbmkgbWVuY2FidXRpIHNlZ2FsYSBiZW50dWsNCnNlbnNvcmkgZGFyaSByYXNhIGtlbWFudXNpYWFua3UsIGRhbg0KbWVyZWtheWFzYW55YSBkZW5nYW4gcGVyc29uYWxpc2FzaSBsYWluLjwvc3Bhbj48L3A+DQoJCQkJPC9kaXY+DQoJCQk8L2Rpdj4NCgkJPC9kaXY+CQkJCTwvZGl2PgkJCTwvZGl2PgkJPC9kaXY+', 'Melissa Sunjaya', 'stories_5_20171207013417am.jpg', 'admin@tulisan.com', '2017-12-07 01:34:17', 'admin@tulisan.com', '2017-12-17 20:43:17'),
(9, 'Letter No. 1: Pulsar Dance', 'This Fall-Winter 2016-2017 season is derived from the  rst letter of my anthology titled The New East Indies in which I tried to examine new perspectives on several aspects of social orders and cultural values.', 'DQoJCQ0KCQ0KCQ0KCQk8ZGl2IGNsYXNzPVxcXFxcXFwicGFnZVxcXFxcXFwiIHRpdGxlPVxcXFxcXFwiUGFnZSA2XFxcXFxcXCI+DQoJCQk8ZGl2IGNsYXNzPVxcXFxcXFwibGF5b3V0QXJlYVxcXFxcXFwiPg0KCQkJCTxkaXYgY2xhc3M9XFxcXFxcXCJjb2x1bW5cXFxcXFxcIj4NCgkJCQkJPHA+PHNwYW4gc3R5bGU9XFxcXFxcXCJmb250LXNpemU6IDkuMDAwMDAwcHQ7IGZvbnQtZmFtaWx5OiBcXFxcXFxcJ0dlb3JnaWFcXFxcXFxcJ1xcXFxcXFwiPlRoaXMgRmFsbC1XaW50ZXIgMjAxNi0yMDE3IHNlYXNvbiBpcyBkZXJpdmVkIGZyb20gdGhlIGZpcnN0IGxldHRlciBvZg0KPC9zcGFuPjxzcGFuIHN0eWxlPVxcXFxcXFwiZm9udC1zaXplOiA5LjAwMDAwMHB0OyBmb250LWZhbWlseTogXFxcXFxcXCdHZW9yZ2lhXFxcXFxcXCdcXFxcXFxcIj5NZWxpc3NhIFN1bmpheWFcXFxcXFxcJ3MgYW50aG9sb2d5IHRpdGxlZCDigJhUaGUgTmV3IEVhc3QgSW5kaWVzLOKAmSBpbiB3aGljaCBzaGUgdHJpZWQgdG8gZXhhbWluZQ0KbmV3IHBlcnNwZWN0aXZlcyBvbiBzZXZlcmFsIGFzcGVjdHMgb2Ygc29jaWFsIG9yZGVycyBhbmQgY3VsdHVyYWwNCnZhbHVlcy48L3NwYW4+PC9wPg0KCQkJCTwvZGl2Pg0KCQkJPC9kaXY+DQoJCTwvZGl2Pg==', 'Melissa Sunjaya', 'stories_9_20171217083801pm.jpg', 'admin@tulisan.com', '2017-12-17 20:38:01', 'admin@tulisan.com', '2017-12-27 23:59:18'),
(10, 'Anima', '', 'PHAgc3R5bGU9XCJtYXJnaW4tYm90dG9tOiAwcHg7IGZvbnQtc2l6ZTogOHB4OyBsaW5lLWhlaWdodDogbm9ybWFsOyBmb250LWZhbWlseTogR2VvcmdpYTsgLXdlYmtpdC10ZXh0LXN0cm9rZS13aWR0aDogaW5pdGlhbDsgLXdlYmtpdC10ZXh0LXN0cm9rZS1jb2xvcjogcmdiKDAsIDAsIDApO1wiPjxzcGFuIHN0eWxlPVwiZm9udC1rZXJuaW5nOiBub25lXCI+VGhlIGdhbWUgb2YgbGlmZSwgbXVjaCBsaWtlIGEgZ2FtZSBvZiBjYXJkcywgaXMgYSB3aWxkIG1peCBvZiBsdWNrIGFuZCBkZXN0aW55LiBBcyBmYXRlIGlzIGEgZmlja2xlIGNvbXBhbmlvbiwgd2lucyBhbmQgbG9zc2VzIGFyZSBkZWFsdCBvdXQgaW4gYXJjYWRlIHdheXMuIEEgc3Ryb25nIGhhbmQgb2YgY2FyZHMgY2FuIGJlIHNxdWFuZGVyZWQgYnkgYW4gaW5leHBlcmllbmNlZCBwbGF5ZXIsIHdoaWxlIGEgc2hyZXdkIHBsYXllciBjYW4gdXNlIG1lZGlvY3JlIGNhcmRzIHRvIGhpcyBhZHZhbnRhZ2UuIEluZGVlZCwgYSBzaW1wbGUgZ2FtZSBvZiBjYXJkcyByZXZlYWxzIHRoZSBjb21wbGV4IG5hdHVyZSBvZiBvdXIgZXhpc3RlbmNlIHdoZXJlIHdpdCBhbmQgZGV0ZXJtaW5hdGlvbiBhcmUgZ3JlYXQgZXF1YWxpemVycyB0byBjb252ZW50aW9uIGFuZCBjaGFuY2UuPC9zcGFuPjwvcD4NCjxwIHN0eWxlPVwibWFyZ2luLWJvdHRvbTogMHB4OyBmb250LXNpemU6IDhweDsgbGluZS1oZWlnaHQ6IG5vcm1hbDsgZm9udC1mYW1pbHk6IEdlb3JnaWE7IC13ZWJraXQtdGV4dC1zdHJva2Utd2lkdGg6IGluaXRpYWw7IC13ZWJraXQtdGV4dC1zdHJva2UtY29sb3I6IHJnYigwLCAwLCAwKTtcIj48c3BhbiBzdHlsZT1cImZvbnQta2VybmluZzogbm9uZVwiPlVuZGVyc3RhbmRpbmcgdGhlIGRlZXBlciBuYXR1cmUgb2Ygc2ltcGxlIHRoaW5ncyBpcyB3aGF0IHRoZSBBbmltYSBzdG9yeSBpcyBhbGwgYWJvdXQuIE91ciB0cnVlc3Qgc2VsdmVzIGFyZSBub3QgbmVjZXNzYXJpbHkgd2hhdCB3ZSBzaG93IHRvIHRoZSB3b3JsZC4gVWx0aW1hdGVseSB0aGUgZGVjaXNpb25zIHdlIG1ha2UgYXJlIHdoYXQgZGl2dWxnZSBvdXIgYXV0aGVudGljIG5hdHVyZS4gT3VyIGNob2ljZXMsIHdoZXRoZXIgdG8gY2hlYXQsIGJsdWZmLCBvdXRzbWFydCwgcmVtYWluIHN0ZWFkZmFzdCwgb3IgdHJ1c3QgZGVzdGlueSwgZXhwb3NlIHVzIG1vcmUgdGhhbiBzb2NpYWwgc3RhbmRpbmcgb3IgbWF0ZXJpYWwgcG9zc2Vzc2lvbnMgZXZlciBjb3VsZC48L3NwYW4+PC9wPg0KPHAgc3R5bGU9XCJtYXJnaW4tYm90dG9tOiAwcHg7IGZvbnQtc2l6ZTogOHB4OyBsaW5lLWhlaWdodDogbm9ybWFsOyBmb250LWZhbWlseTogR2VvcmdpYTsgLXdlYmtpdC10ZXh0LXN0cm9rZS13aWR0aDogaW5pdGlhbDsgLXdlYmtpdC10ZXh0LXN0cm9rZS1jb2xvcjogcmdiKDAsIDAsIDApO1wiPjxzcGFuIHN0eWxlPVwiZm9udC1rZXJuaW5nOiBub25lXCI+V2hpbGUgeW91IGFyZSBvZiBjb3Vyc2UgZnJlZSB0byBjcmVhdGUgeW91ciBvd24gZ2FtZXMgYW5kIHJ1bGVzIHdoZW4gd2llbGRpbmcgdGhlIEFuaW1hIGNhcmRzLCBwbGVhc2UgYWxsb3cgbWUgdG8gaW50cm9kdWNlIHRoZSBkaWZmZXJlbnQgc3ltYm9scyBhbmQgdGhlaXIgb3JpZ2luYWwgbWVhbmluZ3MsIG9yIGF0IHRoZSB2ZXJ5IGxlYXN0LCBzaG93IHlvdSB3aGF0IGluc3BpcmVkIG1lIHRvIGNyZWF0ZSB0aGUgc2V0Ljwvc3Bhbj48L3A+DQo8cCBzdHlsZT1cIm1hcmdpbi1ib3R0b206IDBweDsgZm9udC1zaXplOiA4cHg7IGxpbmUtaGVpZ2h0OiBub3JtYWw7IGZvbnQtZmFtaWx5OiBHZW9yZ2lhOyAtd2Via2l0LXRleHQtc3Ryb2tlLXdpZHRoOiBpbml0aWFsOyAtd2Via2l0LXRleHQtc3Ryb2tlLWNvbG9yOiByZ2IoMCwgMCwgMCk7XCI+PHNwYW4gc3R5bGU9XCJmb250LWtlcm5pbmc6IG5vbmVcIj5BbmNpZW50IEdyZWVuIHBoaWxvc29waGVycyBiZWxpZXZlZCB0aGF0IGZvdXIgY2xhc3NpY2FsIGVsZW1lbnRzIHdlcmUgdGhlIGJhc2ljIGNvbnN0aXR1ZW50cyBvZiBhbGwgbWF0dGVyLiBUaGVzZSBlbGVtZW50cyB3ZXJlIEVhcnRoLCBXYXRlciwgQWlyIGFuZCBGaXJlLiBBcyB3ZSBhcmUgbW9ydGFsIGJlaW5ncywgYWxsIG9mIG91ciBlbGVtZW50cyBldmVudHVhbGx5IHJldHVybiB0byB0aGUgdW5pdmVyc2UuIE91ciBmbGVzaCByZXR1cm5zIHRvIHRoZSBzb2lsLiBPdXIgYmxvb2QgZGlzc29sdmVzIHRvIHRoZSBzZWEuIE91ciBicmVhdGggZGlmZnVzZXMgaW50byBhaXIsIGFuZCB0aGUgaGVhdCBvZiBvdXIgZW1vdGlvbnMgZGlzc2lwYXRlcyBpbnRvIGZsYW1lcy4gSXQgaXMgYSBzb3VsZnVsIHBpbGdyaW1hZ2UgdG8gZ2FpbiBhbiB1bmRlcnN0YW5kaW5nIG9mIHRoZSBlc3NlbmNlIG9mIHRoaXMgYW5jaWVudCBwaGlsb3NvcGh5Ljwvc3Bhbj48L3A+DQo8cCBzdHlsZT1cIm1hcmdpbi1ib3R0b206IDBweDsgZm9udC1zaXplOiA4cHg7IGxpbmUtaGVpZ2h0OiBub3JtYWw7IGZvbnQtZmFtaWx5OiBHZW9yZ2lhOyAtd2Via2l0LXRleHQtc3Ryb2tlLXdpZHRoOiBpbml0aWFsOyAtd2Via2l0LXRleHQtc3Ryb2tlLWNvbG9yOiByZ2IoMCwgMCwgMCk7XCI+PHNwYW4gc3R5bGU9XCJmb250LWtlcm5pbmc6IG5vbmVcIj5GdXJ0aGVybW9yZSwgZWFjaCBlbGVtZW50IGNvcnJlc3BvbmRzIHRvIG9uZSBvZiB0aGUgZm91ciB2aXJ0dWVzIG9mIGJlaW5nIChmbHV4aW9uLCB2aXNpb24sIGludHVpdGlvbiwgYW5kIGVxdWlsaWJyaXVtKS4gRWFzdGVyIHBoaWxvc29waHkgc3VnZ2VzdHMgdGhhdCBpdCB0YWtlcyAxMiB5ZWFycyB0byBjb21wbGV0ZSBhIGZ1bGwgY3ljbGUuIFRoZXJlZm9yZSBteSBjYXJkcyBpbGx1c3RyYXRlIHRoZSBmb2xsb3dpbmcgc3RhZ2VzOiBtYXN0ZXI7IHRoZSBKYWNrIGlzIHRoZSBjb21wbGV0aW9uIGxldmVsIOKAkyB0aGUgMTB0aCB5ZWFyLCBRdWVlbiBpcyB0aGUgWWluIGVuZXJneSBpbiB0aGUgMTF0aCB5ZWFyIGFuZCBLaW5nIGlzIHRoZSBZYW5nIGVuZXJneSBpbiB0aGUgMTJ0aCB5ZWFyLiBBY2UgcmVwcmVzZW50cyBiZWluZyBuYXR1cmFsbHkgYm9ybiB3aXRoIGEgc3BlY2lmaWMgdmlydHVlLiBZb3UgYXJlIGx1Y2t5IHRvIGhvbGQgdGhlIEFjZSBjYXJkLCBidXQgaWYgeW91IGRvIG5vdCB1c2UgaXQsIGl0IG1heSB3ZWxsIGdvIHRvIHdhc3RlLjwvc3Bhbj48L3A+DQo8cCBzdHlsZT1cIm1hcmdpbi1ib3R0b206IDBweDsgZm9udC1zaXplOiA4cHg7IGxpbmUtaGVpZ2h0OiBub3JtYWw7IGZvbnQtZmFtaWx5OiBHZW9yZ2lhOyAtd2Via2l0LXRleHQtc3Ryb2tlLXdpZHRoOiBpbml0aWFsOyAtd2Via2l0LXRleHQtc3Ryb2tlLWNvbG9yOiByZ2IoMCwgMCwgMCk7XCI+PHNwYW4gc3R5bGU9XCJmb250LWtlcm5pbmc6IG5vbmVcIj48Yj5USEUgT1JBQ0xFPC9iPjwvc3Bhbj48L3A+DQo8cCBzdHlsZT1cIm1hcmdpbi1ib3R0b206IDBweDsgZm9udC1zaXplOiA4cHg7IGxpbmUtaGVpZ2h0OiBub3JtYWw7IGZvbnQtZmFtaWx5OiBHZW9yZ2lhOyAtd2Via2l0LXRleHQtc3Ryb2tlLXdpZHRoOiBpbml0aWFsOyAtd2Via2l0LXRleHQtc3Ryb2tlLWNvbG9yOiByZ2IoMCwgMCwgMCk7XCI+PHNwYW4gc3R5bGU9XCJmb250LWtlcm5pbmc6IG5vbmVcIj5JIHdhbnRlZCB0byBtYWtlIHRoZSBKb2tlciBjYXJkcyBzb21ldGhpbmcgc3BlY2lhbC4gU28sIHRvIGNvbXBsZXRlIHRoZSBBbmltYSBkZWNrLCBJIHBpY2tlZCB0aGUgcXVpcmt5IGNhdGZpc2ggdG8gc3ltYm9saXplIGEgZGl2aW5lIG9yYWNsZS4gQ2F0ZmlzaCBhcmUgYm90dG9tIGZlZWRlcnMsIHlldCB0aGV5IGFyZSBhY3V0ZWx5IHNlbnNpdGl2ZSB0byB0aGUgc2lnaHRzIGFuZCBzb3VuZHMgb2YgdGhlaXIgZW52aXJvbm1lbnRzLiBJIGZvdW5kIHRoZWlyIGFiaWxpdHkgdG8gYWRhcHQgYW5kIHRocml2ZSBpbiBtdXJreSBjaXJjdW1zdGFuY2VzIGluc3BpcmluZy4gSSBlbnZpc2lvbmVkIE9yYWNsZSBvZiB0aGUgRGl2aW5lIENhdGZpc2ggdG8gYmUgYSBzaW1wbGUgc291bCB3aG8gaW5zcGlyZXMgdXMgdG8gYWNrbm93bGVkZ2UgdGhlIGxpbWl0YXRpb25zIG9mIG91ciBwaHlzaWNhbCByZWFsaXR5IGFuZCBlbWJyYWNlIHdoYXQgb3VyIGRyZWFtcyBhbmQgaW1hZ2luYXRpb25zIGhhdmUgdG8gb2ZmZXIuPC9zcGFuPjwvcD4NCjxwIHN0eWxlPVwibWFyZ2luLWJvdHRvbTogMHB4OyBmb250LXNpemU6IDhweDsgbGluZS1oZWlnaHQ6IG5vcm1hbDsgZm9udC1mYW1pbHk6IEdlb3JnaWE7IC13ZWJraXQtdGV4dC1zdHJva2Utd2lkdGg6IGluaXRpYWw7IC13ZWJraXQtdGV4dC1zdHJva2UtY29sb3I6IHJnYigwLCAwLCAwKTtcIj48c3BhbiBzdHlsZT1cImZvbnQta2VybmluZzogbm9uZVwiPjxiPlRFUlJBIEtJTkdET00gKEVhcnRoIEVsZW1lbnQpPC9iPjwvc3Bhbj48L3A+DQo8cCBzdHlsZT1cIm1hcmdpbi1ib3R0b206IDBweDsgZm9udC1zaXplOiA4cHg7IGxpbmUtaGVpZ2h0OiBub3JtYWw7IGZvbnQtZmFtaWx5OiBHZW9yZ2lhOyAtd2Via2l0LXRleHQtc3Ryb2tlLXdpZHRoOiBpbml0aWFsOyAtd2Via2l0LXRleHQtc3Ryb2tlLWNvbG9yOiByZ2IoMCwgMCwgMCk7XCI+PHNwYW4gc3R5bGU9XCJmb250LWtlcm5pbmc6IG5vbmVcIj5UaGUgQ29uZmVkZXJhdGlvbiBvZiBSaGFwc29kaWMgVm95YWdlcnM8L3NwYW4+PC9wPg0KPHAgc3R5bGU9XCJtYXJnaW4tYm90dG9tOiAwcHg7IGZvbnQtc2l6ZTogOHB4OyBsaW5lLWhlaWdodDogbm9ybWFsOyBmb250LWZhbWlseTogR2VvcmdpYTsgLXdlYmtpdC10ZXh0LXN0cm9rZS13aWR0aDogaW5pdGlhbDsgLXdlYmtpdC10ZXh0LXN0cm9rZS1jb2xvcjogcmdiKDAsIDAsIDApO1wiPjxzcGFuIHN0eWxlPVwiZm9udC1rZXJuaW5nOiBub25lXCI+VGhlIGZpcnN0IGNsYXNzaWNhbCBlbGVtZW50IG9mIEVhcnRoIGlzIHJlcHJlc2VudGVkIGJ5IHRoZSBzdWl0IG9mIGJsYWNrIGRpYW1vbmRzLiBJIGNyZWF0ZWQgYSBjb25mZWRlcmF0aW9uIG9mIGFkdmVudHVyb3VzIHNlYWxzIGFuZCB3YWxydXNlcyB0byBkZWZlbmQgdGhpcyBncmFuZCBzdWl0LiBUaGUgZnVuZGFtZW50YWwgcHJpbmNpcGxlIG9mIEVhcmNoIGlzIGZsdXhpb24sIHdoaWNoIHNpZ25pZmllcyBjaGFuZ2UuIEV2ZXJ5dGhpbmcgaXMgaW4gYSBjb25zdGFudCBzdGF0ZSBvZiBmbHV4LiBJdCBpcyB0aGUgYXdhcmVuZXNzIG9mIG91ciBzZW5zb3J5IG9yZ2FucyBhbmQgdGhlaXIgY29ubmVjdGlvbiB0byB0aGUgdGVycmFpbiB3aGVyZSB3ZSBzdGFuZCwgdGhhdCBlbmFibGVzIHVzIHRvIHJlbWFpbiBncm91bmRlZCBhbmQgdGh1cyBhYmxlIHRvIGZsb3VyaXNoLjwvc3Bhbj48L3A+DQo8cCBzdHlsZT1cIm1hcmdpbi1ib3R0b206IDBweDsgZm9udC1zaXplOiA4cHg7IGxpbmUtaGVpZ2h0OiBub3JtYWw7IGZvbnQtZmFtaWx5OiBHZW9yZ2lhOyAtd2Via2l0LXRleHQtc3Ryb2tlLXdpZHRoOiBpbml0aWFsOyAtd2Via2l0LXRleHQtc3Ryb2tlLWNvbG9yOiByZ2IoMCwgMCwgMCk7XCI+PHNwYW4gc3R5bGU9XCJmb250LWtlcm5pbmc6IG5vbmVcIj48Yj5BUVVBIEtJTkdET00gKFdhdGVyIEVsZW1lbnQpPC9iPjwvc3Bhbj48L3A+DQo8cCBzdHlsZT1cIm1hcmdpbi1ib3R0b206IDBweDsgZm9udC1zaXplOiA4cHg7IGxpbmUtaGVpZ2h0OiBub3JtYWw7IGZvbnQtZmFtaWx5OiBHZW9yZ2lhOyAtd2Via2l0LXRleHQtc3Ryb2tlLXdpZHRoOiBpbml0aWFsOyAtd2Via2l0LXRleHQtc3Ryb2tlLWNvbG9yOiByZ2IoMCwgMCwgMCk7XCI+PHNwYW4gc3R5bGU9XCJmb250LWtlcm5pbmc6IG5vbmVcIj5UaGUgTGVnYWN5IG9mIE1hZ2ljYWwgQmVsaWV2ZXJzPC9zcGFuPjwvcD4NCjxwIHN0eWxlPVwibWFyZ2luLWJvdHRvbTogMHB4OyBmb250LXNpemU6IDhweDsgbGluZS1oZWlnaHQ6IG5vcm1hbDsgZm9udC1mYW1pbHk6IEdlb3JnaWE7IC13ZWJraXQtdGV4dC1zdHJva2Utd2lkdGg6IGluaXRpYWw7IC13ZWJraXQtdGV4dC1zdHJva2UtY29sb3I6IHJnYigwLCAwLCAwKTtcIj48c3BhbiBzdHlsZT1cImZvbnQta2VybmluZzogbm9uZVwiPlRoZSBzZWNvbmQgY2xhc3NpY2FsIGVsZW1lbnQgaXMgV2F0ZXIsIHJlcHJlc2VudGVkIGJ5IHRoZSBzdWl0IG9mIEluZGlnbyBDbGx1YnMuIEkgZW52aXNpb25lZCB0aGlzIGFxdWF0aWMgdGVycml0b3J5IGFzIG9uZSBpbmhhYml0ZWQgYnkgYSBsZWdpb24gb2YgbWFnaWNhbCBmcm9ncyB3aG8gaGF2ZSB0aGUgcG93ZXIgdG8gc2VlIGludG8gdGhlIGZ1dHVyZS4gVGhlIGZ1bmRhbWVudGFsIHByaW5jaXBsZSBiZWhpbmQgdGhpcyBlbGVtZW50IGlzIHZpc2lvbi4gT3VyIGRyZWFtcyBhbmQgaW1hZ2luYXRpb24gZW1wb3dlciB1cywgYWxsb3dpbmcgdXMgdG8gYWNoaWV2ZSBhIGhpZ2hlciBwdXJwb3NlIGluIG91ciBleGlzdGVuY2UuPC9zcGFuPjwvcD4NCjxwIHN0eWxlPVwibWFyZ2luLWJvdHRvbTogMHB4OyBmb250LXNpemU6IDhweDsgbGluZS1oZWlnaHQ6IG5vcm1hbDsgZm9udC1mYW1pbHk6IEdlb3JnaWE7IC13ZWJraXQtdGV4dC1zdHJva2Utd2lkdGg6IGluaXRpYWw7IC13ZWJraXQtdGV4dC1zdHJva2UtY29sb3I6IHJnYigwLCAwLCAwKTtcIj48c3BhbiBzdHlsZT1cImZvbnQta2VybmluZzogbm9uZVwiPjxiPkFFUiBLSU5HRE9NIChBaXIgRWxlbWVudCk8L2I+PC9zcGFuPjwvcD4NCjxwIHN0eWxlPVwibWFyZ2luLWJvdHRvbTogMHB4OyBmb250LXNpemU6IDhweDsgbGluZS1oZWlnaHQ6IG5vcm1hbDsgZm9udC1mYW1pbHk6IEdlb3JnaWE7IC13ZWJraXQtdGV4dC1zdHJva2Utd2lkdGg6IGluaXRpYWw7IC13ZWJraXQtdGV4dC1zdHJva2UtY29sb3I6IHJnYigwLCAwLCAwKTtcIj48c3BhbiBzdHlsZT1cImZvbnQta2VybmluZzogbm9uZVwiPlRoZSBHdWlsZCBvZiBUcmFuc2NlbmRlbnRhbCBBbGNoZW1pc3Q8L3NwYW4+PC9wPg0KPHAgc3R5bGU9XCJtYXJnaW4tYm90dG9tOiAwcHg7IGZvbnQtc2l6ZTogOHB4OyBsaW5lLWhlaWdodDogbm9ybWFsOyBmb250LWZhbWlseTogR2VvcmdpYTsgLXdlYmtpdC10ZXh0LXN0cm9rZS13aWR0aDogaW5pdGlhbDsgLXdlYmtpdC10ZXh0LXN0cm9rZS1jb2xvcjogcmdiKDAsIDAsIDApO1wiPjxzcGFuIHN0eWxlPVwiZm9udC1rZXJuaW5nOiBub25lXCI+VGhlIHN1aXQgb2Ygc2NhcmxldCBoZWFydHMgc3ltYm9saXplIHRoZSB0aGlyZCBjbGFzc2ljYWwgZWxlbWVudCBvZiBBaXIuIEkgd2FudGVkIHRoZSBhdG1vc3BoZXJlIG9mIGRheSBhbmQgbmlnaHQgdG8gYmUgZ3VhcmRlZCBieSBhIGd1aWxkIG9mIHdpc2UgYmFybiBvd2xzIHdobyBzcGVjaWFsaXplIGluIHRoZSBzdHVkeSBvZiB0cmFuc2NlbmRlbnRhbCBhbGNoZW15LiBUaGVpciBwaGlsb3NvcGh5IGNlbnRlcnMgb24gdXNpbmcgaW50dWl0aW9uIGluIHByb2JsZW0gc29sdmluZy4gSW50dWl0aW9uIGFsb25lIGNhbiBiZSBtaXNsZWFkaW5nLiBXZSBjYW4gY29tcGxldGVseSB0cnVzdCBvdXIgaW50dWl0aW9uIG9ubHkgd2hlbiB3ZSBhcmUgdGhvcm91Z2hseSBncm91bmRlZCBhbmQgd2hlbiBvdXIgdmlzaW9uIGlzIG5vdCBhZHVsdGVyYXRlZCBieSBwZXJzb25hbCBhbWJpdGlvbi48L3NwYW4+PC9wPg0KPHAgc3R5bGU9XCJtYXJnaW4tYm90dG9tOiAwcHg7IGZvbnQtc2l6ZTogOHB4OyBsaW5lLWhlaWdodDogbm9ybWFsOyBmb250LWZhbWlseTogR2VvcmdpYTsgLXdlYmtpdC10ZXh0LXN0cm9rZS13aWR0aDogaW5pdGlhbDsgLXdlYmtpdC10ZXh0LXN0cm9rZS1jb2xvcjogcmdiKDAsIDAsIDApO1wiPjxzcGFuIHN0eWxlPVwiZm9udC1rZXJuaW5nOiBub25lXCI+PGI+SUdOSVMgS0lOR0RPTSAoRmlyZSBFbGVtZW50KTwvYj48L3NwYW4+PC9wPg0KPHAgc3R5bGU9XCJtYXJnaW4tYm90dG9tOiAwcHg7IGZvbnQtc2l6ZTogOHB4OyBsaW5lLWhlaWdodDogbm9ybWFsOyBmb250LWZhbWlseTogR2VvcmdpYTsgLXdlYmtpdC10ZXh0LXN0cm9rZS13aWR0aDogaW5pdGlhbDsgLXdlYmtpdC10ZXh0LXN0cm9rZS1jb2xvcjogcmdiKDAsIDAsIDApO1wiPjxzcGFuIHN0eWxlPVwiZm9udC1rZXJuaW5nOiBub25lXCI+VGhlIEVtcGlyZSBvZiBGb3VuZGVyczwvc3Bhbj48L3A+DQo8cCBzdHlsZT1cIm1hcmdpbi1ib3R0b206IDBweDsgZm9udC1zaXplOiA4cHg7IGxpbmUtaGVpZ2h0OiBub3JtYWw7IGZvbnQtZmFtaWx5OiBHZW9yZ2lhOyAtd2Via2l0LXRleHQtc3Ryb2tlLXdpZHRoOiBpbml0aWFsOyAtd2Via2l0LXRleHQtc3Ryb2tlLWNvbG9yOiByZ2IoMCwgMCwgMCk7XCI+PHNwYW4gc3R5bGU9XCJmb250LWtlcm5pbmc6IG5vbmVcIj5UaGUgc3VpdCBvZiBibGF6aW5nIHNwYWRlcyBwb3J0cmF5cyB0aGUgZm91cnRoIGNsYXNzaWNhbCBlbGVtZW50IG9mIEZpcmUuIEluIHRoZSBBTklNQSBkZWNrIHRoaXMgY2VsZXN0aWFsIGZsYW1lIGlzIHByb3RlY3RlZCBieSBhbiBlbXBpcmUgb2YgdmlnaWxhbnQgYW5kIHRydXN0d29ydGh5IGx5bnggd2hvc2UgY29sbGVjdGl2ZSBlbmVyZ3kgaXMgZW1wbG95ZWQgdG8gY3JlYXRlIGEgYmFsYW5jZSBiZXR3ZWVuIGp1c3RpY2UgYW5kIHBvd2VyLiBUaGlzIGVsZW1lbnQgY2hhbm5lbHMgYSBiZWF1dGlmdWwgY3JlYXRpdmUgZW5lcmd5IHdoZW4gY29udHJvbGxlZCwgYnV0IGlzIHByb25lIHRvIGRlc3RydWN0aW9uIHdoZW4gbGVmdCB1bmNoZWNrZWQuPC9zcGFuPjwvcD4NCjxwIHN0eWxlPVwibWFyZ2luLWJvdHRvbTogMHB4OyBmb250LXNpemU6IDhweDsgbGluZS1oZWlnaHQ6IG5vcm1hbDsgZm9udC1mYW1pbHk6IEdlb3JnaWE7IC13ZWJraXQtdGV4dC1zdHJva2Utd2lkdGg6IGluaXRpYWw7IC13ZWJraXQtdGV4dC1zdHJva2UtY29sb3I6IHJnYigwLCAwLCAwKTtcIj48c3BhbiBzdHlsZT1cImZvbnQta2VybmluZzogbm9uZVwiPkp1c3QgYXMgd2UgaGF2ZSBtb3JlIHRvIHVzIHRoYW4gbWVldHMgdGhlIGV5ZSwgc28gdG9vIGRvZXMgdGhlIEFuaW1hIGRlY2suIFRvIGZ1cnRoZXIgZGVsdmUgaW50byB0aGUgbXlzdGljYWwgbmF0dXJlIG9mIGNhcmRzIEkgbmFtZWQgdGhlbSBhZnRlciB0aGUgSnVuZ2lhbiBhcmNoZXR5cGUsIEFuaW1hLiBBcyB5b3UgZXhpc3QgaW4geW91ciByZWFsaXR5LCB0aGUgb3Bwb3NpdGUgb2YgeW91IGNvLWV4aXN0IGluIHlvdSBzdWJjb25zY2lvdXMgbWluZC4gVGhpcyBpcyB5b3VyIEFuaW1hLiBUaGlzIGV4cGxhaW5zIHdoeSBpbiBzb2xpdHVkZSwgd2UgYXJlIG5ldmVyIHJlYWxseSBhbG9uZS4gQWNjb3JkaW5nIHRvIENhcmwgSnVuZyAodGhlIGZvdW5kZXIgb2YgYW5hbHl0aWNhbCBwc3ljaG9sb2d5KSB0aGUgQW5pbWEgaXMgYW4gYXJjaGV0eXBlIHdoaWNoIGVwaXRvbWl6ZXMgb3VyIHRydWVzdCBzZWxmIGFuZCBpcyB0aGUgdWx0aW1hdGUgc291cmNlIG9mIG91ciBjcmVhdGl2aXR5LiBUaGUgYXdhcmVuZXNzIG9mIG91ciBvcHBvc2l0ZSBzZWxmIG1ha2VzIHVzIGEgY29tcGxldGUgaW5kaXZpZHVhbC4gSSBjaG9zZSB0aGUgc2VhaG9yc2UgdG8gc3ltYm9saXplIHRoaXMgYXdhcmVuZXNzIG9mIG91ciBvd24gb3Bwb3NpdGUgcGVyc29uYWxpdHksIGFmdGVyIHRoZSBzZWFob3JzZS1zaGFwZWQgcGFydCBvZiBvdXIgYnJhaW4gY2xhZWVkIHRoZSBIaXBwb2NhbXB1cy4gVGhpcyBwYXJ0IG9mIHRoZSBicmFpbiBjb250cm9scyBzaG9ydC10ZXJtIG1lbW9yeSwgbG9uZy10ZXJtIG1lbW9yeSBhbmQgc3BhdGlhbCBuYXZpZ2F0aW9uLjwvc3Bhbj48L3A+DQo8cCBzdHlsZT1cIm1hcmdpbi1ib3R0b206IDBweDsgZm9udC1zaXplOiA4cHg7IGxpbmUtaGVpZ2h0OiBub3JtYWw7IGZvbnQtZmFtaWx5OiBHZW9yZ2lhOyAtd2Via2l0LXRleHQtc3Ryb2tlLXdpZHRoOiBpbml0aWFsOyAtd2Via2l0LXRleHQtc3Ryb2tlLWNvbG9yOiByZ2IoMCwgMCwgMCk7XCI+PHNwYW4gc3R5bGU9XCJmb250LWtlcm5pbmc6IG5vbmVcIj5CeSBpbmR1bGdpbmcgaW1hZ2luYXRpb24sIHdpbm5pbmcgdGhlIGdyYWNlLCBsb3Npbmcgd2l0aCBkaWduaXR5LCBhbmQgYXBwcmVjaWF0aW5nIHRoZSBoaWdocyBhbmQgbG93cyB0aGF0IGNvbWUgd2l0aCBlYWNoLCBteSBob3BlIGlzIGZvciBhbnlvbmUgd2hvIHdpZWxkcyB0aGVzZSBzcGVjaWFsIGNhcmRzIHRvIGVuam95IHRoZSB1bmZvbGRpbmcgcHJvY2VzcyBvZiBmaW5kaW5nIEFuaW1hLjwvc3Bhbj48L3A+', 'Melissa Sunjaya & Sbastien Thraulaz', 'stories_10_20171228014445am.jpeg', 'aryaputra@tulisan.com', '2017-12-17 22:19:58', 'admin@tulisan.com', '2017-12-28 01:44:45'),
(11, 'The Sound of Dawn', '', '', 'Melissa Sunjaya', '', '', '2017-12-17 23:15:45', 'aryaputra@tulisan.com', '2017-12-18 09:27:52'),
(12, 'Les Papillons de Victor', '', 'PGJyPg==', 'Melissa Sunjaya & Virginie Kasse', '', '', '2017-12-17 23:17:40', NULL, NULL),
(13, 'Rubaiyat of Amma Supahilo', '', 'PHAgc3R5bGU9XCJtYXJnaW4tYm90dG9tOiAxMnB4OyBwYWRkaW5nOiAwcHg7IGJvcmRlcjogMHB4OyBmb250LWZhbWlseTogR2VvcmdpYSwgVGltZXMsIFwnVGltZXMgTmV3IFJvbWFuXCcsIHNlcmlmOyBmb250LXNpemU6IDEzcHg7IGxpbmUtaGVpZ2h0OiAyMHB4OyB2ZXJ0aWNhbC1hbGlnbjogYmFzZWxpbmU7IGNvbG9yOiByZ2IoNzAsIDcwLCA3MCk7XCI+T24gYSBjb2xkIHJhaW55IG5pZ2h0LCBJIGZlbGwgYXNsZWVwIGFuZCBpbiBteSBkcmVhbXMgbWV0IGEgZ2lybCB3aG8gdG9sZCBtZSBhYm91dCBoZXIgbGlmZS4gV2UgYmVjYW1lIHZlcnkgY2xvc2UsIGFuZCBzaGUgdGF1Z2h0IG1lIGEgc3BlY2lhbCBhbHBoYWJldCBzdWNoIHRoYXQgd2UgY291bGQgY29tbXVuaWNhdGUgd2l0aCBlYWNoIG90aGVyIGluIGNvZGUuIEJlZm9yZSB3ZSBwYXJ0ZWQsIHNoZSB3cm90ZSBtZSBhIHNob3J0IHBvZW0uIFRoZSBzdHJ1Y3R1cmUgd2FzIHNpbWlsYXIgdG8gYSBydWJh4oCZaXlhdCwgYSBQZXJzaWFuIHF1YXRyYWluIGNvbnNpc3Rpbmcgb2YgZm91ciBsaW5lcyBhbmQgcmh5bWluZyB3aXRoJm5ic3A7QUFCQS4gRWFjaCBsaW5lIHdhcyB3cml0dGVuIGluIGlhbWJpYyBwZW50YW1ldGVyLCB3aXRoIGRvdWJsZSBtZWFuaW5nLCBhbmQgZHVhbCBwZXJzcGVjdGl2ZXMuPC9wPjxwIHN0eWxlPVwibWFyZ2luLWJvdHRvbTogMTJweDsgcGFkZGluZzogMHB4OyBib3JkZXI6IDBweDsgZm9udC1mYW1pbHk6IEdlb3JnaWEsIFRpbWVzLCBcJ1RpbWVzIE5ldyBSb21hblwnLCBzZXJpZjsgZm9udC1zaXplOiAxM3B4OyBsaW5lLWhlaWdodDogMjBweDsgdmVydGljYWwtYWxpZ246IGJhc2VsaW5lOyBjb2xvcjogcmdiKDcwLCA3MCwgNzApO1wiPlNoZSB0b2xkIG1lIHRoYXQgaWYgSSBjb3VsZCBmaWd1cmUgaXQgb3V0LCBJIHdvdWxkIGdldCByaWQgb2YgYWxsIG15IG5pZ2h0bWFyZXMgYW5kIG15IGhlYXJ0IHdvdWxkIHN0b3Agc2xlZXBpbmcuIEluIHJldHVybiwgSSBnYXZlIGhlciBzaXggb2YgbXkgcGVuIGFuZCBpbmsgZHJhd2luZ3MgYmFzZWQgb24gaGVyIHJ1YmHigJlpeWF0IGFzIGEgc3ltYm9sIG9mIG91ciBldGVybmFsIGZyaWVuZHNoaXAuIE15IGRyYXdpbmdzIHdlcmUgYWxsIGluIHNvbGlkIGpldCBibGFjay4gU2hlIHNtaWxlZCB3aGlsZSZuYnNwO3N0YXJpbmcmbmJzcDthdCBteSBvcmlnaW5hbCBza2V0Y2hlcywgYW5kIHRoZW4gc2hlIHdoaXNwZXJlZCB0aGF0IHdlIHNob3VsZCB0cnkgdG8gc2xvdyBkb3duIG91ciB0aG91Z2h0cyBhbmQgdG8gYnJlYXRoZSBldmVyeSBzeWxsYWJsZSBvZiB0aGUgcG9ldHJ5LiDigJxMaXN0ZW4gd2VsbCHigJ0gc2hlIHNhaWQsIOKAnEV2ZXJ5IHNvdW5kIHByb2R1Y2VzIHR3byB0b25lcywgYXMgZXZlcnkgc2xpY2Ugb2YgbGlmZSBhbHdheXMgcHJlc2VudHMgaXRzZWxmIGluIGRpZmZlcmVudCBjb2xvcnPigKbigJ08L3A+PHAgc3R5bGU9XCJtYXJnaW4tYm90dG9tOiAxMnB4OyBwYWRkaW5nOiAwcHg7IGJvcmRlcjogMHB4OyBmb250LWZhbWlseTogR2VvcmdpYSwgVGltZXMsIFwnVGltZXMgTmV3IFJvbWFuXCcsIHNlcmlmOyBmb250LXNpemU6IDEzcHg7IGxpbmUtaGVpZ2h0OiAyMHB4OyB2ZXJ0aWNhbC1hbGlnbjogYmFzZWxpbmU7IGNvbG9yOiByZ2IoNzAsIDcwLCA3MCk7XCI+VGhlbiBJIHdhdGNoZWQgdGhlIHdpbmQgdGFrZSBhd2F5IG15IG5ldyBmcmllbmQgYmVmb3JlIG15IGV5ZXMuIFNoZSB3YXMgYSBmcmVlIHNwaXJpdCB3aG8gc2VydmVkIG5vIG1hc3Rlci4gSGVyIG9yaWdpbmFsIGNoYXJhY3RlciB3YXMgYSBiYWxhbmNlZCBtaXh0dXJlIG9mIGtpbmRuZXNzIGFuZCBtYWxpY2UsIHRoZSBwYXN0IGFuZCB0aGUgbmV3LCBsaWdodCBhbmQgZGFyay4gSGVyIG5hbWUgd2FzJm5ic3A7QW1tYSwgdGhlIGxhc3Qgc3Vydml2b3IgZnJvbSB0aGUgZmFtaWx5IG9mJm5ic3A7U3VwYWhpbG8uJm5ic3A7QW1tYSZuYnNwO2xpdmVkIGluc2lkZSBhIHRlYXBvdCB0aGF0IGNhcnJpZWQgdGhlIHN3ZWV0IHNjZW50IG9mJm5ic3A7bGVtb25ncmFzcy4gQSBsb3lhbCBnYXJkZW4gb2dyZSBndWFyZGVkIGhlciBoYWJpdGF0IGFtb25nc3QgYSBidW5kbGUgb2YgZ2lnYW50aWMgZWRlbHdlaXNzIGZsb3dlcnMuIEFzaWRlIGZyb20gaGVyIG9ncmUgd2hvIGtlcHQgaGVyIHNhZmUsIHNoZSBudXJ0dXJlZCB0aHJlZSBvdGhlciBnaWFudCBwZXRzLiBHdXN0YXYgd2FzIHRoZSBlbGVwaGFudCB3aXRoIHdob20gc2hlIHRyYXZlbGVkIHRvIG1hbnkgcGxhY2VzLiBUYXRpYW5hIHdhcyBoZXIgd2lzZSB0b3J0b2lzZSB3aG8gZ2F2ZSBoZXIgZ3VpZGFuY2UuJm5ic3A7PC9wPjxwIHN0eWxlPVwibWFyZ2luLWJvdHRvbTogMTJweDsgcGFkZGluZzogMHB4OyBib3JkZXI6IDBweDsgZm9udC1mYW1pbHk6IEdlb3JnaWEsIFRpbWVzLCBcJ1RpbWVzIE5ldyBSb21hblwnLCBzZXJpZjsgZm9udC1zaXplOiAxM3B4OyBsaW5lLWhlaWdodDogMjBweDsgdmVydGljYWwtYWxpZ246IGJhc2VsaW5lOyBjb2xvcjogcmdiKDcwLCA3MCwgNzApO1wiPkZpbmFsbHksIFNvcGhpYSB3YXMgdGhlIGh1bW1pbmdiaXJkIHdobyBwcm92aWRlZCBjb25zb2xhdGlvbiBhbmQgaW5zcGlyYXRpb24uIEFtbWEgbGl2ZWQgaW4gYSB3b3JsZCBzbyBmYXIgZnJvbSBtZS4gVGhyb3VnaCBoZXIgZWNjZW50cmljaXR5LCBzaGUgYmVjYW1lIG15IHVyYmFuIGhlcm8uPC9wPg==', 'Melissa Sunjaya', 'stories_13_20171228014130am.jpeg', '', '2017-12-17 23:18:12', 'admin@tulisan.com', '2017-12-28 01:41:30'),
(14, 'Hotel Batavia', '', 'PGJyPg==', 'Melissa Sunjaya & Rassi Narika', '', '', '2017-12-17 23:19:17', NULL, NULL),
(15, 'Love Letters of Roro Mendut', '', 'PGJyPg==', 'Melissa Sunjaya', '', '', '2017-12-17 23:19:53', NULL, NULL),
(16, 'The Secret Garden of Admiral Kasarung', '', 'PHAgc3R5bGU9XCJtYXJnaW4tYm90dG9tOiAwcHg7IGZvbnQtc2l6ZTogOHB4OyBsaW5lLWhlaWdodDogbm9ybWFsOyBmb250LWZhbWlseTogR2VvcmdpYTsgLXdlYmtpdC10ZXh0LXN0cm9rZS13aWR0aDogaW5pdGlhbDsgLXdlYmtpdC10ZXh0LXN0cm9rZS1jb2xvcjogcmdiKDAsIDAsIDApO1wiPjxzcGFuIHN0eWxlPVwiZm9udC1rZXJuaW5nOiBub25lXCI+SW4gYSB0aW1lIGxvbmcgYWdvLCZuYnNwO2RlZXAgaW4gdGhlIGZvcmVzdCBvZiBKYXZhIHRoZXJlIGxpdmVkIGFuIGVuY2hhbnRlZCBhZG1pcmFsIGJ5IHRoZSBuYW1lIG9mJm5ic3A7S2FzYXJ1bmcuJm5ic3A7S2FzYXJ1bmcmbmJzcDt3YXMgaGFsZi1tYW4sIGhhbGYtYXBlIGJ1dCBoZSB3YXMgbm8gYmVhc3QuIEhpcyBnb2RkZXNzIG1vdGhlciBoYWQgY2FzdCBhIHNwZWxsIG9uIGhpbSB3aGljaCBtYWRlIGhpbSBsb3NlIGhpcyBoYW5kc29tZSBmZWF0dXJlcy4gSXQgd2FzIGFuIGFjdCB0aGV5IGhhZCBhZ3JlZWQgdXBvbiBzdWNoIHRoYXQmbmJzcDtLYXNhcnVuZyZuYnNwO2NvdWxkIGZpbmQgYSBsYXN0aW5nIGFuZCB0cnVlIGxvdmUuIEhhdmluZyBlbWJyYWNlZCBhIGZhY2FkZSB0aGF0IHdvdWxkIGRldGVyIGRpc2luZ2VudW91cyBzdWl0b3JzIGhlIHRoZW4gZmxlZCBmcm9tIGhlYXZlbiBhbmQgYnVpbHQgaGltc2VsZiBhIHNhbmN0dWFyeSBpbiB0aGUganVuZ2xlIHRvIHNldCBhYm91dCBmaW5kaW5nIGEmbmJzcDtzb3VsbWF0ZS48L3NwYW4+PC9wPg0KPHAgc3R5bGU9XCJtYXJnaW4tYm90dG9tOiAwcHg7IGZvbnQtc2l6ZTogOHB4OyBsaW5lLWhlaWdodDogbm9ybWFsOyBmb250LWZhbWlseTogR2VvcmdpYTsgLXdlYmtpdC10ZXh0LXN0cm9rZS13aWR0aDogaW5pdGlhbDsgLXdlYmtpdC10ZXh0LXN0cm9rZS1jb2xvcjogcmdiKDAsIDAsIDApO1wiPjxzcGFuIHN0eWxlPVwiZm9udC1rZXJuaW5nOiBub25lXCI+S2FzYXJ1bmcmbmJzcDtxdWlja2x5IGNhbWUgdG8ga25vdyB0aGUgZm9yZXN0IGJ5IGhlYXJ0LiBBcGVzIHdlcmUgbm90IGEgY29tbW9uIHNpZ2h0IGluIHRoZSBkZW5zZSBmb3Jlc3QsIGJ1dCZuYnNwO0thc2FydW5n4oCZcyB3aXNkb20gYW5kIHNvcGhpc3RpY2F0ZWQgc3R5bGUgaGFkIGVhcm5lZCBoaW0gdGhlIHJlc3BlY3QgYW5kIGZyaWVuZHNoaXAgb2YgbWFueSBvZiB0aGUgZm9yZXN04oCZcyBhbmltYWwgcmVzaWRlbnRzLiBNb3Jlb3ZlciwgdGhlIGZvcmVzdCB3YXMgYSBteXN0ZXJpb3VzIHBsYWNlLiBUaGUgdHJlZXMgd2hpc3BlcmVkIGVuY2hhbnRpbmcgdGFsZXMgb2YgbXlzdGljYWwgZXZlbnRzLiBUaGUgcml2ZXIsIGNhcnJ5aW5nIHRoZSByb2FyIG9mIHRoZSBzZWEsIHNwb2tlIG9mIHRpbWVzIHdoZW4gbWFnaWMgdW5mb2xkZWQgb24gaXRzIG1pc3R5IGJhbmtzLiBFdmVyeW9uZSBzZWVtZWQgdG8gYWdyZWUgdGhhdCB0aGlzIGN1cmlvdXMgYmVpbmcgd2FzIGRlc3RpbmVkIHRvIHNldCBpbiBtb3Rpb24geWV0IGFub3RoZXIgbnVtaW5vdXMgaGFwcGVuaW5nLjwvc3Bhbj48L3A+DQo8cCBzdHlsZT1cIm1hcmdpbi1ib3R0b206IDBweDsgZm9udC1zaXplOiA4cHg7IGxpbmUtaGVpZ2h0OiBub3JtYWw7IGZvbnQtZmFtaWx5OiBHZW9yZ2lhOyAtd2Via2l0LXRleHQtc3Ryb2tlLXdpZHRoOiBpbml0aWFsOyAtd2Via2l0LXRleHQtc3Ryb2tlLWNvbG9yOiByZ2IoMCwgMCwgMCk7XCI+PHNwYW4gc3R5bGU9XCJmb250LWtlcm5pbmc6IG5vbmVcIj7igJxUaGUgQWRtaXJhbCBpcyBoZXJlIeKAnSB0aGUgbGl0dGxlIGJvYXJzIGNoZWVyZWQgd2hlbmV2ZXIgS2FzYXJ1bmcgcGFzc2VkIGJ5LiBJbiBoaXMgdW5pZm9ybSBhbmQgd2l0aCBhIGNpZ2FyIGluIGhpcyBoYW5kLCBoZSB3b3VsZCBjcm9zcyB0aGUgcml2ZXIgdG8gY2hhdCB3aXRoIHRoZSBjcm9jb2RpbGVzLiDigJxUaGUgd2VhdGhlciBoYXMgYmVlbiByYXRoZXIgaHVtaWQgbGF0ZWx5LOKAnSBoZSB3b3VsZCBzYXkgd2l0aCBkZWJvbmFpciBjaGFybS4gU29tZXRpbWVzLCB3aGVuIHJlbGF4aW5nIGF0b3AgdGhlIGZvcmVzdCBjYW5vcHksIGhlIHdvdWxkIHdoaXN0bGUgdG8gdGhlIGJpcmRzIGFuZCBhcHBsYXVkIHRoZW0gZm9yIHRoZWlyIG9yY2hlc3RyYXRlZCB0d2VldHMuIFRob3VnaCBoZSBsb3ZlZCB0byBmcm9saWMgYW5kIHNvY2lhbGl6ZSB3aXRoIGhpcyB3b29kbGFuZCBmcmllbmRzLCBoZSBhbHdheXMgcmVtYWluZWQgbWluZGZ1bCBvZiBoaXMgcmVhbCBwdXJwb3NlIGZvciByZXNpZGluZyBpbiB0aGUgZm9yZXN0OiB0byBkaXNjb3ZlciBhbmQgZXhwZXJpZW5jZSB0cnVlIGxvdmUuIEhlIHJlY2l0ZWQgcG9lbXMgdG8gdGhlIGxvdmViaXJkcyBzZWVraW5nIGluc2lnaHQgb24gdGhlIG1hdHRlci4gSGUgd2FuZGVyZWQgdGhlIHJvc2UgZ2FyZGVuIGFuZCBhZG1pcmVkIHRoZSBleHF1aXNpdGUgZmxvd2VycyBidXQgc3RpbGwgc29tZWhvdyB0aGUgcGxlYXN1cmUgb2YgYmVob2xkaW5nIHRoZWlyIGJlYXV0eSBmZWx0IHNoYWxsb3cuIEJ5IG5pZ2h0LCBoZSBpbmR1bGdlZCBpbiBjaGVtaWNhbCBleHBlcmltZW50cyBhbmQgYm90YW5pY2FsIHJlc2VhcmNoLiBIaXMgZ29hbCB3YXMgdG8gY3JlYXRlIGEgc2VjcmV0IGdhcmRlbiwgb3ZlcmZsb3dpbmcgd2l0aCBlbm9ybW91cyBmbG93ZXJzIGFuZCBlY2NlbnRyaWMgdmluZXMsIHRvIHNoYXJlIHdpdGggdGhlIHdvbWFuIGluIGhpcyBsaWZlLjwvc3Bhbj48L3A+DQo8cCBzdHlsZT1cIm1hcmdpbi1ib3R0b206IDBweDsgZm9udC1zaXplOiA4cHg7IGxpbmUtaGVpZ2h0OiBub3JtYWw7IGZvbnQtZmFtaWx5OiBHZW9yZ2lhOyAtd2Via2l0LXRleHQtc3Ryb2tlLXdpZHRoOiBpbml0aWFsOyAtd2Via2l0LXRleHQtc3Ryb2tlLWNvbG9yOiByZ2IoMCwgMCwgMCk7XCI+PHNwYW4gc3R5bGU9XCJmb250LWtlcm5pbmc6IG5vbmVcIj5PbmUgYWZ0ZXJub29uIGR1cmluZyBhIG1vdW50YWluIHN0cm9sbCB0byBhIG5lYXJieSBsYWtlLCBoZSBzcG90dGVkIGEgY290dGFnZSBoaWRkZW4gd2l0aGluIGEgcG9vbCBvZiBsb3R1c2VzLiBBcyBoZSB3YWxrZWQgYWxvbmcgdGhlIHdhdGVy4oCZcyBlZGdlLCBzb21ldGhpbmcgY2F1Z2h0IGhpcyBleWUuIFRoZXJlLCBpbiB0aGUgbWlsaWV1IG9mIHBpbmsgZmxvd2Vycywgd2FzIGEgbWFqZXN0aWMgYmVhdXR5IHRoYXQgaGUgY291bGQgbm90IHJlc2lzdC4gQXMgaGlzIGV5ZXMgZm9jdXNlZCwgaGUgd2FzIGluc3RhbnRseSBsb3ZlLXN0cnVjayBieSBhIHlvdW5nIGxhZHkgd2l0aCBsb25nIGJsYWNrIHNpbGt5IGhhaXIgYW5kIGRhcmsgc2tpbi4gVGhyaWxsZWQgYnkgaGlzIGRpc2NvdmVyeSBidXQgdW5zdXJlIG9mIGhvdyB0byBwcm9jZWVkLCBLYXNhcnVuZyByZXR1cm5lZCBob21lIHRvIHNlZWsgb3V0IHRoZSBhZHZpY2Ugb2YgaGlzIGZyaWVuZHMuPC9zcGFuPjwvcD4NCjxwIHN0eWxlPVwibWFyZ2luLWJvdHRvbTogMHB4OyBmb250LXNpemU6IDhweDsgbGluZS1oZWlnaHQ6IG5vcm1hbDsgZm9udC1mYW1pbHk6IEdlb3JnaWE7IC13ZWJraXQtdGV4dC1zdHJva2Utd2lkdGg6IGluaXRpYWw7IC13ZWJraXQtdGV4dC1zdHJva2UtY29sb3I6IHJnYigwLCAwLCAwKTtcIj48c3BhbiBzdHlsZT1cImZvbnQta2VybmluZzogbm9uZVwiPuKAnEhlciBuYW1lIGlzIFB1cmJhc2FyaSzigJ0gcmV2ZWFsZWQgdGhlIGdlZXNlIHdoZW4gdGhlIGRhc2hpbmcgQWRtaXJhbCBLYXNhcnVuZyB0b2xkIHRoZW0gb2YgaGlzIGVuY291bnRlci4g4oCcU2hlIGZlZWRzIHVzIGNydW1icyBvZiBicmVhZCwgYnV0IGlzJm5ic3A7YWx3YXlzJm5ic3A7aW5uYXRlbHkgc2h5IHRvd2FyZCBzdHJhbmdlcnMu4oCdIFdpdGggdGhlIGhlbHAgb2YgaGlzIGRvY2lsZSBjb21yYWRlcywgdGhlIEFkbWlyYWwgZGV2aXNlZCBhIHBsYW4gdG8gbWVldCB0aGUgbGFkeSBhbmQgd2luIGhlciBoZWFydC4mbmJzcDsmbmJzcDs8L3NwYW4+PC9wPg0KPHAgc3R5bGU9XCJtYXJnaW4tYm90dG9tOiAwcHg7IGZvbnQtc2l6ZTogOHB4OyBsaW5lLWhlaWdodDogbm9ybWFsOyBmb250LWZhbWlseTogR2VvcmdpYTsgLXdlYmtpdC10ZXh0LXN0cm9rZS13aWR0aDogaW5pdGlhbDsgLXdlYmtpdC10ZXh0LXN0cm9rZS1jb2xvcjogcmdiKDAsIDAsIDApO1wiPjxzcGFuIHN0eWxlPVwiZm9udC1rZXJuaW5nOiBub25lXCI+VGhhdCBuZXh0IG1vcm5pbmcsIEthc2FydW5nIGp1bXBlZCBpbiB0aGUgbGFrZSBhbmQgcHJldGVuZGVkIHRvIGJlIGRyb3duaW5nIGFzIGhlIGFwcHJvYWNoZWQgTGFkeSBQdXJiYXNhcmnigJlzIGNvdHRhZ2UuIEFzIHNoZSBwdWxsZWQgaGltIG91dCBvZiB0aGUgd2F0ZXIsIGhlIHdhcyBwcm9mb3VuZGx5IHRha2VuIGFiYWNrIGJ5IGhlciB0ZW5kZXIga2luZG5lc3MuJm5ic3A7SGVyIHNraW4gd2FzIGNvYXJzZSBidXQgYSBzZWR1Y3RpdmUgZ3JhY2UgZmlsbGVkIGhlciBwcmVzZW5jZS4gQXMgc2hlIGNvbWZvcnRlZCBoZXIgcmVzY3VlZCBwcmluY2UsIFB1cmJhc2FyaSByZWFsaXplZCB0aGF0IHNoZSBzaGFyZWQgd2l0aCBLYXNhcnVuZyB0aGUgdW55aWVsZGluZyB3aXNoIHRvIHNwZW5kIGEgbGlmZXRpbWUgd2l0aCBzb21lb25lIHVuY29uY2VybmVkIHdpdGggZmFjYWRlcy48L3NwYW4+PC9wPg0KPHAgc3R5bGU9XCJtYXJnaW4tYm90dG9tOiAwcHg7IGZvbnQtc2l6ZTogOHB4OyBsaW5lLWhlaWdodDogbm9ybWFsOyBmb250LWZhbWlseTogR2VvcmdpYTsgLXdlYmtpdC10ZXh0LXN0cm9rZS13aWR0aDogaW5pdGlhbDsgLXdlYmtpdC10ZXh0LXN0cm9rZS1jb2xvcjogcmdiKDAsIDAsIDApO1wiPjxzcGFuIHN0eWxlPVwiZm9udC1rZXJuaW5nOiBub25lXCI+VGhlIGhhcHB5IGludHJvZHVjdGlvbiB3YXMgZm9sbG93ZWQgYnkgY291bnRsZXNzIGhvdXJzIG9mIGNvbnZlcnNhdGlvbiBhbmQgYW4gaW52aXRhdGlvbiBmcm9tIEthc2FydW5nIHRvIGV4cGxvcmUgdGhlIGZvcmVzdC4gQSB0aHJpbGxpbmcgaWRlYSBpbmRlZWQhIEZvciB5ZWFycywgUHVyYmFzYXJpIGhhZCB3YW50ZWQgdG8gZXhwbG9yZSB0aGUganVuZ2xlIGJ1dCBoZXIgc2h5bmVzcyBoYWQga2VwdCBoZXIgZnJvbSB2ZW50dXJpbmcgdG9vIGZhciBmcm9tIGhlciBiZWxvdmVkIGhvbWUuIEZyb20gdGhlbiBvbiwgQWRtaXJhbCBLYXNhcnVuZyBhbmQgTGFkeSBQdXJiYXNhcmkgd2VyZSBpbnNlcGFyYWJsZS4gSGUgaW50cm9kdWNlZCBoZXIgdG8gdGhlIGNyZWF0dXJlcyBvZiB0aGUgZm9yZXN0IGFuZCBzaGUgdGF1Z2h0IGhpbSB0aGUgTGF0aW4gbmFtZSBvZiBlYWNoIHBsYW50IHRoZXkgZW5jb3VudGVyZWQuIFNoZSB3YXMgZmFzY2luYXRlZCBieSB0aGUgd2F5IGhlIGNvbGxlY3RlZCBzcGVjaW1lbnMgb2YgdGhlIENlbG9zaWEgY3Jpc3RhdGEgYW5kIEFtYW5pdGEgbXVzY2FyaWEgaW4gdGhlIHdvb2RzLiDigJxXaHkgYXJlIHlvdSBzbyBjb25jZXJuZWQgd2l0aCBnYXRoZXJpbmcgdGhvc2UgcGxhbnRzIG1ldGljdWxvdXNseT/igJ0gUHVyYmFzYXJpIHdvdWxkIG9mdGVuIGFzay4gS2FzYXJ1bmcgc2ltcGx5IHNtaWxlZCBhbmQga2lzc2VkIGhpcyBMYWR54oCZcyBoYW5kLiBQdXJiYXNhcmkgZGlkIG5vdCBtaW5kIGhpcyB2YWd1ZSByZXNwb25zZSBmb3Igc2hlIGhhZCBvbmNlIGhlYXJkIHRoYXQgdGhlIGJlc3QgY29tcGFuaW9uIGFjY2VwdGVkIHRoYXQgc29tZSB0aGluZ3MgYXJlIGJlc3QgbGVmdCB0byB0aGUgaW1hZ2luYXRpb24uJm5ic3A7PC9zcGFuPjwvcD4NCjxwIHN0eWxlPVwibWFyZ2luLWJvdHRvbTogMHB4OyBmb250LXNpemU6IDhweDsgbGluZS1oZWlnaHQ6IG5vcm1hbDsgZm9udC1mYW1pbHk6IEdlb3JnaWE7IC13ZWJraXQtdGV4dC1zdHJva2Utd2lkdGg6IGluaXRpYWw7IC13ZWJraXQtdGV4dC1zdHJva2UtY29sb3I6IHJnYigwLCAwLCAwKTtcIj48c3BhbiBzdHlsZT1cImZvbnQta2VybmluZzogbm9uZVwiPlR3byB5ZWFycyBhZnRlciB0aGVpciBmaXJzdCBlbmNvdW50ZXIsIGFuZCBvbiB0aGUgc2Vjb25kIGRheSBvZiB0aGUgc2Vjb25kIG1vbnRoIG9mIHRoYXQgeWVhciwgQWRtaXJhbCBLYXNhcnVuZyB0aHJldyBhbiBpbnRpbWF0ZSByZW5kZXp2b3VzLiBQdXJiYXNhcmkgYXJyaXZlZCBlbGVnYW50bHkgZHJlc3NlZCB3aXRoIGhlciBkYXJrIGhhaXIgZmxvd2luZyB0byBoZXIgd2Fpc3QuJm5ic3A7S2FzYXJ1bmfigJlzIGhlYXJ0IHdhcyBwb3VuZGluZywgYXMgaGUgbGVkIFB1cmJhc2FyaSB0byB0aGUgc2VjcmV0IGdhcmRlbiBoZSBoYWQgY2FyZWZ1bGx5IG51cnR1cmVkLiBUaGVyZSBzaGUgc2F3IHRoZSBnaWFudCBDZWxvc2lhIGNyaXN0YXRhIHdpdGggaXRzIGNvbG9ycyBzbyBiZWF1dGlmdWwgaXQgYnJpZ2h0ZW5lZCB0aGUgbmlnaHQuJm5ic3A7UGxhY2VkIGJlc2lkZSB0aGUgc3R1bm5pbmcgZmxvd2VyIHdhcyBhIHBvdHRlZCBidXNoIHRoYXQgaGFkIGJlZW4gcGFpbnN0YWtpbmdseSBjdWx0aXZhdGVkIHRvIGZvcm0gdGhlIG51bWJlciDigJwy4oCdLiBJdCB3YXMgYSBuaWdodCBsaWtlIG5vIG90aGVyLiBUaGUgQWRtaXJhbCBzaW1wbHkgd2hpc3BlcmVkLCZuYnNwO+KAnEFsbCBvZiB0aGVzZSB3aWxkIGJlYXV0aWVzIHRoYXQgYXJlIG1pbmUgbm93IGJlbG9uZyB0byB5b3UgbXkgbGFkeSwgZm9yIHlvdSBoYXZlIGdpdmVuIG1lIHBlYWNlIGluIGtub3dpbmcgdGhhdCB5b3UgZXhpc3QgaW4gbXkgd29ybGQuLi7igJ08L3NwYW4+PC9wPg==', 'Melissa Sunjaya & Rassi Narika', 'stories_16_20171228013159am.jpeg', '', '2017-12-17 23:20:17', 'admin@tulisan.com', '2017-12-28 01:31:59');
INSERT INTO `cms_story` (`idData`, `title`, `subtitle`, `description`, `author`, `picture`, `createdBy`, `createdDate`, `changedBy`, `changedDate`) VALUES
(17, 'Bio Fantasy', 'A Tribute To Chairil Anwar', 'DQoNCg0KDQoNCjxzdHlsZSB0eXBlPVxcXFxcXFxcXFxcXFxcXCJcXFxcXFxcXFxcXFxcXFxcJnF1b3Q7dGV4dC9jc3NcXFxcXFxcXFxcXFxcXFxcJnF1b3Q7XFxcXFxcXFxcXFxcXFxcIj4NCnAucDEge21hcmdpbjogMC4wcHggMC4wcHggMC4wcHggMC4wcHg7IGZvbnQ6IDguMHB4IEdlb3JnaWE7IGNvbG9yOiAjMDAwMDAwOyAtd2Via2l0LXRleHQtc3Ryb2tlOiAjMDAwMDAwfQ0KcC5wMiB7bWFyZ2luOiAwLjBweCAwLjBweCAwLjBweCAwLjBweDsgZm9udDogOC4wcHggR2VvcmdpYTsgY29sb3I6ICMwMDAwMDA7IC13ZWJraXQtdGV4dC1zdHJva2U6ICMwMDAwMDA7IG1pbi1oZWlnaHQ6IDkuMHB4fQ0Kc3Bhbi5zMSB7Zm9udC1rZXJuaW5nOiBub25lfQ0KPC9zdHlsZT4NCg0KDQo8cCBjbGFzcz1cXFxcXFxcXFxcXFxcXFwiXFxcXFxcXFxcXFxcXFxcXCZxdW90O3AxXFxcXFxcXFxcXFxcXFxcXCZxdW90O1xcXFxcXFxcXFxcXFxcXCI+PHNwYW4gY2xhc3M9XFxcXFxcXFxcXFxcXFxcIlxcXFxcXFxcXFxcXFxcXFwmcXVvdDtzMVxcXFxcXFxcXFxcXFxcXFwmcXVvdDtcXFxcXFxcXFxcXFxcXFwiPkxpa2UgYSBibGF6aW5nIGNvcm9uZXQgYXRvcCBoZXIgcGFsZSBmYWNlLCB0aGUgZmlsYW1lbnRzIG9mIGhlciBhdWJ1cm4gaGFpciBkYW5jZSBncmFjZWZ1bGx5IHRvIHRoZSBkb3dudGVtcG8gbGVnYXRvIG9mIHRoZSBjdXJyZW50LiBXaXRoIGJvdGggZXllcyBjbG9zZWQsIGhlciBtaW5kIGlzIGFjdGl2ZSwgeWV0IHNlcmVuZWx5IHVuZGlzdHVyYmVkIGJ5IHRoZSBmdW5jdGlvbiBvZiB0aW1lLiBTaGUgaGFzIGJlZW4gaW4gYSBkZWVwIHNsZWVwIGluc2lkZSBhIGxhYm9yYXRvcnkgZmxhc2sgZm9yIG5lYXJseSB0aHJlZSBodW5kcmVkIGFuZCBlaWdodHktZWlnaHQgdGhvdXNhbmQgbWludXRlcy4gSGVyIHN1cnJvdW5kaW5nIGJpb3NwaGVyZSBpcyBhbiBlbGFzdGljIG1lZGl1bSwgY29uY29jdGVkIG9mIGEgbHVjaWQsIGdlbC1saWtlIHN1YnN0YW5jZSB3aXRoIGEgdGV4dHVyZSBkZXBpY3RpbmcgdGhlIHNsb3ctbW90aW9uZWQgZ3VzdCBvZiBpbnRlcmxhY2luZyB3YXZlcy4gSGVyIGNvbnRvcnRlZCBzcGluZSBjb21wZWxzIGhlciB0aW55IGZpZ3VyZSB0byByZXNlbWJsZSBhIG5lc3RpbmcgY29jb29uIHN3YXlpbmcgcGVhY2VmdWxseSBpbnNpZGUgYSBmaWxteSBnbG9idWxlLCB3aGljaCBpbiBhY2NvcmRhbmNlIHdpdGggaGVyIHB1bHNlLCBjb250aW51b3VzbHkgbW9ycGhzIGZyb20gb25lIG9yZ2FuaWMgc2hhcGUgdG8gdGhlIG5leHQuPC9zcGFuPjwvcD4NCjxwIGNsYXNzPVxcXFxcXFxcXFxcXFxcXCJcXFxcXFxcXFxcXFxcXFxcJnF1b3Q7cDJcXFxcXFxcXFxcXFxcXFxcJnF1b3Q7XFxcXFxcXFxcXFxcXFxcIj5UaGUgZGVuc2l0eSBvZiB0aGUgYWlyIHByb3ZpZGVkIGJhbGFuY2UgYW5kIHByb3RlY3Rpb24sIHVudGlsIGEgc3VkZGVuIGd1c2ggb2YgYnViYmxlcyBzdHJ1Y2sgaGVyIGZhY2UgYW5kIGhlciBkYXJrIGFsbW9uZCBleWVzIG9wZW5lZC4gSW4gdGhhdCBtb21lbnQgaGVyIHZpc2NvdXMgdW5pdmVyc2UgYmVnYW4gdG8gcXVpdmVyIGFuZCBidXJzdCBpbnRvIG1pbGxpb25zIG9mIGVmZmVydmVzY2VudCBwYXJ0aWNsZXMsIHRyYW5zZm9ybWluZyB0aGUgZW52ZWxvcGluZyBsaW1waWQgZmlsbSBpbnRvIGEgZm9saWFjZW91cyBkcmVzcyB3aGljaCBibG9zc29tZWQgbGlrZSBhIGdlbGF0aW5vdXMgdW1icmVsbGEgYXMgc2hlIHR3aXJsZWQgaGVyIGJvZHkuIFRoaXMgb3BhbGVzY2VudCBiZWluZyB1bmZ1cmxlZCBoZXIgc2xlbmRlciB0b3Jzbywgc3RyZXRjaGluZyBoZXIgbmFzY2VudCBsaW1icyB0byBncmFzcCBvbmUgb2YgdGhlIGVuY2lyY2xpbmcgZHJvcGxldHMuIFRoZXJlIGFyZSBvdGhlciBsaXZpbmcgY3JlYXR1cmVzIGluc2lkZSB0aG9zZSBkcm9wbGV0cy4gU29tZSBhcmUgc3RpbGwgaW5jdWJhdGluZyBpbiB0aGVpciB0aW55IHNwaGVyZXMuIFRoZSBzY2VuZSBpcyB1dHRlcmx5IG1hamVzdGljIGFuZCBzcGVjdHJhbC1jb2xvcmVkIHdpdGggYSBtaXh0dXJlIG9mIGR1c3R5IHJvc2UgcG93ZGVyLCBjcmVhbXkgc3VsZnVyaWMgbWlzdHMgYW5kIGJyaWdodCBjZXJ1bGVhbiBiZWFtcyBvZiBsaWdodC4gU2hlIGlzIGEgbWljcm9zY29waWMgY2VsbCwgZ2VuZXRpY2FsbHkgZW5naW5lZXJlZCB0byByZXZpdmUgZW1vdGlvbnMgYW5kIHJlc3RvcmUgdml0YWxpdHkgdG8gZGVhZCBtYXR0ZXIuIFRvZGF5LCBoYXZpbmcgcmVhY2hlZCBmdWxsIG1hdHVyYXRpb24sIHNoZSBlbWVyZ2VzIGZyb20gaGVyIGNvY29vbi48L3A+PHAgY2xhc3M9XFxcXFxcXFxcXFxcXFxcIlxcXFxcXFxcXFxcXFxcXFwmcXVvdDtwMlxcXFxcXFxcXFxcXFxcXFwmcXVvdDtcXFxcXFxcXFxcXFxcXFwiPlNoZSBicmluZ3MgaG9wZSB0byBtYW55LiBUaGUgeW91bmcgY2hlbWlzdCB3aG8gaW52ZW50ZWQgaGVyIGNhcmVmdWxseSBzZXBhcmF0ZXMgaGVyIGZyb20gaGVyIGVjb3N5c3RlbSwgYW5kIGdlbnRseSB0cmFuc3BvcnRzIGhlciBpbnRvIGEgc3BlY2lhbCBzeXJpbmdlIGZvciBkZWxpdmVyaW5nIHNlcnVtLiBIZSBwYWNrcyB0aGUgc2VydW0gaW4gYW4gYWlydGlnaHQgY2FzZSBhbmQgbGFiZWxzIGl0IFxcXFxcXFxcXFxcXFxcXFxcXFxcXFxcXFxcXFxcXFwiQWt1IHtzZXJ1bSBuby4wNzR9XFxcXFxcXFxcXFxcXFxcXFxcXFxcXFxcXFxcXFxcXCIgd2l0aCBoaXMgZXh0cmFvcmRpbmFyeSBsZWZ0IGhhbmQsIHdoaWNoIGhhcyBvbmx5IHRocmVlIGZpbmdlcnMuIEhpcyBsZWZ0IGhhbmQgaGFzIHNlcnZlZCBoaW0gd2VsbC4gSXQgaGFzIHBlcmZvcm1lZCBtYW55IHRhc2tzIGFjY3VyYXRlbHkgaW4gY29tcGFyaXNvbiB0byBoaXMgbm9ybWFsIHJpZ2h0IGhhbmQuIFRoZSBiYWNrIG9mIGhpcyBuZWN0IGJlYXJzIGEgdGF0dG9vIG9mIHRocmVlIGNvbm5lY3RpbmcgZG90cy4gVHdlbnR5IHllYXJzIGFnbywgdGhlIG1hcmsgd2FzIGZvcmNpYmx5IGdpdmVuIHRvIGhpbSBieSB0aGUgbG9jYWwgYXV0aG9yaXRpZXMgdG8gaW5kaWNhdGUgaGlzIHN0YXR1cyBhcyBwYXJ0IG9mIHRoZSBtdXRhdGVkIGdlbmVyYXRpb24uIEl0IG1hcmtlZCB0aGUgYmVnaW5uaW5nIG9mIGEgcGFpbmZ1bCBkZWF0aC4gSW5kaXZpZHVhbHMgd2l0aCBhbiBvZmZpY2lhbCBicmFuZCBsb3N0IHRoZWlyIHJpZ2h0IHRvIHZvdGUsIGFuZCBldmVudHVhbGx5IHdlcmUgZGVwcml2ZWQgb2YgdGhlaXIgcmlnaHRzIGFzIGNpdGl6ZW5zLiBUaGlzIHBvbGljeSBoYWQgZGV2YXN0YXRpbmcgY29uc2VxdWVuY2VzIGZvciB0aGUgbXV0YW50cy4gTWFueSB3ZXJlIHJlbW92ZWQgZnJvbSB0aGVpciBqb2JzLCBzZXBhcmF0ZWQgZnJvbSB0aGVpciBsb3ZlZCBvbmVzLCBhbmQgZXZlbnR1YWxseSBvc3RyYXppY2VkIGZyb20gc29jaWV0eS48L3A+PHAgY2xhc3M9XFxcXFxcXFxcXFxcXFxcIlxcXFxcXFxcXFxcXFxcXFwmcXVvdDtwMlxcXFxcXFxcXFxcXFxcXFwmcXVvdDtcXFxcXFxcXFxcXFxcXFwiPjxzcGFuIGNsYXNzPVxcXFxcXFxcXFxcXFxcXCJcXFxcXFxcXFxcXFxcXFxcJnF1b3Q7czFcXFxcXFxcXFxcXFxcXFxcJnF1b3Q7XFxcXFxcXFxcXFxcXFxcIj48L3NwYW4+PC9wPg==', 'Melissa Sunjaya', 'stories_17_20171227105628pm.jpg', '', '2017-12-17 23:20:41', 'admin@tulisan.com', '2017-12-27 23:59:44'),
(18, 'Batavia Hotel ', '', '', '', '', '', '2017-12-29 08:12:39', NULL, NULL),
(19, 'Delightfully Yours', '', '', '', '', '', '2017-12-29 08:58:44', NULL, NULL);

-- --------------------------------------------------------

--
-- Struktur dari tabel `cms_story_artwork`
--

CREATE TABLE `cms_story_artwork` (
  `idData` int(11) NOT NULL,
  `idStory` int(11) NOT NULL,
  `name` varchar(100) NOT NULL,
  `createdBy` varchar(100) NOT NULL,
  `createdDate` datetime NOT NULL,
  `changedBy` varchar(100) DEFAULT NULL,
  `changedDate` datetime DEFAULT NULL
) ENGINE=InnoDB DEFAULT CHARSET=latin1;

--
-- Dumping data untuk tabel `cms_story_artwork`
--

INSERT INTO `cms_story_artwork` (`idData`, `idStory`, `name`, `createdBy`, `createdDate`, `changedBy`, `changedDate`) VALUES
(4, 9, 'Tessitura', 'admin@tulisan.com', '2017-12-17 20:50:08', NULL, NULL),
(5, 9, 'Filogenesis', 'admin@tulisan.com', '2017-12-17 20:50:36', NULL, NULL),
(6, 9, 'Deformasi', 'admin@tulisan.com', '2017-12-17 20:51:46', NULL, NULL),
(7, 9, 'Transgresi', 'admin@tulisan.com', '2017-12-17 20:52:12', NULL, NULL),
(8, 9, 'Deviasi', 'admin@tulisan.com', '2017-12-17 20:52:37', NULL, NULL),
(9, 9, 'Fuga', 'admin@tulisan.com', '2017-12-17 20:52:45', NULL, NULL),
(10, 5, 'Kristalisasi', 'admin@tulisan.com', '2017-12-17 20:53:18', NULL, NULL),
(11, 5, 'Kohesi', 'admin@tulisan.com', '2017-12-17 20:53:44', NULL, NULL),
(12, 5, 'Asimilasi', 'admin@tulisan.com', '2017-12-17 20:54:23', NULL, NULL),
(13, 5, 'Lokus', 'admin@tulisan.com', '2017-12-17 20:54:47', NULL, NULL),
(14, 5, 'Gabungan', 'admin@tulisan.com', '2017-12-17 20:55:18', NULL, NULL),
(15, 5, 'Perluasan', 'admin@tulisan.com', '2017-12-17 20:55:38', NULL, NULL),
(16, 5, 'Irisan', 'admin@tulisan.com', '2017-12-17 20:59:01', NULL, NULL),
(17, 5, 'Relasi', 'admin@tulisan.com', '2017-12-17 20:59:12', NULL, NULL),
(18, 9, 'Surat 1', 'aryaputra@tulisan.com', '2017-12-18 09:19:08', 'aryaputra@tulisan.com', '2017-12-18 09:30:19'),
(19, 5, 'Surat 2', 'aryaputra@tulisan.com', '2017-12-18 09:19:37', 'aryaputra@tulisan.com', '2017-12-18 09:31:14'),
(20, 11, 'Terbit', 'aryaputra@tulisan.com', '2017-12-18 09:19:58', NULL, NULL),
(21, 11, 'Embun', 'aryaputra@tulisan.com', '2017-12-18 09:20:56', NULL, NULL),
(22, 11, 'Orkestra', 'aryaputra@tulisan.com', '2017-12-18 09:25:52', NULL, NULL),
(23, 11, 'Jantan', 'aryaputra@tulisan.com', '2017-12-18 09:26:31', NULL, NULL),
(24, 11, 'Betina', 'aryaputra@tulisan.com', '2017-12-18 09:26:47', NULL, NULL),
(25, 11, 'Pete', 'aryaputra@tulisan.com', '2017-12-18 09:27:14', NULL, NULL),
(26, 17, 'Nocturno', '', '2017-12-19 04:32:21', NULL, NULL),
(27, 0, 'Jane', '', '2017-12-19 04:46:10', NULL, NULL),
(28, 0, 'Jane', '', '2017-12-19 04:47:07', NULL, NULL),
(29, 0, 'Batavia Hotel Gift Tag', '', '2017-12-29 08:11:38', NULL, NULL),
(31, 19, 'Delightfully Yours Gift Tag', 'aryaputra@tulisan.com', '2017-12-29 10:41:11', NULL, NULL),
(32, 12, 'Daisy Loops', 'aryaputra@tulisan.com', '2017-12-29 10:45:23', NULL, NULL),
(33, 10, 'Anima Playing Cards', 'aryaputra@tulisan.com', '2017-12-30 08:21:22', NULL, NULL),
(34, 17, 'Bio Fantasy Books', 'aryaputra@tulisan.com', '2017-12-30 08:24:33', NULL, NULL);

-- --------------------------------------------------------

--
-- Struktur dari tabel `cms_video`
--

CREATE TABLE `cms_video` (
  `idData` int(11) NOT NULL,
  `title` varchar(100) NOT NULL,
  `description` text NOT NULL,
  `fileName` varchar(100) NOT NULL,
  `fileSize` varchar(10) NOT NULL,
  `createdBy` varchar(100) NOT NULL,
  `createdDate` datetime NOT NULL,
  `changedBy` varchar(100) DEFAULT NULL,
  `changedDate` datetime DEFAULT NULL
) ENGINE=InnoDB DEFAULT CHARSET=latin1;

--
-- Dumping data untuk tabel `cms_video`
--

INSERT INTO `cms_video` (`idData`, `title`, `description`, `fileName`, `fileSize`, `createdBy`, `createdDate`, `changedBy`, `changedDate`) VALUES
(10, 'Tulisan | Surat 2: Persinggungan - Part 5/6 ', 'PGRpdj48Yj5TdXJhdCBOby4gMDI6IFBlcnNpbmdndW5nYW4gKE11c2ltIEtlbWFyYXUgMjAxNyk8L2I+PC9kaXY+PGRpdj5cIlBhZ2FyIGRpIGFudGFyYSBraXRhIHRlbGFoIG11c25haC48L2Rpdj48ZGl2PkFzaW1pbGFzaSBtZW1iZW5paGthbiBkdW5pYSBiYXJ1LlwiPC9kaXY+PGRpdj7igJNNZWxpc3NhIFN1bmpheWEsIEpha2FydGEgMjAxNzwvZGl2Pg==', 'N6dC0bfs5-w', '', 'admin@tulisan.com', '2017-12-29 04:16:41', NULL, NULL),
(11, 'Tulisan - The making of Surat No. 2 (Research) ', 'PGRpdj48Yj5UaGUgbWFraW5nIG9mIFN1cmF0IE5vLiAyOiBQZXJzaW5nZ3VuZ2FuIG9mIENoaWVmIG9mIFJlc2VhcmNoICZhbXA7IEN1cmF0b3JzaGlwPC9iPjwvZGl2PjxkaXY+PGJyPjwvZGl2PjxkaXY+VGhlIHZpc3VhbCBlc3NheSB0ZWFtOjwvZGl2PjxkaXY+Q2hpZWYgb2YgUmVzZWFyY2ggJmFtcDsgQ3VyYXRvcnNoaXAgLSBNZWxpc3NhIFN1bmpheWE8L2Rpdj48ZGl2PkRlcHV0eSBvZiBSZXNlYXJjaCAmYW1wOyBDdXJhdG9yc2hpcCAtIE11aGFtbWFkIFp1bGZhZGx5PC9kaXY+PGRpdj5Qcm9ncmFtIERpcmVjdG9yIC0gUmFobWEgQXl1PC9kaXY+PGRpdj5WaXN1YWwgRGlyZWN0b3IgLSBLcmlzaG5pIFN3YW5kYXlhbmk8L2Rpdj48ZGl2PkFydCBEaXJlY3RvciAtIEJpbWEgQ2hyaXM8L2Rpdj48ZGl2PlBob3RvZ3JhcGhlciAtIFpoYXJmYW5pIFBhZG1hc2VkaGFuYTwvZGl2PjxkaXY+RWRpdG9yIC0gTWVsYW55IFp3YXJ0amVzPC9kaXY+PGRpdj5TdHlsZSBEaXJlY3RvciAtIEFqaSBCYWdqYXJheWE8L2Rpdj48ZGl2PlByb3BzIE1hc3RlciAtIEFyeWEgSXJoYXNkaW5hdGE8L2Rpdj48ZGl2PlN0YWdlIERlc2lnbmVyIC0gRmFyaWQgUmluYWxkaTwvZGl2PjxkaXY+Q29zdHVtZSBNYW5hZ2VyIC0gRmFkcmkgUGFtdW5na2FzPC9kaXY+', 'HFbPzaO3gUQ', '', 'admin@tulisan.com', '2017-12-29 04:17:40', NULL, NULL),
(12, 'Tulisan | Surat 2: Persinggungan - Part 6/6 ', 'PGRpdj48Yj5TdXJhdCBOby4gMDI6IFBlcnNpbmdndW5nYW4gKE11c2ltIEtlbWFyYXUgMjAxNyk8L2I+PC9kaXY+PGRpdj5cIlRpZGFrIGhhcnVzIGJlcnNlbWJ1bnlpPC9kaXY+PGRpdj5NYXNhIGRlcGFua3UganVnYSBtZW5qYWRpIGtlcHVueWFhbm11XFxcIjwvZGl2PjxkaXY+4oCTTWVsaXNzYSBTdW5qYXlhLCBKYWthcnRhIDIwMTc8L2Rpdj4=', '0GuYpTrby50', '', 'admin@tulisan.com', '2017-12-29 04:18:21', 'admin@tulisan.com', '2017-12-29 04:29:53'),
(13, 'Tulisan - The making of Surat No. 2 (Props: Stage Designer) ', 'PGRpdj48Yj5UaGUgbWFraW5nIG9mIFN1cmF0IE5vLiAyOiBQZXJzaW5nZ3VuZ2FuIG9mIFN0YWdlIERlc2lnbmVyPC9iPjwvZGl2PjxkaXY+PGJyPjwvZGl2PjxkaXY+VGhlIHZpc3VhbCBlc3NheSB0ZWFtOjwvZGl2PjxkaXY+Q2hpZWYgb2YgUmVzZWFyY2ggJmFtcDsgQ3VyYXRvcnNoaXAgLSBNZWxpc3NhIFN1bmpheWE8L2Rpdj48ZGl2PkRlcHV0eSBvZiBSZXNlYXJjaCAmYW1wOyBDdXJhdG9yc2hpcCAtIE11aGFtbWFkIFp1bGZhZGx5PC9kaXY+PGRpdj5Qcm9ncmFtIERpcmVjdG9yIC0gUmFobWEgQXl1PC9kaXY+PGRpdj5WaXN1YWwgRGlyZWN0b3IgLSBLcmlzaG5pIFN3YW5kYXlhbmk8L2Rpdj48ZGl2PkFydCBEaXJlY3RvciAtIEJpbWEgQ2hyaXM8L2Rpdj48ZGl2PlBob3RvZ3JhcGhlciAtIFpoYXJmYW5pIFBhZG1hc2VkaGFuYTwvZGl2PjxkaXY+RWRpdG9yIC0gTWVsYW55IFp3YXJ0amVzPC9kaXY+PGRpdj5TdHlsZSBEaXJlY3RvciAtIEFqaSBCYWdqYXJheWE8L2Rpdj48ZGl2PlByb3BzIE1hc3RlciAtIEFyeWEgSXJoYXNkaW5hdGE8L2Rpdj48ZGl2PlN0YWdlIERlc2lnbmVyIC0gRmFyaWQgUmluYWxkaTwvZGl2PjxkaXY+Q29zdHVtZSBNYW5hZ2VyIC0gRmFkcmkgUGFtdW5na2FzPC9kaXY+', '5-o6OEqE6DU', '', 'admin@tulisan.com', '2017-12-29 04:19:07', NULL, NULL);

-- --------------------------------------------------------

--
-- Struktur dari tabel `colors`
--

CREATE TABLE `colors` (
  `idData` int(11) NOT NULL,
  `name` varchar(100) NOT NULL,
  `createdBy` varchar(100) NOT NULL,
  `createdDate` datetime NOT NULL,
  `changedBy` varchar(100) DEFAULT NULL,
  `changedDate` datetime DEFAULT NULL
) ENGINE=InnoDB DEFAULT CHARSET=latin1;

--
-- Dumping data untuk tabel `colors`
--

INSERT INTO `colors` (`idData`, `name`, `createdBy`, `createdDate`, `changedBy`, `changedDate`) VALUES
(3, 'Blue Note', 'SESSION_TEST', '2017-10-23 14:39:48', 'admin@tulisan.com', '2017-12-05 02:17:03'),
(4, 'Fuchsia Fantasia', 'admin@tulisan.com', '2017-11-29 18:45:06', 'admin@tulisan.com', '2017-12-05 02:18:18'),
(6, 'Light Snow', 'admin@tulisan.com', '2017-12-05 23:11:44', NULL, NULL),
(7, 'Green Grass', 'admin@tulisan.com', '2017-12-13 00:12:57', 'admin@tulisan.com', '2017-12-13 00:15:00'),
(8, 'Blue', 'admin@tulisan.com', '2017-12-14 09:42:26', NULL, NULL),
(9, 'Blue Capri', 'admin@tulisan.com', '2017-12-14 09:42:53', NULL, NULL),
(10, 'Blue Bell', 'admin@tulisan.com', '2017-12-14 09:43:15', NULL, NULL),
(11, 'Blue Sky', 'admin@tulisan.com', '2017-12-14 09:43:37', NULL, NULL),
(12, 'Cyan', 'admin@tulisan.com', '2017-12-14 09:43:50', NULL, NULL),
(13, 'Fuchsia Desert', 'admin@tulisan.com', '2017-12-14 09:45:10', NULL, NULL),
(14, 'Fuchsia Berry', 'admin@tulisan.com', '2017-12-14 09:45:30', NULL, NULL),
(15, 'Fuchsia Pink', 'admin@tulisan.com', '2017-12-14 09:45:48', NULL, NULL),
(16, 'Green', 'admin@tulisan.com', '2017-12-14 09:46:10', NULL, NULL),
(17, 'Green Lime', 'admin@tulisan.com', '2017-12-14 09:46:34', NULL, NULL),
(18, 'Green Winter', 'admin@tulisan.com', '2017-12-14 09:47:07', NULL, NULL),
(19, 'Nero Jet', 'admin@tulisan.com', '2017-12-14 09:47:34', NULL, NULL),
(20, 'Green Tea', 'admin@tulisan.com', '2017-12-14 09:48:13', NULL, NULL),
(21, 'Light Coco', 'admin@tulisan.com', '2017-12-14 09:48:49', NULL, NULL),
(22, 'Light Lemon', 'admin@tulisan.com', '2017-12-14 09:49:03', NULL, NULL),
(23, 'Nero Burgundy', 'admin@tulisan.com', '2017-12-14 09:49:36', NULL, NULL),
(24, 'Orange Oriental', 'admin@tulisan.com', '2017-12-14 09:49:55', NULL, NULL),
(25, 'Orange Salmon', 'admin@tulisan.com', '2017-12-14 09:50:13', NULL, NULL),
(26, 'Orange Tangerine', 'admin@tulisan.com', '2017-12-14 09:50:37', NULL, NULL),
(27, 'Pink', 'admin@tulisan.com', '2017-12-14 09:51:03', NULL, NULL),
(28, 'Purple Plum', 'admin@tulisan.com', '2017-12-14 09:51:58', NULL, NULL),
(29, 'Red', 'admin@tulisan.com', '2017-12-14 09:52:08', NULL, NULL),
(30, 'Red Blush', 'admin@tulisan.com', '2017-12-14 09:52:40', NULL, NULL),
(31, 'Red Letter', 'admin@tulisan.com', '2017-12-14 09:53:19', NULL, NULL),
(32, 'Red Rumor', 'admin@tulisan.com', '2017-12-14 09:53:49', NULL, NULL),
(33, 'Red Sangria', 'admin@tulisan.com', '2017-12-14 09:53:58', NULL, NULL),
(34, 'Red Wine', 'admin@tulisan.com', '2017-12-14 09:54:23', NULL, NULL),
(35, 'Smokey Lunar', 'admin@tulisan.com', '2017-12-14 09:54:38', NULL, NULL),
(36, 'Smokey Sage', 'admin@tulisan.com', '2017-12-14 09:55:00', NULL, NULL),
(37, 'Smokey Night', 'admin@tulisan.com', '2017-12-14 09:55:27', NULL, NULL),
(38, 'Smokey Ash', 'admin@tulisan.com', '2017-12-14 09:55:50', NULL, NULL),
(39, 'Smokey Plum', 'admin@tulisan.com', '2017-12-14 09:56:08', NULL, NULL),
(40, 'Teal Jade', 'admin@tulisan.com', '2017-12-14 09:56:34', NULL, NULL),
(41, 'Teal Mint', 'admin@tulisan.com', '2017-12-14 09:56:48', NULL, NULL),
(42, 'Teal Pool', 'admin@tulisan.com', '2017-12-14 09:57:02', NULL, NULL),
(43, 'Turquoise', 'admin@tulisan.com', '2017-12-14 09:57:35', NULL, NULL),
(44, 'Yellow', 'admin@tulisan.com', '2017-12-14 09:57:55', NULL, NULL),
(45, 'Yellow Butter', 'admin@tulisan.com', '2017-12-14 09:58:13', NULL, NULL),
(46, 'Yellow Canary', 'admin@tulisan.com', '2017-12-14 09:58:31', NULL, NULL),
(47, 'Yellow Mustard', 'admin@tulisan.com', '2017-12-14 09:59:01', NULL, NULL),
(48, 'Yellow Olive', 'admin@tulisan.com', '2017-12-14 09:59:21', NULL, NULL),
(49, 'Yellow Sunflower', 'admin@tulisan.com', '2017-12-14 09:59:47', NULL, NULL),
(50, 'Yellow Sunshine', 'admin@tulisan.com', '2017-12-14 10:00:15', NULL, NULL),
(51, 'Nero Indigo', 'admin@tulisan.com', '2017-12-14 10:00:29', NULL, NULL),
(52, 'Nero Forest', 'admin@tulisan.com', '2017-12-14 10:01:34', NULL, NULL),
(53, 'Nero Velvet', 'admin@tulisan.com', '2017-12-14 10:02:15', NULL, NULL),
(54, 'Green Herb', 'admin@tulisan.com', '2017-12-14 10:02:30', NULL, NULL),
(55, 'Nero Coffe', 'admin@tulisan.com', '2017-12-14 10:02:55', 'admin@tulisan.com', '2017-12-14 10:03:13'),
(56, 'Purple Rain', 'admin@tulisan.com', '2017-12-14 10:03:36', NULL, NULL),
(57, 'Light Ecru', 'admin@tulisan.com', '2017-12-14 10:04:14', NULL, NULL),
(58, 'Teal Sea', 'aryaputra@tulisan.com', '2017-12-15 05:12:43', NULL, NULL);

-- --------------------------------------------------------

--
-- Struktur dari tabel `countries`
--

CREATE TABLE `countries` (
  `id` int(11) NOT NULL,
  `country_code` varchar(2) NOT NULL DEFAULT '',
  `country_name` varchar(100) NOT NULL DEFAULT ''
) ENGINE=MyISAM DEFAULT CHARSET=utf8;

--
-- Dumping data untuk tabel `countries`
--

INSERT INTO `countries` (`id`, `country_code`, `country_name`) VALUES
(1, 'AF', 'Afghanistan'),
(2, 'AL', 'Albania'),
(3, 'DZ', 'Algeria'),
(4, 'DS', 'American Samoa'),
(5, 'AD', 'Andorra'),
(6, 'AO', 'Angola'),
(7, 'AI', 'Anguilla'),
(8, 'AQ', 'Antarctica'),
(9, 'AG', 'Antigua and Barbuda'),
(10, 'AR', 'Argentina'),
(11, 'AM', 'Armenia'),
(12, 'AW', 'Aruba'),
(13, 'AU', 'Australia'),
(14, 'AT', 'Austria'),
(15, 'AZ', 'Azerbaijan'),
(16, 'BS', 'Bahamas'),
(17, 'BH', 'Bahrain'),
(18, 'BD', 'Bangladesh'),
(19, 'BB', 'Barbados'),
(20, 'BY', 'Belarus'),
(21, 'BE', 'Belgium'),
(22, 'BZ', 'Belize'),
(23, 'BJ', 'Benin'),
(24, 'BM', 'Bermuda'),
(25, 'BT', 'Bhutan'),
(26, 'BO', 'Bolivia'),
(27, 'BA', 'Bosnia and Herzegovina'),
(28, 'BW', 'Botswana'),
(29, 'BV', 'Bouvet Island'),
(30, 'BR', 'Brazil'),
(31, 'IO', 'British Indian Ocean Territory'),
(32, 'BN', 'Brunei Darussalam'),
(33, 'BG', 'Bulgaria'),
(34, 'BF', 'Burkina Faso'),
(35, 'BI', 'Burundi'),
(36, 'KH', 'Cambodia'),
(37, 'CM', 'Cameroon'),
(38, 'CA', 'Canada'),
(39, 'CV', 'Cape Verde'),
(40, 'KY', 'Cayman Islands'),
(41, 'CF', 'Central African Republic'),
(42, 'TD', 'Chad'),
(43, 'CL', 'Chile'),
(44, 'CN', 'China'),
(45, 'CX', 'Christmas Island'),
(46, 'CC', 'Cocos (Keeling) Islands'),
(47, 'CO', 'Colombia'),
(48, 'KM', 'Comoros'),
(49, 'CG', 'Congo'),
(50, 'CK', 'Cook Islands'),
(51, 'CR', 'Costa Rica'),
(52, 'HR', 'Croatia (Hrvatska)'),
(53, 'CU', 'Cuba'),
(54, 'CY', 'Cyprus'),
(55, 'CZ', 'Czech Republic'),
(56, 'DK', 'Denmark'),
(57, 'DJ', 'Djibouti'),
(58, 'DM', 'Dominica'),
(59, 'DO', 'Dominican Republic'),
(60, 'TP', 'East Timor'),
(61, 'EC', 'Ecuador'),
(62, 'EG', 'Egypt'),
(63, 'SV', 'El Salvador'),
(64, 'GQ', 'Equatorial Guinea'),
(65, 'ER', 'Eritrea'),
(66, 'EE', 'Estonia'),
(67, 'ET', 'Ethiopia'),
(68, 'FK', 'Falkland Islands (Malvinas)'),
(69, 'FO', 'Faroe Islands'),
(70, 'FJ', 'Fiji'),
(71, 'FI', 'Finland'),
(72, 'FR', 'France'),
(73, 'FX', 'France, Metropolitan'),
(74, 'GF', 'French Guiana'),
(75, 'PF', 'French Polynesia'),
(76, 'TF', 'French Southern Territories'),
(77, 'GA', 'Gabon'),
(78, 'GM', 'Gambia'),
(79, 'GE', 'Georgia'),
(80, 'DE', 'Germany'),
(81, 'GH', 'Ghana'),
(82, 'GI', 'Gibraltar'),
(83, 'GK', 'Guernsey'),
(84, 'GR', 'Greece'),
(85, 'GL', 'Greenland'),
(86, 'GD', 'Grenada'),
(87, 'GP', 'Guadeloupe'),
(88, 'GU', 'Guam'),
(89, 'GT', 'Guatemala'),
(90, 'GN', 'Guinea'),
(91, 'GW', 'Guinea-Bissau'),
(92, 'GY', 'Guyana'),
(93, 'HT', 'Haiti'),
(94, 'HM', 'Heard and Mc Donald Islands'),
(95, 'HN', 'Honduras'),
(96, 'HK', 'Hong Kong'),
(97, 'HU', 'Hungary'),
(98, 'IS', 'Iceland'),
(99, 'IN', 'India'),
(100, 'IM', 'Isle of Man'),
(101, 'ID', 'Indonesia'),
(102, 'IR', 'Iran (Islamic Republic of)'),
(103, 'IQ', 'Iraq'),
(104, 'IE', 'Ireland'),
(105, 'IL', 'Israel'),
(106, 'IT', 'Italy'),
(107, 'CI', 'Ivory Coast'),
(108, 'JE', 'Jersey'),
(109, 'JM', 'Jamaica'),
(110, 'JP', 'Japan'),
(111, 'JO', 'Jordan'),
(112, 'KZ', 'Kazakhstan'),
(113, 'KE', 'Kenya'),
(114, 'KI', 'Kiribati'),
(115, 'KP', 'Korea, Democratic People\'s Republic of'),
(116, 'KR', 'Korea, Republic of'),
(117, 'XK', 'Kosovo'),
(118, 'KW', 'Kuwait'),
(119, 'KG', 'Kyrgyzstan'),
(120, 'LA', 'Lao People\'s Democratic Republic'),
(121, 'LV', 'Latvia'),
(122, 'LB', 'Lebanon'),
(123, 'LS', 'Lesotho'),
(124, 'LR', 'Liberia'),
(125, 'LY', 'Libyan Arab Jamahiriya'),
(126, 'LI', 'Liechtenstein'),
(127, 'LT', 'Lithuania'),
(128, 'LU', 'Luxembourg'),
(129, 'MO', 'Macau'),
(130, 'MK', 'Macedonia'),
(131, 'MG', 'Madagascar'),
(132, 'MW', 'Malawi'),
(133, 'MY', 'Malaysia'),
(134, 'MV', 'Maldives'),
(135, 'ML', 'Mali'),
(136, 'MT', 'Malta'),
(137, 'MH', 'Marshall Islands'),
(138, 'MQ', 'Martinique'),
(139, 'MR', 'Mauritania'),
(140, 'MU', 'Mauritius'),
(141, 'TY', 'Mayotte'),
(142, 'MX', 'Mexico'),
(143, 'FM', 'Micronesia, Federated States of'),
(144, 'MD', 'Moldova, Republic of'),
(145, 'MC', 'Monaco'),
(146, 'MN', 'Mongolia'),
(147, 'ME', 'Montenegro'),
(148, 'MS', 'Montserrat'),
(149, 'MA', 'Morocco'),
(150, 'MZ', 'Mozambique'),
(151, 'MM', 'Myanmar'),
(152, 'NA', 'Namibia'),
(153, 'NR', 'Nauru'),
(154, 'NP', 'Nepal'),
(155, 'NL', 'Netherlands'),
(156, 'AN', 'Netherlands Antilles'),
(157, 'NC', 'New Caledonia'),
(158, 'NZ', 'New Zealand'),
(159, 'NI', 'Nicaragua'),
(160, 'NE', 'Niger'),
(161, 'NG', 'Nigeria'),
(162, 'NU', 'Niue'),
(163, 'NF', 'Norfolk Island'),
(164, 'MP', 'Northern Mariana Islands'),
(165, 'NO', 'Norway'),
(166, 'OM', 'Oman'),
(167, 'PK', 'Pakistan'),
(168, 'PW', 'Palau'),
(169, 'PS', 'Palestine'),
(170, 'PA', 'Panama'),
(171, 'PG', 'Papua New Guinea'),
(172, 'PY', 'Paraguay'),
(173, 'PE', 'Peru'),
(174, 'PH', 'Philippines'),
(175, 'PN', 'Pitcairn'),
(176, 'PL', 'Poland'),
(177, 'PT', 'Portugal'),
(178, 'PR', 'Puerto Rico'),
(179, 'QA', 'Qatar'),
(180, 'RE', 'Reunion'),
(181, 'RO', 'Romania'),
(182, 'RU', 'Russian Federation'),
(183, 'RW', 'Rwanda'),
(184, 'KN', 'Saint Kitts and Nevis'),
(185, 'LC', 'Saint Lucia'),
(186, 'VC', 'Saint Vincent and the Grenadines'),
(187, 'WS', 'Samoa'),
(188, 'SM', 'San Marino'),
(189, 'ST', 'Sao Tome and Principe'),
(190, 'SA', 'Saudi Arabia'),
(191, 'SN', 'Senegal'),
(192, 'RS', 'Serbia'),
(193, 'SC', 'Seychelles'),
(194, 'SL', 'Sierra Leone'),
(195, 'SG', 'Singapore'),
(196, 'SK', 'Slovakia'),
(197, 'SI', 'Slovenia'),
(198, 'SB', 'Solomon Islands'),
(199, 'SO', 'Somalia'),
(200, 'ZA', 'South Africa'),
(201, 'GS', 'South Georgia South Sandwich Islands'),
(202, 'ES', 'Spain'),
(203, 'LK', 'Sri Lanka'),
(204, 'SH', 'St. Helena'),
(205, 'PM', 'St. Pierre and Miquelon'),
(206, 'SD', 'Sudan'),
(207, 'SR', 'Suriname'),
(208, 'SJ', 'Svalbard and Jan Mayen Islands'),
(209, 'SZ', 'Swaziland'),
(210, 'SE', 'Sweden'),
(211, 'CH', 'Switzerland'),
(212, 'SY', 'Syrian Arab Republic'),
(213, 'TW', 'Taiwan'),
(214, 'TJ', 'Tajikistan'),
(215, 'TZ', 'Tanzania, United Republic of'),
(216, 'TH', 'Thailand'),
(217, 'TG', 'Togo'),
(218, 'TK', 'Tokelau'),
(219, 'TO', 'Tonga'),
(220, 'TT', 'Trinidad and Tobago'),
(221, 'TN', 'Tunisia'),
(222, 'TR', 'Turkey'),
(223, 'TM', 'Turkmenistan'),
(224, 'TC', 'Turks and Caicos Islands'),
(225, 'TV', 'Tuvalu'),
(226, 'UG', 'Uganda'),
(227, 'UA', 'Ukraine'),
(228, 'AE', 'United Arab Emirates'),
(229, 'GB', 'United Kingdom'),
(230, 'US', 'United States'),
(231, 'UM', 'United States minor outlying islands'),
(232, 'UY', 'Uruguay'),
(233, 'UZ', 'Uzbekistan'),
(234, 'VU', 'Vanuatu'),
(235, 'VA', 'Vatican City State'),
(236, 'VE', 'Venezuela'),
(237, 'VN', 'Vietnam'),
(238, 'VG', 'Virgin Islands (British)'),
(239, 'VI', 'Virgin Islands (U.S.)'),
(240, 'WF', 'Wallis and Futuna Islands'),
(241, 'EH', 'Western Sahara'),
(242, 'YE', 'Yemen'),
(243, 'ZR', 'Zaire'),
(244, 'ZM', 'Zambia'),
(245, 'ZW', 'Zimbabwe');

-- --------------------------------------------------------

--
-- Struktur dari tabel `customers`
--

CREATE TABLE `customers` (
  `idData` int(11) NOT NULL,
  `name` varchar(100) NOT NULL,
  `address` text NOT NULL,
  `city` varchar(100) NOT NULL,
  `country` varchar(100) NOT NULL,
  `zipCode` varchar(10) NOT NULL,
  `phone` varchar(16) NOT NULL,
  `email` varchar(100) NOT NULL,
  `userId` int(11) NOT NULL,
  `company` varchar(100) NOT NULL,
  `createdBy` varchar(100) NOT NULL,
  `createdDate` datetime NOT NULL,
  `changedBy` varchar(100) DEFAULT NULL,
  `changedDate` datetime DEFAULT NULL
) ENGINE=InnoDB DEFAULT CHARSET=latin1;

--
-- Dumping data untuk tabel `customers`
--

INSERT INTO `customers` (`idData`, `name`, `address`, `city`, `country`, `zipCode`, `phone`, `email`, `userId`, `company`, `createdBy`, `createdDate`, `changedBy`, `changedDate`) VALUES
(1, 'Demo Customer', 'demo', 'Bandung', 'ID', '52313', '085794867714', 'demo@tulisan.com', 4, 'Tulisan', 'SESSION_TEST', '2017-10-23 21:32:06', 'SESSION_TEST', '2017-10-23 21:40:24');

-- --------------------------------------------------------

--
-- Struktur dari tabel `departments`
--

CREATE TABLE `departments` (
  `idData` int(11) NOT NULL,
  `name` varchar(100) NOT NULL,
  `createdBy` varchar(100) NOT NULL,
  `createdDate` datetime NOT NULL,
  `changedBy` varchar(100) DEFAULT NULL,
  `changedDate` datetime DEFAULT NULL
) ENGINE=InnoDB DEFAULT CHARSET=latin1;

--
-- Dumping data untuk tabel `departments`
--

INSERT INTO `departments` (`idData`, `name`, `createdBy`, `createdDate`, `changedBy`, `changedDate`) VALUES
(1, 'System', 'SESSION_TEST', '2017-10-23 14:50:26', NULL, NULL),
(4, 'Product', 'SESSION_TEST', '2017-10-23 14:50:26', NULL, NULL);

-- --------------------------------------------------------

--
-- Struktur dari tabel `feedback`
--

CREATE TABLE `feedback` (
  `idData` int(11) NOT NULL,
  `name` varchar(100) NOT NULL,
  `email` varchar(100) NOT NULL,
  `category` varchar(100) NOT NULL,
  `subject` varchar(100) NOT NULL,
  `message` text NOT NULL,
  `createdBy` varchar(100) NOT NULL,
  `createdDate` datetime NOT NULL,
  `changedBy` varchar(100) DEFAULT NULL,
  `changedDate` datetime DEFAULT NULL
) ENGINE=InnoDB DEFAULT CHARSET=latin1;

-- --------------------------------------------------------

--
-- Struktur dari tabel `orders`
--

CREATE TABLE `orders` (
  `idData` int(11) NOT NULL,
  `customerId` int(11) DEFAULT NULL,
  `name` varchar(100) DEFAULT NULL,
  `address` text NOT NULL,
  `city` varchar(100) NOT NULL,
  `zipCode` varchar(10) NOT NULL,
  `country` varchar(100) NOT NULL,
  `phone` varchar(16) NOT NULL,
  `email` varchar(100) NOT NULL,
  `total` int(11) NOT NULL,
  `paymentMethod` varchar(100) DEFAULT NULL,
  `bank` varchar(100) NOT NULL,
  `transferPicture` varchar(100) DEFAULT NULL,
  `dokuStatus` varchar(100) NOT NULL,
  `dokuMessage` text,
  `shippingMethod` varchar(100) DEFAULT NULL,
  `receiptNumber` text,
  `status` varchar(20) NOT NULL,
  `createdBy` varchar(100) NOT NULL,
  `createdDate` datetime NOT NULL,
  `changedBy` varchar(100) DEFAULT NULL,
  `changedDate` datetime DEFAULT NULL
) ENGINE=InnoDB DEFAULT CHARSET=latin1;

--
-- Dumping data untuk tabel `orders`
--

INSERT INTO `orders` (`idData`, `customerId`, `name`, `address`, `city`, `zipCode`, `country`, `phone`, `email`, `total`, `paymentMethod`, `bank`, `transferPicture`, `dokuStatus`, `dokuMessage`, `shippingMethod`, `receiptNumber`, `status`, `createdBy`, `createdDate`, `changedBy`, `changedDate`) VALUES
(1, 0, 'Demo Customer 1', 'Jl.Samosir Timur IV No.237 Bojongbata', 'Pemalang', '52319', 'ID', '085794867714', 'mereceiver7logia@gmail.com', 230000, 'BANK TRANSFER', 'MANDIRI', NULL, '', NULL, NULL, NULL, 'Shipping', 'guest', '2017-12-03 22:39:49', 'admin@tulisan.com', '2018-01-03 00:06:18'),
(2, 1, 'Demo Customer', 'Demo', 'Bandung', '52313', 'ID', '085794867714', 'megan@gmail.com', 100000, 'BANK TRANSFER', 'MANDIRI', NULL, '', NULL, '1', 'rarar', 'Shipping', 'demo@tulisan.com', '2017-12-03 22:50:14', 'admin@tulisan.com', '2018-01-03 01:17:16'),
(3, 1, 'Demo Customer', 'demo', 'Bandung', '52313', 'ID', '085794867714', 'demo@tulisan.com', 100000, 'BANK TRANSFER', 'MANDIRI', NULL, '', NULL, NULL, NULL, 'Waiting for payment', 'demo@tulisan.com', '2017-12-03 10:28:56', NULL, NULL),
(4, 1, 'Demo Customer', 'demo', 'Bandung', '52313', 'ID', '085794867714', 'demo@tulisan.com', 100000, 'DOKU WALLET', '', NULL, '', NULL, NULL, NULL, 'Waiting for payment', 'demo@tulisan.com', '2017-12-04 19:19:12', NULL, NULL),
(5, 1, 'Demo Customer', 'demo', 'Bandung', '52313', 'ID', '085794867714', 'demo@tulisan.com', 200000, 'BANK TRANSFER', 'MANDIRI', NULL, '', NULL, NULL, NULL, 'Waiting for payment', 'demo@tulisan.com', '2017-12-04 19:20:27', NULL, NULL),
(6, 1, 'Demo Customer', 'demo', 'Bandung', '52313', 'ID', '085794867714', 'demo@tulisan.com', 1536000, 'BANK TRANSFER', 'MANDIRI', NULL, '', NULL, NULL, NULL, 'Waiting for payment', 'demo@tulisan.com', '2017-12-05 23:33:17', NULL, NULL),
(7, 1, 'Demo Customer', 'demo', 'Bandung', '52313', 'ID', '085794867714', 'demo@tulisan.com', 1836000, 'BANK TRANSFER', 'MANDIRI', NULL, '', NULL, NULL, NULL, 'Waiting for payment', 'demo@tulisan.com', '2017-12-05 23:34:17', NULL, NULL),
(8, 1, 'Demo Customer', 'demo', 'Bandung', '52313', 'ID', '085794867714', 'demo@tulisan.com', 918000, 'DOKU WALLET', '', NULL, '', NULL, NULL, NULL, 'Waiting for payment', 'demo@tulisan.com', '2017-12-05 23:34:34', NULL, NULL),
(9, 1, 'Demo Customer', 'demo', 'Bandung', '52313', 'ID', '085794867714', 'demo@tulisan.com', 918000, 'BANK TRANSFER', 'MANDIRI', NULL, '', NULL, NULL, NULL, 'Waiting for payment', 'demo@tulisan.com', '2017-12-07 01:56:25', NULL, NULL),
(10, 0, 'Megantara Narapadya', 'Jl.Samosir Timur IV No.237 Bojongbata', 'Pemalang', '52319', 'ID', '85794867714', 'mereceiver7logia@gmail.com', 848000, 'BANK TRANSFER', 'MANDIRI', NULL, '', NULL, '2', 'GO-1234', 'Shipping', 'guest', '2018-01-03 00:24:35', 'admin@tulisan.com', '2018-01-03 01:21:41'),
(11, 0, 'Megantara Narapadya', 'Jl.Samosir Timur IV No.237 Bojongbata', 'Pemalang', '52319', 'ID', '85794867714', 'mereceiver7logia@gmail.com', 1298000, 'BANK TRANSFER', 'MANDIRI', NULL, '', NULL, NULL, NULL, 'Waiting for payment', 'guest', '2018-01-08 00:31:56', NULL, NULL),
(12, 0, 'Megantara Narapadya', 'Jl.Samosir Timur IV No.237 Bojongbata', 'Pemalang', '52319', 'ID', '85794867714', 'mereceiver7logia@gmail.com', 1398000, 'BANK TRANSFER', 'MANDIRI', NULL, '', NULL, NULL, NULL, 'Waiting for payment', 'guest', '2018-01-08 00:44:54', NULL, NULL),
(13, 0, 'Megantara Narapadya', 'Jl.Samosir Timur IV No.237 Bojongbata', 'Pemalang', '52319', 'ID', '85794867714', 'mereceiver7logia@gmail.com', 1298000, 'BANK TRANSFER', 'MANDIRI', NULL, '', NULL, NULL, NULL, 'Waiting for payment', '', '2018-01-08 00:53:10', NULL, NULL),
(14, 2147483647, 'Megantara Narapadya', 'Jl.Samosir Timur IV No.237 Bojongbata', 'Pemalang', '52319', 'ID', '85794867714', 'mereceiver7logia@gmail.com', 268000, 'BANK TRANSFER', 'MANDIRI', NULL, '', NULL, NULL, NULL, 'Waiting for payment', '2022676491090837', '2018-01-08 00:58:36', NULL, NULL);

-- --------------------------------------------------------

--
-- Struktur dari tabel `orders_item`
--

CREATE TABLE `orders_item` (
  `idData` int(11) NOT NULL,
  `orderId` int(11) NOT NULL,
  `variantId` int(11) NOT NULL,
  `price` varchar(15) NOT NULL,
  `qty` int(11) NOT NULL,
  `createdBy` varchar(100) NOT NULL,
  `createdDate` datetime NOT NULL,
  `changedBy` varchar(100) DEFAULT NULL,
  `changedDate` datetime DEFAULT NULL
) ENGINE=InnoDB DEFAULT CHARSET=latin1;

--
-- Dumping data untuk tabel `orders_item`
--

INSERT INTO `orders_item` (`idData`, `orderId`, `variantId`, `price`, `qty`, `createdBy`, `createdDate`, `changedBy`, `changedDate`) VALUES
(1, 1, 14, '100000', 2, 'guest', '2017-12-03 22:39:49', NULL, NULL),
(2, 1, 14, '30000', 1, 'guest', '2017-12-03 22:39:49', NULL, NULL),
(3, 2, 1, '100000', 1, 'demo@tulisan.com', '2017-12-03 22:50:14', NULL, NULL),
(4, 3, 1, '100000', 1, 'demo@tulisan.com', '2017-12-03 10:28:56', NULL, NULL),
(5, 4, 1, '100000', 1, 'demo@tulisan.com', '2017-12-04 19:19:12', NULL, NULL),
(6, 5, 1, '100000', 2, 'demo@tulisan.com', '2017-12-04 19:20:27', NULL, NULL),
(7, 6, 9, '918000', 1, 'demo@tulisan.com', '2017-12-05 23:33:17', NULL, NULL),
(8, 6, 1, '618000', 1, 'demo@tulisan.com', '2017-12-05 23:33:17', NULL, NULL),
(9, 7, 4, '918000', 1, 'demo@tulisan.com', '2017-12-05 23:34:17', NULL, NULL),
(10, 7, 9, '918000', 1, 'demo@tulisan.com', '2017-12-05 23:34:17', NULL, NULL),
(11, 8, 9, '918000', 1, 'demo@tulisan.com', '2017-12-05 23:34:34', NULL, NULL),
(12, 9, 4, '918000', 1, 'demo@tulisan.com', '2017-12-07 01:56:25', NULL, NULL),
(13, 10, 17, '848000', 1, 'guest', '2018-01-03 00:24:35', NULL, NULL),
(14, 11, 14, '1298000', 1, 'guest', '2018-01-08 00:31:56', NULL, NULL),
(15, 12, 200, '1398000', 1, 'guest', '2018-01-08 00:44:54', NULL, NULL),
(16, 13, 86, '1298000', 1, '', '2018-01-08 00:53:10', NULL, NULL),
(17, 14, 100, '268000', 1, '2022676491090837', '2018-01-08 00:58:36', NULL, NULL);

-- --------------------------------------------------------

--
-- Struktur dari tabel `products`
--

CREATE TABLE `products` (
  `idData` int(11) NOT NULL,
  `name` varchar(100) NOT NULL,
  `sku` varchar(10) NOT NULL,
  `description` text NOT NULL,
  `material` text NOT NULL,
  `dimension` varchar(100) NOT NULL,
  `price` varchar(15) NOT NULL,
  `storyId` int(11) NOT NULL,
  `categoryId` int(11) NOT NULL,
  `lookBook1` varchar(100) DEFAULT NULL,
  `lookBook2` varchar(100) DEFAULT NULL,
  `status` int(11) NOT NULL DEFAULT '0' COMMENT '[0,''dsiabled''],[1,''active'']',
  `createdBy` varchar(100) NOT NULL,
  `createdDate` datetime NOT NULL,
  `changedBy` varchar(100) DEFAULT NULL,
  `changedDate` datetime DEFAULT NULL
) ENGINE=InnoDB DEFAULT CHARSET=latin1;

--
-- Dumping data untuk tabel `products`
--

INSERT INTO `products` (`idData`, `name`, `sku`, `description`, `material`, `dimension`, `price`, `storyId`, `categoryId`, `lookBook1`, `lookBook2`, `status`, `createdBy`, `createdDate`, `changedBy`, `changedDate`) VALUES
(87, 'Chemist Bag', '', '', 'Water-resistant PU coated cotton canvas. features 2 side pockets. comes with adjustable sling and dust bag.', '36 x 16.5 x 26 cm | 14 x 6.5 x 10.25 in', '1,298,000', 5, 1, 'products_87_120171231113850pm.jpg', 'products_87_220171231113850pm.jpg', 1, 'admin@tulisan.com', '2017-12-05 01:13:05', 'aryaputra@tulisan.com', '2017-12-31 23:38:50'),
(91, 'Pepe Doll', 'DPE1105', '', 'Cotton canvas', '4.3 x 11.7 cm (body only)', '98,000', 3, 0, NULL, NULL, 0, 'admin@tulisan.com', '2017-12-07 01:25:25', 'aryaputra@tulisan.com', '2017-12-19 23:39:08'),
(103, 'Metropole Bag', 'BME1706', '', 'Water-resistant PU coated cotton canvas. Features 2 side pockets. Comes with sling and dust bag.', '42 x 11.5 x 33 cm | 16.5 x 4.5 x 13 in', '', 5, 0, NULL, NULL, 0, 'admin@tulisan.com', '2017-12-14 08:00:43', 'admin@tulisan.com', '2017-12-14 09:37:32'),
(104, 'Mochila Bag', '', '', 'Water-resistant PU coated cotton canvas. features 1 zippered exterior compartment 2 side pockets and mesh interior pocket. comes with pouch and dust bag.\r\n', '33 x 14 x 44.5 cm | 13 x 5.5 x 17.5 in', '', 5, 1, NULL, NULL, 1, 'admin@tulisan.com', '2017-12-14 08:02:16', '', '2017-12-29 08:02:12'),
(107, 'Mungil Bag', '', '', 'Water-resistant PU coated cotton canvas. comes with sling and dust bag.', '25.5 x 10 x 23 cm | 10 x 4 x 9 in', '848,000', 5, 1, 'products_107_120171227113227pm.jpg', 'products_107_220171227113227pm.jpg', 1, 'admin@tulisan.com', '2017-12-14 08:06:13', 'aryaputra@tulisan.com', '2017-12-27 23:32:27'),
(109, 'Sailing Bag', '', '', 'Water-resistant PU coated cotton canvas. Features 1 exterior pocket  3 interior pockets and 1 hanging pocket. Comes with matching pouch and dust bag.', '32 x 16 x 40 cm | 12.5 x 6.25 x 15.75 in', '', 9, 1, NULL, NULL, 1, 'admin@tulisan.com', '2017-12-14 08:08:39', 'aryaputra@tulisan.com', '2017-12-29 05:33:26'),
(111, 'Skipper Bag', '', '', 'Water-resistant PU coated cotton canvas with genuine leather handle. Features 1 exterior zipped pocket and interior hanging pocket. Comes with matching pouch and dust bag.\r\n', '31 x 10 x 42cm | 12.25 x 4 x 16.5 in', '', 9, 1, NULL, NULL, 1, 'admin@tulisan.com', '2017-12-14 08:10:34', 'aryaputra@tulisan.com', '2017-12-29 05:40:48'),
(113, 'Weekend Bag', '', '', 'Water-resistant PU coated cotton canvas. Comes with matching pouch and dust bag.', '36 x 20 x 39.5 cm | 14 x 7.75 x 15.5 in', '', 11, 1, NULL, NULL, 1, 'admin@tulisan.com', '2017-12-14 08:13:28', 'aryaputra@tulisan.com', '2017-12-30 05:44:00'),
(119, 'Pouches', '', '', 'Water-resistant PU coated cotton canvas.', '36 x 26.5 cm | 14.25 x 10.5 in', '', 9, 2, NULL, NULL, 1, 'admin@tulisan.com', '2017-12-14 08:25:02', '', '2017-12-29 07:35:43'),
(128, 'Organizer', '', '', 'Water-resistant PU coated cotton canvas.', '25 x 10 x 21.5 cm | 10 x 4 x 8.5 in', '', 9, 2, NULL, NULL, 1, 'admin@tulisan.com', '2017-12-14 08:57:59', 'aryaputra@tulisan.com', '2017-12-29 11:48:49'),
(136, 'Cubes', '', '', 'Water-resistant PU coated cotton canvas.', '25 x 13.5 x 13.5 cm | 10 x 5.5 x 5.5 in', '', 9, 2, NULL, NULL, 1, 'admin@tulisan.com', '2017-12-14 10:07:10', 'aryaputra@tulisan.com', '2017-12-30 06:49:10'),
(144, 'Olio Clutch', '', '', 'Water-resistant PU coated cotton canvas. Features 12 card compartments 1 zipped pocket 4 bill compartments and comes with dust bag.', '21 x 12 cm | 8.25 x 4.75 in', '', 9, 2, NULL, NULL, 1, 'admin@tulisan.com', '2017-12-14 10:15:58', 'aryaputra@tulisan.com', '2017-12-30 06:01:32'),
(148, 'Card Holder ', '', '', 'Water-resistant PU coated cotton canvas.', '11 x 7 cm | 4.25 x 2.75 in', '', 5, 2, NULL, NULL, 1, 'admin@tulisan.com', '2017-12-14 10:20:17', 'aryaputra@tulisan.com', '2017-12-30 07:21:54'),
(151, 'Passport Envelope', '', '', 'Water-resistant PU coated cotton canvas.\r\n', '14 x 9.5 cm | 5.5 x 3.75 in (Folded) 14x19cm | 5.5x7.5in(Unfolded)', '', 9, 2, NULL, NULL, 1, 'admin@tulisan.com', '2017-12-14 10:22:37', 'aryaputra@tulisan.com', '2017-12-30 07:33:53'),
(157, 'Luncheon Napkin', '', '', 'Non-bleached cotton canvas (non-coated). set of four napkins.', '40 x 40 cm | 15.75 x 15.75 in', '', 11, 3, NULL, NULL, 1, 'admin@tulisan.com', '2017-12-14 10:30:46', 'aryaputra@tulisan.com', '2017-12-31 23:27:10'),
(169, 'Studio Apron', '', '', 'Non-bleached cotton canvas (non-coated).', '34 x 77 cm | 13.5 x 30.5 in', '', 11, 3, NULL, NULL, 1, 'admin@tulisan.com', '2017-12-14 10:40:53', 'aryaputra@tulisan.com', '2017-12-30 06:58:24'),
(181, 'Car Organizer', '', '', 'Non-bleached cotton canvas (non-coated).', '29 x 39 cm | 11.5 x 15.5 in', '', 11, 3, NULL, NULL, 0, 'admin@tulisan.com', '2017-12-14 10:45:41', '', '2017-12-27 00:42:54'),
(193, 'Twiggy Hat', '', '', 'non-bleached cotton canvas (non-coated).', '', '', 11, 3, NULL, NULL, 0, 'admin@tulisan.com', '2017-12-14 10:51:00', 'aryaputra@tulisan.com', '2017-12-27 05:31:03'),
(198, 'Beverage Coaster', '', '', 'Non-bleached cotton canvas (non-coated). set of four coasters.', '10 x 10 cm | 4 x 4 in', '', 9, 3, NULL, NULL, 1, 'admin@tulisan.com', '2017-12-14 10:53:18', 'aryaputra@tulisan.com', '2017-12-30 07:56:00'),
(205, 'Post Card', 'PPO1407', 'ANIMA are Tulisan limited edition playing cards illustrated by Melissa Sunjaya and Sebastien Theraulaz. The four suits correspond to the four classical elements: Air (Hearts) Fire (Spades) Water (Clubs) and Earth (Diamonds). Additionally the deck features two jokers depicted by the artist\' Oracle of the Sacred Catfish and two special Anima cards portrayed by their Supreme Hippocampus. While ANIMA cards are perfect for playing traditional card games divination and storytelling they are also excellent for crafting whimsical gift tags secret notes or special reminders.', '', '', '', 10, 0, NULL, NULL, 0, 'admin@tulisan.com', '2017-12-14 10:55:46', 'aryaputra@tulisan.com', '2017-12-17 22:21:19'),
(206, 'Playing Card', '', 'ANIMA are Tulisan limited edition playing cards illustrated by Melissa Sunjaya and Sebastien Theraulaz. The four suits correspond to the four classical elements: Air (Hearts) Fire (Spades) Water (Clubs) and Earth (Diamonds). Additionally the deck features two jokers depicted by the artist\' Oracle of the Sacred Catfish and two special Anima cards portrayed by their Supreme Hippocampus. While ANIMA cards are perfect for playing traditional card games divination and storytelling they are also excellent for crafting whimsical gift tags secret notes or special reminders.\r\n', 'Coated card stock with matte laminating finish.\r\n', '5.5 cm x 9.5 cm', '', 10, 4, NULL, NULL, 1, 'admin@tulisan.com', '2017-12-14 10:56:41', 'aryaputra@tulisan.com', '2017-12-30 08:21:52'),
(207, 'Bio Fantasy Books', '', 'Bio Fantasy presents: the complete poetry by Chairil Anwar with 75 accompanying abstract artworks by Melissa Sunjaya. Hand-lettered excerpts of Chairil Anwar\'s poetry which are secretly embedded in these work of art can only be viewed with provided red film lens. Active interactions of the audience who viewed the Bio Fantasy artworks with the provided red film lens unveils another form of meaning about \'sense poetry\'.', '180 coloured pages hard cover with stitched binding Finished with gold de-bossed title\r\n', '176 x 250 x 17 mm', '', 17, 4, NULL, NULL, 1, 'admin@tulisan.com', '2017-12-14 10:58:24', 'aryaputra@tulisan.com', '2017-12-30 08:26:13'),
(208, 'Surat 1', 'BSX1629', '', '', '', '', 9, 0, NULL, NULL, 0, 'admin@tulisan.com', '2017-12-14 10:59:23', 'aryaputra@tulisan.com', '2017-12-18 09:31:46'),
(209, 'Surat 2', 'BSX1723', '', '', '', '', 5, 0, NULL, NULL, 0, 'admin@tulisan.com', '2017-12-14 11:00:03', 'aryaputra@tulisan.com', '2017-12-18 09:32:32'),
(210, 'Daisy Loops', '', '', 'Water-resistant non-toxic coated cotton canvas', '9 cm (diameter)', '', 12, 2, NULL, NULL, 1, 'admin@tulisan.com', '2017-12-14 11:01:03', '', '2017-12-29 08:16:07'),
(211, 'Monograph Fiction', 'MFI1107-EN', '', '', '', '', 12, 0, NULL, NULL, 0, 'admin@tulisan.com', '2017-12-14 11:02:02', 'aryaputra@tulisan.com', '2017-12-19 23:00:38'),
(212, 'Batavia Hotel Gift Tag', '', 'A box of 20 cards and a roll of ribbon with 10 unique illustrated designs for personalized tags or gifts. Each tag has a 0.125 inch hole for tying the ribbon.\r\n', 'Uncoated card stock with matte laminating finish on one side.', '13.3 x 9.5 cm', '', 0, 4, NULL, NULL, 1, 'admin@tulisan.com', '2017-12-14 11:03:57', '', '2017-12-29 08:13:49'),
(213, 'Delightfully Yours Gift Tag', '', 'A box of 20 cards and a roll of ribbon with 10 unique illustrated designs for personalized tags or gifts. Each tag has a 0.125 inch hole for tying the ribbon.\r\n', 'Uncoated card stock with matte laminating finish on one side.\r\n', '13.3 x 9.5 cm', '', 0, 4, NULL, NULL, 1, 'admin@tulisan.com', '2017-12-14 11:05:04', '', '2017-12-29 08:18:21'),
(214, 'Eyewear', '', '', '', '', '', 0, 2, NULL, NULL, 0, 'admin@tulisan.com', '2017-12-14 11:08:23', 'admin@tulisan.com', '2017-12-27 04:19:32'),
(217, 'Besame Mucho', '', '', 'Non-bleached cotton canvas (non-coated).', '12.5 x 21 cm | 5 x 8.25 in', '', 11, 3, NULL, NULL, 1, 'aryaputra@tulisan.com', '2017-12-15 03:36:44', 'aryaputra@tulisan.com', '2017-12-30 07:15:36'),
(223, 'Apron Kangaroo', '', '', 'Non-bleached cotton canvas (non-coated).', '73 x 80 cm | 28.75 x 31.5 in', '', 9, 3, NULL, NULL, 1, 'aryaputra@tulisan.com', '2017-12-15 03:42:14', 'aryaputra@tulisan.com', '2017-12-29 12:09:07'),
(233, 'Cooking Apron', '', 'Another signature product from Tulisan\'s founding team is this multi-purpose apron. Whether you cook for pleasure or for profession the apron wraps to your aid. Also a great addition when working with painting or any craft project.\r\n', 'Non-bleached cotton canvas (non-coated)\r\n', '73 x 81 cm | 28.75 x 32 in', '', 5, 3, NULL, NULL, 1, 'aryaputra@tulisan.com', '2017-12-15 03:55:17', 'aryaputra@tulisan.com', '2017-12-30 07:05:25'),
(234, 'Cushion Cover', '', 'A two sided cover for your sofa bed or decorative needs.', 'Non-bleached cotton canvas (non-coated).', '49 x 49 cm | 19.25 x 19.25 in', '', 11, 3, NULL, NULL, 1, 'aryaputra@tulisan.com', '2017-12-15 03:58:59', 'aryaputra@tulisan.com', '2017-12-29 13:06:18'),
(261, 'Tea Towel', '', 'Lit up the house with one of our signature product: the tea towel. It embellishes kitchen with quirky pattern or decorate the wall with cinematic illustration. Lay it upon the sofa for a quick up-do when guests are coming. The tea towel also preserves the original look of using raw cotton-canvas and uncoated finishing.\r\n', 'Non-bleached cotton canvas (non-coated)\r\n', '48 x 80 cm | 19 x 31.5 in', '', 5, 3, NULL, NULL, 1, 'aryaputra@tulisan.com', '2017-12-15 04:16:14', 'aryaputra@tulisan.com', '2017-12-29 13:14:07'),
(270, 'Placemats', '', '', 'Non-bleached cotton canvas (non-coated). set of two placemats.', '35 x 48 cm | 13.75 x 19 in', '', 11, 3, NULL, NULL, 1, 'aryaputra@tulisan.com', '2017-12-15 04:21:54', 'aryaputra@tulisan.com', '2017-12-30 08:04:37'),
(281, 'Santiago', 'CCE1202', '', '', '', '', 0, 0, NULL, NULL, 0, 'aryaputra@tulisan.com', '2017-12-15 04:30:36', NULL, NULL),
(282, 'Clio Children', 'CCL1202', '', '', '', '', 0, 0, NULL, NULL, 0, 'aryaputra@tulisan.com', '2017-12-15 04:31:32', NULL, NULL),
(283, 'Clara Children', 'CCR1202', '', '', '', '', 0, 0, NULL, NULL, 0, 'aryaputra@tulisan.com', '2017-12-15 04:33:20', NULL, NULL),
(284, 'Inaya Children', 'CIN1202', '', '', '', '', 0, 0, NULL, NULL, 0, 'aryaputra@tulisan.com', '2017-12-15 04:34:16', NULL, NULL),
(285, 'Lila Children', 'CLI1301', '', '', '', '', 0, 0, NULL, NULL, 0, 'aryaputra@tulisan.com', '2017-12-15 04:35:23', NULL, NULL),
(287, 'Miya Children', 'CMI1202', '', '', '', '', 0, 0, NULL, NULL, 0, 'aryaputra@tulisan.com', '2017-12-15 04:37:02', NULL, NULL),
(288, 'Oki Children', 'COK2013', '', '', '', '', 0, 0, NULL, NULL, 0, 'aryaputra@tulisan.com', '2017-12-15 04:37:42', NULL, NULL),
(289, 'Pia Children', 'CPI1202', '', '', '', '', 0, 0, NULL, NULL, 0, 'aryaputra@tulisan.com', '2017-12-15 04:38:49', NULL, NULL),
(291, 'Tim Children', 'CTI2013', '', '', '', '', 0, 0, NULL, NULL, 0, 'aryaputra@tulisan.com', '2017-12-15 04:40:17', NULL, NULL),
(292, 'Yoona Children', 'CYO1202', '', '', '', '', 0, 0, NULL, NULL, 0, 'aryaputra@tulisan.com', '2017-12-15 04:40:55', NULL, NULL),
(293, 'Ziggy Children', 'CZI2013', '', '', '', '', 0, 0, NULL, NULL, 0, 'aryaputra@tulisan.com', '2017-12-15 04:42:10', NULL, NULL),
(294, 'Sisilia Skirt', 'SSI1202', '', '', '', '', 0, 0, NULL, NULL, 0, 'aryaputra@tulisan.com', '2017-12-15 04:42:54', NULL, NULL),
(295, 'Verona Skirt', 'SVE1301', '', '', '', '', 0, 0, NULL, NULL, 0, 'aryaputra@tulisan.com', '2017-12-15 04:43:40', NULL, NULL),
(296, 'Mimosa Love Reverse', 'TAN1106R', '', '', '', '', 0, 0, NULL, NULL, 0, 'aryaputra@tulisan.com', '2017-12-15 04:44:35', NULL, NULL),
(297, 'Celosia', 'TAN1202', '', '', '', '', 0, 0, NULL, NULL, 0, 'aryaputra@tulisan.com', '2017-12-15 04:45:17', NULL, NULL),
(298, 'Florensia Tops', 'TFL1202', '', '', '', '', 0, 0, NULL, NULL, 0, 'aryaputra@tulisan.com', '2017-12-15 04:46:55', NULL, NULL),
(299, 'Malta Tunic', 'TMA1202', '', '', '', '', 0, 0, NULL, NULL, 0, 'aryaputra@tulisan.com', '2017-12-15 04:48:09', NULL, NULL),
(300, 'Mykonos Tunic', 'TMY1202', '', '', '', '', 0, 0, NULL, NULL, 0, 'aryaputra@tulisan.com', '2017-12-15 04:48:53', NULL, NULL),
(302, 'Toluca', 'TOL1201', '', '', '', '', 0, 0, NULL, NULL, 0, 'aryaputra@tulisan.com', '2017-12-15 04:50:10', NULL, NULL),
(309, 'Tuscany', 'TUS1205', '', '', '', '', 0, 0, NULL, NULL, 0, 'aryaputra@tulisan.com', '2017-12-15 05:07:35', NULL, NULL);

-- --------------------------------------------------------

--
-- Struktur dari tabel `products_variant`
--

CREATE TABLE `products_variant` (
  `idData` int(11) NOT NULL,
  `productId` int(11) NOT NULL,
  `sku` varchar(20) NOT NULL,
  `storyId` int(11) NOT NULL,
  `artworkId` int(11) NOT NULL,
  `colorId` int(11) NOT NULL,
  `qty` int(11) NOT NULL,
  `price` varchar(20) DEFAULT NULL,
  `size` varchar(100) NOT NULL,
  `dimension` varchar(50) NOT NULL,
  `frontPicture` varchar(100) NOT NULL,
  `backPicture` varchar(100) NOT NULL,
  `topPicture` varchar(100) NOT NULL,
  `rightPicture` varchar(100) NOT NULL,
  `bottomPicture` varchar(100) NOT NULL,
  `leftPicture` varchar(100) NOT NULL,
  `createdBy` varchar(100) NOT NULL,
  `createdDate` datetime NOT NULL,
  `changedby` varchar(100) DEFAULT NULL,
  `changedDate` datetime DEFAULT NULL
) ENGINE=InnoDB DEFAULT CHARSET=latin1;

--
-- Dumping data untuk tabel `products_variant`
--

INSERT INTO `products_variant` (`idData`, `productId`, `sku`, `storyId`, `artworkId`, `colorId`, `qty`, `price`, `size`, `dimension`, `frontPicture`, `backPicture`, `topPicture`, `rightPicture`, `bottomPicture`, `leftPicture`, `createdBy`, `createdDate`, `changedby`, `changedDate`) VALUES
(1, 84, '', 0, 1, 3, 4, NULL, 'Medium', '', 'products_1_1.jpg', 'products_1_2.jpg', 'products_1_3.jpg', 'products_1_4.jpg', 'products_1_5.jpg', 'products_1_6.jpg', 'tes', '2017-11-27 00:00:00', 'admin@tulisan.com', '2017-11-29 14:07:31'),
(2, 84, '', 0, 1, 3, 7, NULL, 'Large', '', 'products_2_1.jpg', 'products_2_2.jpg', 'products_2_3.jpg', '', '', '', 'tes', '2017-11-27 00:00:00', 'admin@tulisan.com', '2017-11-29 19:27:39'),
(3, 84, '', 0, 0, 0, 1, NULL, 'Small', '', '', '', '', '', '', '', 'tes', '2017-11-27 00:00:00', 'admin@tulisan.com', '2017-11-29 11:58:02'),
(4, 85, '', 0, 1, 4, 7, NULL, 'Small', '', 'products_4_1.jpg', '', '', '', '', '', 'tes', '2017-11-27 00:00:00', 'admin@tulisan.com', '2017-11-29 21:52:32'),
(5, 0, '', 0, 2, 3, 0, NULL, 'Medium', '', '', '', '', '', '', '', 'admin@tulisan.com', '2017-11-29 13:43:15', NULL, NULL),
(6, 84, '', 0, 2, 3, 13, NULL, 'Medium', '', 'products_6_1.jpg', '', '', '', '', '', 'admin@tulisan.com', '2017-11-29 13:44:36', 'admin@tulisan.com', '2017-11-29 16:05:19'),
(7, 84, '', 0, 1, 3, 0, NULL, 'Small', '', 'products_7_1.jpg', '', '', '', '', '', 'admin@tulisan.com', '2017-11-29 13:47:38', 'admin@tulisan.com', '2017-11-29 13:53:00'),
(8, 84, '', 0, 2, 4, 6, NULL, 'Large', '', 'products_8_1.jpg', '', '', '', '', '', 'admin@tulisan.com', '2017-11-29 18:45:49', NULL, NULL),
(9, 85, '', 0, 1, 4, 4, NULL, 'Large', '', 'products_9_1.jpg', 'products_9_2.jpg', 'products_9_3.jpg', 'products_9_4.jpg', 'products_9_5.jpg', 'products_9_6.jpg', 'admin@tulisan.com', '2017-12-05 23:15:42', NULL, NULL),
(10, 85, '', 0, 1, 4, 4, NULL, 'Large', '', 'products_10_1.jpg', 'products_10_2.jpg', 'products_10_3.jpg', 'products_10_4.jpg', 'products_10_5.jpg', 'products_10_6.jpg', 'admin@tulisan.com', '2017-12-05 23:16:00', NULL, NULL),
(11, 85, '', 0, 1, 4, 4, NULL, 'Large', '', 'products_11_1.jpg', 'products_11_2.jpg', 'products_11_3.jpg', 'products_11_4.jpg', 'products_11_5.jpg', 'products_11_6.jpg', 'admin@tulisan.com', '2017-12-05 23:16:01', NULL, NULL),
(12, 85, '', 0, 1, 4, 4, NULL, 'Large', '', 'products_12_1.jpg', 'products_12_2.jpg', 'products_12_3.jpg', 'products_12_4.jpg', 'products_12_5.jpg', 'products_12_6.jpg', 'admin@tulisan.com', '2017-12-05 23:16:01', NULL, NULL),
(13, 99, '', 0, 1, 4, 5, 'NaN', 'Small', '', 'products_13_1.jpg', '', '', '', '', '', 'admin@tulisan.com', '2017-12-12 05:36:19', 'admin@tulisan.com', '2017-12-13 10:59:39'),
(14, 87, 'BCH1705', 5, 14, 7, 1, '1298000', 'Free Size', '36 x 16.5 x 26 cm | 14 x 6.5 x 10.25 in', 'products_14_1.jpg', 'products_14_2.jpg', 'products_14_3.jpg', 'products_14_4.jpg', 'products_14_5.jpg', 'products_14_6.jpg', 'admin@tulisan.com', '2017-12-13 00:15:46', '', '2018-01-08 00:31:56'),
(17, 107, 'BMU1707', 5, 16, 11, 1, '848000', 'Free Size', '25.5 x 10 x 23 cm | 10 x 4 x 9 in', 'products_17_1.jpg', 'products_17_2.jpg', 'products_17_3.jpg', '', 'products_17_5.jpg', 'products_17_6.jpg', 'aryaputra@tulisan.com', '2017-12-15 05:21:30', 'aryaputra@tulisan.com', '2017-12-29 13:59:43'),
(27, 212, 'GIF1104', 18, 29, 0, 5, '98000', 'Free Size', '13.3 x 9.5 cm', 'products_27_1.jpg', 'products_27_2.jpg', 'products_27_3.jpg', 'products_27_4.jpg', 'products_27_5.jpg', 'products_27_6.jpg', 'aryaputra@tulisan.com', '2017-12-15 20:10:17', 'aryaputra@tulisan.com', '2017-12-29 10:43:34'),
(28, 217, 'PBE1708', 5, 17, 9, 3, '148000', 'Free Size', '12.5 x 21 cm | 5 x 8.25 in', 'products_28_1.jpg', '', '', '', '', '', 'aryaputra@tulisan.com', '2017-12-15 20:11:00', 'aryaputra@tulisan.com', '2017-12-30 07:10:52'),
(29, 217, 'PBE1605', 11, 25, 54, 2, '148000', 'Free Size', '12.5 x 21 cm | 5 x 8.25 in', '', '', '', '', '', '', 'aryaputra@tulisan.com', '2017-12-15 20:19:01', 'aryaputra@tulisan.com', '2017-12-26 22:56:56'),
(30, 217, 'PBE1626', 9, 8, 3, 0, '148000', 'Free Size', '12.5 x 21 cm | 5 x 8.25 in', '', '', '', '', '', '', 'aryaputra@tulisan.com', '2017-12-15 20:20:53', 'aryaputra@tulisan.com', '2017-12-26 22:58:22'),
(31, 217, 'PBE1626', 9, 8, 58, 2, '148000', 'Free Size', '12.5 x 21 cm | 5 x 8.25 in', '', '', '', '', '', '', 'aryaputra@tulisan.com', '2017-12-15 20:21:13', 'aryaputra@tulisan.com', '2017-12-26 22:58:46'),
(32, 217, 'PBE1705', 5, 14, 31, 3, '148000', 'Free Size', '12.5 x 21 cm | 5 x 8.25 in', '', '', '', '', '', '', 'aryaputra@tulisan.com', '2017-12-15 20:23:57', 'aryaputra@tulisan.com', '2017-12-26 22:59:56'),
(33, 217, 'PBE1705', 5, 14, 7, 3, '148000', 'Free Size', '12.5 x 21 cm | 5 x 8.25 in', '', '', '', '', '', '', 'aryaputra@tulisan.com', '2017-12-15 20:24:13', 'aryaputra@tulisan.com', '2017-12-26 23:00:11'),
(34, 217, 'PBE1706', 5, 15, 56, 4, '148000', 'Free Size', '12.5 x 21 cm | 5 x 8.25 in', '', '', '', '', '', '', 'aryaputra@tulisan.com', '2017-12-15 20:26:26', 'aryaputra@tulisan.com', '2017-12-26 23:01:09'),
(35, 217, 'PBE1706', 5, 15, 55, 4, '148000', 'Free Size', '12.5 x 21 cm | 5 x 8.25 in', '', '', '', '', '', '', 'aryaputra@tulisan.com', '2017-12-15 20:26:43', 'aryaputra@tulisan.com', '2017-12-26 23:01:30'),
(36, 217, 'PBE1707', 5, 16, 11, 3, '148000', 'Free Size', '12.5 x 21 cm | 5 x 8.25 in', '', '', '', '', '', '', 'aryaputra@tulisan.com', '2017-12-15 20:51:13', 'aryaputra@tulisan.com', '2017-12-26 23:02:42'),
(37, 217, 'PBE1707', 5, 16, 15, 3, '148000', 'Free Size', '12.5 x 21 cm | 5 x 8.25 in', '', '', '', '', '', '', 'aryaputra@tulisan.com', '2017-12-15 20:51:28', 'aryaputra@tulisan.com', '2017-12-26 23:02:58'),
(40, 198, 'HBC1708', 5, 17, 9, 2, '148000', 'Free Size', '10 x 10 cm | 4 x 4 in', 'products_40_1.jpg', '', '', '', '', '', 'aryaputra@tulisan.com', '2017-12-15 20:52:57', 'aryaputra@tulisan.com', '2017-12-30 07:58:15'),
(41, 198, 'HBC1624', 9, 6, 49, 2, '148000', 'Free Size', '10 x 10 cm | 4 x 4 in', '', '', '', '', '', '', 'aryaputra@tulisan.com', '2017-12-15 20:53:35', '', '2017-12-27 00:08:02'),
(42, 198, 'HBC1625', 9, 7, 53, 2, '148000', 'Free Size', '10 x 10 cm | 4 x 4 in', '', '', '', '', '', '', 'aryaputra@tulisan.com', '2017-12-15 20:54:23', '', '2017-12-27 00:08:59'),
(43, 198, 'HBC1625', 9, 7, 33, 2, '148000', 'Free Size', '10 x 10 cm | 4 x 4 in', '', '', '', '', '', '', 'aryaputra@tulisan.com', '2017-12-15 20:54:38', '', '2017-12-27 00:09:15'),
(44, 198, 'HBC1626', 9, 8, 3, 2, '148000', 'Free Size', '10 x 10 cm | 4 x 4 in', '', '', '', '', '', '', 'aryaputra@tulisan.com', '2017-12-15 20:55:08', '', '2017-12-27 00:10:19'),
(45, 198, 'HBC1626', 9, 8, 58, 2, '148000', 'Free Size', '10 x 10 cm | 4 x 4 in', '', '', '', '', '', '', 'aryaputra@tulisan.com', '2017-12-15 20:55:25', '', '2017-12-27 00:10:35'),
(46, 198, 'HBC1627', 9, 9, 37, 2, '148000', 'Free Size', '10 x 10 cm | 4 x 4 in', '', '', '', '', '', '', 'aryaputra@tulisan.com', '2017-12-15 20:56:00', '', '2017-12-27 00:11:31'),
(47, 198, 'HBC1627', 9, 9, 42, 2, '148000', 'Free Size', '10 x 10 cm | 4 x 4 in', '', '', '', '', '', '', 'aryaputra@tulisan.com', '2017-12-15 20:56:21', '', '2017-12-27 00:11:45'),
(48, 198, 'HBC1706', 5, 15, 56, 2, '148000', 'Free Size', '10 x 10 cm | 4 x 4 in', '', '', '', '', '', '', '', '2017-12-15 22:47:14', '', '2017-12-27 00:36:41'),
(49, 198, 'HBC1706', 5, 15, 55, 2, '148000', 'Free Size', '10 x 10 cm | 4 x 4 in', '', '', '', '', '', '', '', '2017-12-15 22:47:31', '', '2017-12-27 00:36:57'),
(50, 198, 'HBC1707', 5, 16, 11, 4, '148000', 'Free Size', '10 x 10 cm | 4 x 4 in', '', '', '', '', '', '', 'aryaputra@tulisan.com', '2017-12-15 22:56:33', '', '2017-12-27 00:37:53'),
(51, 198, 'HBC1707', 5, 16, 15, 4, '148000', 'Free Size', '10 x 10 cm | 4 x 4 in', '', '', '', '', '', '', 'aryaputra@tulisan.com', '2017-12-15 22:56:47', '', '2017-12-27 00:38:10'),
(52, 198, 'HBC1624', 9, 6, 32, 2, '148000', 'Free Size', '10 x 10 cm | 4 x 4 in', '', '', '', '', '', '', 'aryaputra@tulisan.com', '2017-12-15 22:57:21', 'aryaputra@tulisan.com', '2017-12-30 07:59:54'),
(53, 198, 'HBC1708', 5, 17, 18, 2, '148000', 'Free Size', '10 x 10 cm | 4 x 4 in', 'products_53_1.jpg', '', '', '', '', '', 'aryaputra@tulisan.com', '2017-12-15 22:57:32', 'aryaputra@tulisan.com', '2017-12-30 08:00:36'),
(54, 207, 'BBF1628', 17, 34, 0, 5, '498000', 'Free Size', '176 x 250 x 17 mm', 'products_54_1.jpg', 'products_54_2.jpg', 'products_54_3.jpg', '', 'products_54_5.jpg', 'products_54_6.jpg', 'aryaputra@tulisan.com', '2017-12-15 22:58:07', 'aryaputra@tulisan.com', '2017-12-30 08:25:04'),
(55, 181, 'HCC1603', 11, 20, 32, 1, '328000', 'Free Size', '29 x 39 cm | 11.5 x 15.5 in', '', '', '', '', '', '', 'aryaputra@tulisan.com', '2017-12-15 22:59:06', '', '2017-12-27 00:44:04'),
(56, 181, 'HCO1603', 11, 20, 3, 1, '328000', 'Free Size', '29 x 39 cm | 11.5 x 15.5 in', '', '', '', '', '', '', 'aryaputra@tulisan.com', '2017-12-15 22:59:27', '', '2017-12-27 00:44:20'),
(57, 181, 'HCO1604', 11, 21, 32, 1, '328000', 'Free Size', '29 x 39 cm | 11.5 x 15.5 in', '', '', '', '', '', '', 'aryaputra@tulisan.com', '2017-12-15 23:00:35', '', '2017-12-27 00:45:09'),
(58, 181, 'HCO1604', 11, 21, 3, 1, '328000', 'Free Size', '29 x 39 cm | 11.5 x 15.5 in', '', '', '', '', '', '', 'aryaputra@tulisan.com', '2017-12-15 23:00:49', '', '2017-12-27 00:45:21'),
(59, 181, 'HCO1605', 11, 25, 19, 5, '328000', 'Free Size', '29 x 39 cm | 11.5 x 15.5 in', '', '', '', '', '', '', 'aryaputra@tulisan.com', '2017-12-15 23:01:20', '', '2017-12-27 00:58:09'),
(60, 181, 'HCO1605', 11, 25, 54, 1, '328000', 'Free Size', '29 x 39 cm | 11.5 x 15.5 in', '', '', '', '', '', '', 'aryaputra@tulisan.com', '2017-12-15 23:01:34', '', '2017-12-27 00:46:44'),
(61, 181, 'HCO1606', 11, 22, 19, 5, '328000', 'Free Size', '29 x 39 cm | 11.5 x 15.5 in', '', '', '', '', '', '', 'aryaputra@tulisan.com', '2017-12-15 23:02:06', '', '2017-12-27 00:58:31'),
(62, 181, 'HCO1606', 11, 22, 54, 1, '328000', 'Free Size', '29 x 39 cm | 11.5 x 15.5 in', '', '', '', '', '', '', 'aryaputra@tulisan.com', '2017-12-15 23:02:20', '', '2017-12-27 00:47:57'),
(63, 181, 'HCO1624', 9, 6, 32, 1, '328000', 'Free Size', '29 x 39 cm | 11.5 x 15.5 in', '', '', '', '', '', '', 'aryaputra@tulisan.com', '2017-12-15 23:03:12', '', '2017-12-27 00:50:33'),
(64, 181, 'HCO1624', 9, 6, 49, 1, '328000', 'Free Size', '29 x 39 cm | 11.5 x 15.5 in', '', '', '', '', '', '', 'aryaputra@tulisan.com', '2017-12-15 23:03:26', '', '2017-12-27 00:50:51'),
(65, 181, 'HCO1625', 9, 7, 53, 1, '328000', 'Free Size', '29 x 39 cm | 11.5 x 15.5 in', '', '', '', '', '', '', 'aryaputra@tulisan.com', '2017-12-15 23:04:03', '', '2017-12-27 00:51:46'),
(66, 181, 'HCO1625', 9, 7, 33, 1, '328000', 'Free Size', '29 x 39 cm | 11.5 x 15.5 in', '', '', '', '', '', '', 'aryaputra@tulisan.com', '2017-12-15 23:04:25', '', '2017-12-27 00:52:01'),
(67, 181, 'HCO1626', 9, 8, 3, 1, '328000', 'Free Size', '29 x 39 cm | 11.5 x 15.5 in', '', '', '', '', '', '', 'aryaputra@tulisan.com', '2017-12-15 23:04:52', '', '2017-12-27 00:53:06'),
(68, 181, 'HCO1626', 9, 8, 58, 1, '328000', 'Free Size', '29 x 39 cm | 11.5 x 15.5 in', '', '', '', '', '', '', 'aryaputra@tulisan.com', '2017-12-15 23:05:07', '', '2017-12-27 00:59:15'),
(69, 181, 'HCO1627', 9, 9, 37, 1, '328000', 'Free Size', '29 x 39 cm | 11.5 x 15.5 in', '', '', '', '', '', '', 'aryaputra@tulisan.com', '2017-12-15 23:05:42', '', '2017-12-27 00:54:40'),
(70, 181, 'HCO1627', 9, 9, 42, 1, '328000', 'Free Size', '29 x 39 cm | 11.5 x 15.5 in', '', '', '', '', '', '', 'aryaputra@tulisan.com', '2017-12-15 23:05:57', '', '2017-12-27 00:54:54'),
(71, 181, 'HCO1705', 5, 14, 31, 1, '328000', 'Free Size', '29 x 39 cm | 11.5 x 15.5 in', '', '', '', '', '', '', 'aryaputra@tulisan.com', '2017-12-15 23:06:57', '', '2017-12-27 00:57:11'),
(72, 181, 'HCO1705', 5, 14, 7, 1, '328000', 'Free Size', '29 x 39 cm | 11.5 x 15.5 in', '', '', '', '', '', '', 'aryaputra@tulisan.com', '2017-12-15 23:07:14', '', '2017-12-27 00:57:28'),
(73, 181, 'HCO1706', 5, 15, 56, 0, '328000', 'Free Size', '29 x 39 cm | 11.5 x 15.5 in', '', '', '', '', '', '', 'aryaputra@tulisan.com', '2017-12-15 23:08:42', '', '2017-12-27 01:01:19'),
(74, 181, 'HCO1706', 5, 15, 55, 2, '328000', 'Free Size', '29 x 39 cm | 11.5 x 15.5 in', '', '', '', '', '', '', 'aryaputra@tulisan.com', '2017-12-15 23:09:01', '', '2017-12-27 01:01:48'),
(75, 181, 'HCO1707', 5, 16, 11, 1, '328000', 'Free Size', '29 x 39 cm | 11.5 x 15.5 in', '', '', '', '', '', '', 'aryaputra@tulisan.com', '2017-12-15 23:09:37', '', '2017-12-27 01:03:05'),
(76, 181, 'HCO1707', 5, 16, 15, 1, '328000', 'Free Size', '29 x 39 cm | 11.5 x 15.5 in', '', '', '', '', '', '', 'aryaputra@tulisan.com', '2017-12-15 23:09:49', '', '2017-12-27 01:03:18'),
(77, 181, 'HCO1708', 5, 17, 9, 2, '328000', 'Free Size', '29 x 39 cm | 11.5 x 15.5 in', '', '', '', '', '', '', 'aryaputra@tulisan.com', '2017-12-15 23:10:21', '', '2017-12-27 01:04:18'),
(78, 181, 'HCO1708', 5, 17, 18, 2, '328000', 'Free Size', '29 x 39 cm | 11.5 x 15.5 in', '', '', '', '', '', '', 'aryaputra@tulisan.com', '2017-12-15 23:10:45', '', '2017-12-27 01:04:42'),
(80, 148, 'CHO1708', 5, 17, 9, 0, '98000', 'Free Size', '11 x 7 cm | 4.25 x 2.75 in', 'products_80_1.jpg', '', '', '', '', '', 'aryaputra@tulisan.com', '2017-12-15 23:32:00', '', '2018-01-02 02:25:08'),
(81, 148, 'CHO1707', 5, 16, 11, 0, '98000', 'Free Size', '11 x 7 cm | 4.25 x 2.75 in', '', '', '', '', '', '', '', '2017-12-16 20:54:22', '', '2017-12-27 01:07:57'),
(82, 148, 'CHO1707', 5, 16, 15, 1, '98000', 'Free Size', '11 x 7 cm | 4.25 x 2.75 in', 'products_82_1.jpg', '', '', '', '', '', '', '2017-12-16 20:54:41', 'aryaputra@tulisan.com', '2017-12-30 07:28:12'),
(83, 148, 'CHO1706', 5, 15, 55, 3, '98000', 'Free Size', '11 x 7 cm | 4.25 x 2.75 in', 'products_83_1.jpg', '', '', '', '', '', '', '2017-12-16 21:14:12', 'aryaputra@tulisan.com', '2017-12-30 07:27:48'),
(84, 148, 'CHO1708', 5, 17, 18, 2, '98000', 'Free Size', '11 x 7 cm | 4.25 x 2.75 in', 'products_84_1.jpg', '', '', '', '', '', '', '2017-12-16 21:14:27', 'aryaputra@tulisan.com', '2017-12-30 07:27:27'),
(85, 87, 'BCH1705', 5, 14, 31, 2, '1298000', 'Free Size', '36 x 16.5 x 26 cm | 14 x 6.5 x 10.25 in', 'products_85_1.jpg', 'products_85_2.jpg', 'products_85_3.jpg', 'products_85_4.jpg', 'products_85_5.jpg', 'products_85_6.jpg', '', '2017-12-16 21:15:15', '', '2017-12-29 07:51:41'),
(86, 87, 'BCH1706', 5, 15, 56, 1, '1298000', 'Free Size', '36 x 16.5 x 26 cm | 14 x 6.5 x 10.25 in', 'products_86_1.jpg', 'products_86_2.jpg', 'products_86_3.jpg', 'products_86_4.jpg', 'products_86_5.jpg', 'products_86_6.jpg', '', '2017-12-16 21:15:58', '', '2018-01-08 00:53:10'),
(87, 87, 'BCH1706', 5, 15, 55, 2, '1298000', 'Free Size', '36 x 16.5 x 26 cm | 14 x 6.5 x 10.25 in', 'products_87_1.jpg', 'products_87_2.jpg', 'products_87_3.jpg', 'products_87_4.jpg', 'products_87_5.jpg', 'products_87_6.jpg', '', '2017-12-16 21:16:12', '', '2017-12-29 07:55:11'),
(88, 87, 'BCH1707', 5, 16, 11, 2, '1298000', 'Free Size', '36 x 16.5 x 26 cm | 14 x 6.5 x 10.25 in', 'products_88_1.jpg', 'products_88_2.jpg', 'products_88_3.jpg', '', 'products_88_5.jpg', 'products_88_6.jpg', '', '2017-12-16 21:16:42', '', '2017-12-29 07:57:03'),
(89, 87, 'BCH1707', 5, 16, 15, 2, '1298000', 'Free Size', '36 x 16.5 x 26 cm | 14 x 6.5 x 10.25 in', 'products_89_1.jpg', 'products_89_2.jpg', 'products_89_3.jpg', 'products_89_4.jpg', 'products_89_5.jpg', 'products_89_6.jpg', '', '2017-12-16 21:16:58', '', '2017-12-29 07:58:18'),
(90, 87, 'BCH1708', 5, 17, 9, 1, '1298000', 'Free Size', '36 x 16.5 x 26 cm | 14 x 6.5 x 10.25 in', 'products_90_1.jpg', 'products_90_2.jpg', 'products_90_3.jpg', 'products_90_4.jpg', 'products_90_5.jpg', 'products_90_6.jpg', '', '2017-12-16 21:17:26', '', '2017-12-29 07:59:15'),
(91, 87, 'BCH1708', 5, 17, 18, 2, '1298000', 'Free Size', '36 x 16.5 x 26 cm | 14 x 6.5 x 10.25 in', 'products_91_1.jpg', 'products_91_2.jpg', 'products_91_3.jpg', 'products_91_4.jpg', 'products_91_5.jpg', 'products_91_6.jpg', '', '2017-12-16 21:17:43', '', '2017-12-29 08:00:07'),
(92, 233, '1701', 5, 10, 31, 1, '468000', 'Free Size', '73 x 81 cm | 28.75 x 32 in', 'products_92_1.jpg', '', '', '', '', '', '', '2017-12-16 21:19:18', 'aryaputra@tulisan.com', '2017-12-30 07:03:26'),
(93, 233, 'HAP1622', 9, 4, 3, 1, '468000', 'Free Size', '73 x 81 cm | 28.75 x 32 in', '', '', '', '', '', '', '', '2017-12-16 21:19:31', '', '2017-12-27 01:20:12'),
(94, 233, 'HAP1623', 9, 5, 21, 0, '468000', 'Free Size', '73 x 81 cm | 28.75 x 32 in', '', '', '', '', '', '', '', '2017-12-16 21:28:51', '', '2017-12-27 01:21:09'),
(95, 233, 'HAP1623', 9, 5, 52, 1, '468000', 'Free Size', '73 x 81 cm | 28.75 x 32 in', '', '', '', '', '', '', '', '2017-12-16 21:29:06', '', '2017-12-27 01:21:23'),
(96, 233, 'HAP1622', 9, 4, 55, 1, '468000', 'Free Size', '73 x 81 cm | 28.75 x 32 in', '', '', '', '', '', '', '', '2017-12-16 22:12:51', 'aryaputra@tulisan.com', '2017-12-30 07:04:02'),
(97, 233, 'HAP1702', 5, 11, 7, 1, '468000', 'Free Size', '73 x 81 cm | 28.75 x 32 in', 'products_97_1.jpg', '', '', '', '', '', '', '2017-12-16 22:15:13', 'aryaputra@tulisan.com', '2017-12-30 07:04:31'),
(98, 233, 'HAP1703', 5, 12, 46, 0, '468000', 'Free Size', '73 x 81 cm | 28.75 x 32 in', '', '', '', '', '', '', '', '2017-12-16 22:19:06', '', '2017-12-27 01:35:01'),
(99, 233, 'HAP1704', 5, 13, 9, 2, '468000', 'Free Size', '73 x 81 cm | 28.75 x 32 in', 'products_99_1.jpg', '', '', '', '', '', '', '2017-12-16 22:20:45', 'aryaputra@tulisan.com', '2017-12-30 07:04:56'),
(100, 136, 'CUB1624', 9, 6, 32, 2, '268000', 'Medium', '25x13.5x13.5cm | 10x5.5x5.5in', 'products_100_1.jpg', 'products_100_2.jpg', 'products_100_3.jpg', 'products_100_4.jpg', 'products_100_5.jpg', 'products_100_6.jpg', '', '2017-12-16 22:22:00', '2022676491090837', '2018-01-08 00:58:36'),
(101, 136, 'CUB1624', 9, 6, 32, 0, '188000', 'Small', '14 x 10 x 10 cm | 5.5 x 4 x 4 in', '', '', '', '', '', '', '', '2017-12-16 22:22:22', '', '2017-12-27 01:38:54'),
(102, 136, 'CUB1624', 9, 6, 49, 5, '268000', 'Medium', '25x13.5x13.5cm | 10x5.5x5.5in', 'products_102_1.jpg', 'products_102_2.jpg', 'products_102_3.jpg', 'products_102_4.jpg', 'products_102_5.jpg', 'products_102_6.jpg', '', '2017-12-16 22:22:46', 'aryaputra@tulisan.com', '2017-12-30 06:06:50'),
(103, 136, 'CUB1624', 9, 6, 49, 0, '188000', 'Small', '14 x 10 x 10 cm | 5.5 x 4 x 4 in', '', '', '', '', '', '', '', '2017-12-16 22:23:07', '', '2017-12-27 01:40:09'),
(104, 136, 'CUB1625', 9, 7, 53, 5, '268000', 'Medium', '25x13.5x13.5cm | 10x5.5x5.5in', 'products_104_1.jpg', 'products_104_2.jpg', 'products_104_3.jpg', 'products_104_4.jpg', 'products_104_5.jpg', 'products_104_6.jpg', '', '2017-12-16 22:23:57', 'aryaputra@tulisan.com', '2017-12-30 06:12:32'),
(105, 136, 'CUB1625', 9, 7, 53, 5, '188000', 'Small', '14 x 10 x 10 cm | 5.5 x 4 x 4 in', 'products_105_1.jpg', 'products_105_2.jpg', 'products_105_3.jpg', 'products_105_4.jpg', 'products_105_5.jpg', 'products_105_6.jpg', '', '2017-12-16 22:24:10', 'aryaputra@tulisan.com', '2017-12-30 06:14:21'),
(106, 136, 'CUB1625', 9, 7, 33, 4, '268000', 'Medium', '25x13.5x13.5cm | 10x5.5x5.5in', 'products_106_1.jpg', 'products_106_2.jpg', 'products_106_3.jpg', 'products_106_4.jpg', 'products_106_5.jpg', 'products_106_6.jpg', '', '2017-12-16 22:24:25', 'aryaputra@tulisan.com', '2017-12-30 06:09:10'),
(107, 136, 'CUB1625', 9, 7, 33, 3, '188000', 'Small', '14 x 10 x 10 cm | 5.5 x 4 x 4 in', 'products_107_1.jpg', 'products_107_2.jpg', 'products_107_3.jpg', 'products_107_4.jpg', 'products_107_5.jpg', 'products_107_6.jpg', '', '2017-12-16 22:24:39', 'aryaputra@tulisan.com', '2017-12-30 06:10:35'),
(108, 136, 'CUB1626', 9, 8, 3, 5, '268000', 'Medium', '25x13.5x13.5cm | 10x5.5x5.5in', 'products_108_1.jpg', 'products_108_2.jpg', 'products_108_3.jpg', 'products_108_4.jpg', 'products_108_5.jpg', 'products_108_6.jpg', '', '2017-12-16 22:25:19', 'aryaputra@tulisan.com', '2017-12-30 06:20:03'),
(109, 136, 'CUB1626', 9, 8, 3, 0, '188000', 'Small', '14 x 10 x 10 cm | 5.5 x 4 x 4 in', '', '', '', '', '', '', '', '2017-12-16 22:25:37', '', '2017-12-27 01:45:03'),
(110, 136, 'CUB1626', 9, 8, 58, 4, '268000', 'Medium', '25x13.5x13.5cm | 10x5.5x5.5in', 'products_110_1.jpg', 'products_110_2.jpg', 'products_110_3.jpg', 'products_110_4.jpg', 'products_110_5.jpg', 'products_110_6.jpg', '', '2017-12-16 22:25:50', 'aryaputra@tulisan.com', '2017-12-30 06:16:09'),
(111, 136, 'CUB1626', 9, 8, 58, 5, '188000', 'Small', '14 x 10 x 10 cm | 5.5 x 4 x 4 in', 'products_111_1.jpg', 'products_111_2.jpg', 'products_111_3.jpg', 'products_111_4.jpg', 'products_111_5.jpg', 'products_111_6.jpg', '', '2017-12-16 22:26:02', 'aryaputra@tulisan.com', '2017-12-30 06:17:32'),
(112, 136, 'CUB1627', 9, 9, 37, 5, '268000', 'Medium', '25x13.5x13.5cm | 10x5.5x5.5in', 'products_112_1.jpg', 'products_112_2.jpg', 'products_112_3.jpg', 'products_112_4.jpg', 'products_112_5.jpg', 'products_112_6.jpg', '', '2017-12-16 22:26:33', 'aryaputra@tulisan.com', '2017-12-30 06:22:08'),
(113, 136, 'CUB1627', 9, 9, 37, 0, '188000', 'Small', '14 x 10 x 10 cm | 5.5 x 4 x 4 in', '', '', '', '', '', '', '', '2017-12-16 22:26:48', '', '2017-12-27 01:48:51'),
(114, 136, 'CUB1627', 9, 9, 42, 5, '268000', 'Medium', '25x13.5x13.5cm | 10x5.5x5.5in', 'products_114_1.jpg', 'products_114_2.jpg', 'products_114_3.jpg', 'products_114_4.jpg', 'products_114_5.jpg', 'products_114_6.jpg', '', '2017-12-16 22:27:01', 'aryaputra@tulisan.com', '2017-12-30 06:23:40'),
(115, 136, 'CUB1627', 9, 9, 42, 0, '188000', 'Small', '14 x 10 x 10 cm | 5.5 x 4 x 4 in', '', '', '', '', '', '', '', '2017-12-16 22:27:17', '', '2017-12-27 01:49:08'),
(116, 136, 'CUB1705', 5, 14, 31, 0, '268000', 'Medium', '25x13.5x13.5cm | 10x5.5x5.5in', '', '', '', '', '', '', '', '2017-12-16 22:34:52', '', '2017-12-27 01:50:38'),
(117, 136, 'CUB1705', 5, 14, 31, 0, '188000', 'Small', '14 x 10 x 10 cm | 5.5 x 4 x 4 in', '', '', '', '', '', '', '', '2017-12-16 22:35:17', '', '2017-12-27 01:51:13'),
(118, 136, 'CUB1705', 5, 14, 7, 0, '268000', 'Medium', '25x13.5x13.5cm | 10x5.5x5.5in', '', '', '', '', '', '', '', '2017-12-16 22:35:34', '', '2017-12-27 01:52:53'),
(119, 136, 'CUB1705', 5, 14, 7, 0, '188000', 'Small', '14 x 10 x 10 cm | 5.5 x 4 x 4 in', '', '', '', '', '', '', '', '2017-12-16 22:35:51', '', '2017-12-27 01:51:32'),
(120, 136, 'CUB1706', 5, 15, 56, 4, '268000', 'Medium', '25x13.5x13.5cm | 10x5.5x5.5in', 'products_120_1.jpg', 'products_120_2.jpg', 'products_120_3.jpg', 'products_120_4.jpg', 'products_120_5.jpg', 'products_120_6.jpg', '', '2017-12-16 22:36:36', 'aryaputra@tulisan.com', '2017-12-30 06:26:15'),
(121, 136, 'CUB1706', 5, 15, 56, 3, '188000', 'Small', '14 x 10 x 10 cm | 5.5 x 4 x 4 in', 'products_121_1.jpg', 'products_121_2.jpg', 'products_121_3.jpg', 'products_121_4.jpg', 'products_121_5.jpg', 'products_121_6.jpg', '', '2017-12-16 22:36:48', 'aryaputra@tulisan.com', '2017-12-30 06:29:09'),
(122, 136, 'CUB1706', 5, 15, 55, 4, '268000', 'Medium', '25x13.5x13.5cm | 10x5.5x5.5in', 'products_122_1.jpg', 'products_122_2.jpg', 'products_122_3.jpg', 'products_122_4.jpg', 'products_122_5.jpg', 'products_122_6.jpg', '', '2017-12-16 22:37:01', 'aryaputra@tulisan.com', '2017-12-30 06:30:54'),
(123, 136, 'CUB1706', 5, 15, 55, 4, '188000', 'Small', '14 x 10 x 10 cm | 5.5 x 4 x 4 in', 'products_123_1.jpg', 'products_123_2.jpg', 'products_123_3.jpg', 'products_123_4.jpg', 'products_123_5.jpg', 'products_123_6.jpg', '', '2017-12-16 22:37:13', 'aryaputra@tulisan.com', '2017-12-30 06:34:54'),
(124, 136, 'CUB1707', 5, 16, 11, 4, '268000', 'Medium', '25x13.5x13.5cm | 10x5.5x5.5in', 'products_124_1.jpg', 'products_124_2.jpg', 'products_124_3.jpg', 'products_124_4.jpg', 'products_124_5.jpg', 'products_124_6.jpg', '', '2017-12-16 22:37:40', 'aryaputra@tulisan.com', '2017-12-30 06:39:18'),
(125, 136, 'CUB1707', 5, 16, 11, 0, '188000', 'Small', '14 x 10 x 10 cm | 5.5 x 4 x 4 in', '', '', '', '', '', '', '', '2017-12-16 22:37:49', '', '2017-12-27 01:58:49'),
(126, 136, 'CUB1707', 5, 16, 15, 3, '268000', 'Medium', '25x13.5x13.5cm | 10x5.5x5.5in', 'products_126_1.jpg', 'products_126_2.jpg', 'products_126_3.jpg', 'products_126_4.jpg', 'products_126_5.jpg', 'products_126_6.jpg', '', '2017-12-16 22:38:02', 'aryaputra@tulisan.com', '2017-12-30 06:37:44'),
(127, 136, 'CUB1707', 5, 16, 15, 3, '188000', 'Small', '14 x 10 x 10 cm | 5.5 x 4 x 4 in', 'products_127_1.jpg', 'products_127_2.jpg', 'products_127_3.jpg', 'products_127_4.jpg', 'products_127_5.jpg', 'products_127_6.jpg', '', '2017-12-16 22:38:17', 'aryaputra@tulisan.com', '2017-12-30 06:36:18'),
(128, 136, 'CUB1708', 5, 17, 9, 4, '268000', 'Medium', '25x13.5x13.5cm | 10x5.5x5.5in', 'products_128_1.jpg', 'products_128_2.jpg', 'products_128_3.jpg', 'products_128_4.jpg', 'products_128_5.jpg', 'products_128_6.jpg', '', '2017-12-16 22:38:41', 'aryaputra@tulisan.com', '2017-12-30 06:40:47'),
(129, 136, 'CUB1708', 5, 17, 9, 3, '188000', 'Small', '14 x 10 x 10 cm | 5.5 x 4 x 4 in', 'products_129_1.jpg', 'products_129_2.jpg', 'products_129_3.jpg', 'products_129_4.jpg', 'products_129_5.jpg', 'products_129_6.jpg', '', '2017-12-16 22:38:52', 'aryaputra@tulisan.com', '2017-12-30 06:44:04'),
(130, 136, 'CUB1708', 5, 17, 18, 4, '268000', 'Medium', '25x13.5x13.5cm | 10x5.5x5.5in', 'products_130_1.jpg', 'products_130_2.jpg', 'products_130_3.jpg', 'products_130_4.jpg', 'products_130_5.jpg', 'products_130_6.jpg', '', '2017-12-16 22:39:04', 'aryaputra@tulisan.com', '2017-12-30 06:46:14'),
(131, 136, 'CUB1708', 5, 17, 18, 4, '188000', 'Small', '14 x 10 x 10 cm | 5.5 x 4 x 4 in', 'products_131_1.jpg', 'products_131_2.jpg', 'products_131_3.jpg', 'products_131_4.jpg', 'products_131_5.jpg', 'products_131_6.jpg', '', '2017-12-16 22:39:16', 'aryaputra@tulisan.com', '2017-12-30 06:47:19'),
(132, 234, 'HCC1603', 5, 10, 31, 2, '528000', 'Free Size', '48 x 48 cm | 19 x 19 in', 'products_132_1.jpg', '', '', '', '', '', '', '2017-12-16 22:40:06', 'aryaputra@tulisan.com', '2017-12-29 13:27:52'),
(133, 234, 'HCC1603', 11, 20, 32, 1, '398000', 'Free Size', '71 x 71 cm | 28 x 28 in 65x65cm | 25.5x25.5in( tsi', '', '', '', '', '', '', '', '2017-12-16 22:40:24', 'admin@tulisan.com', '2017-12-27 02:49:46'),
(134, 234, 'HCC1604', 11, 21, 3, 3, '398000', 'Free Size', '71 x 71 cm | 28 x 28 in 65x65cm | 25.5x25.5in( tsi', '', '', '', '', '', '', '', '2017-12-16 22:40:57', 'admin@tulisan.com', '2017-12-27 02:57:00'),
(135, 234, 'HCC1604', 11, 21, 32, 1, '398000', 'Free Size', '71 x 71 cm | 28 x 28 in 65x65cm | 25.5x25.5in( tsi', '', '', '', '', '', '', '', '2017-12-16 22:41:13', 'admin@tulisan.com', '2017-12-27 02:57:28'),
(136, 234, 'HCC1605', 11, 25, 19, 1, '398000', 'Free Size', '71 x 71 cm | 28 x 28 in 65x65cm | 25.5x25.5in( tsi', '', '', '', '', '', '', '', '2017-12-16 22:41:43', 'admin@tulisan.com', '2017-12-27 02:59:29'),
(137, 234, 'HCC1605', 11, 25, 54, 1, '398000', 'Free Size', '71 x 71 cm | 28 x 28 in 65x65cm | 25.5x25.5in( tsi', '', '', '', '', '', '', '', '2017-12-16 22:41:55', 'admin@tulisan.com', '2017-12-27 02:59:43'),
(138, 234, 'HCC1606', 11, 22, 19, 1, '398000', 'Free Size', '71 x 71 cm | 28 x 28 in 65x65cm | 25.5x25.5in( tsi', '', '', '', '', '', '', '', '2017-12-16 22:42:34', 'admin@tulisan.com', '2017-12-27 03:00:48'),
(139, 234, 'HCC1606', 11, 22, 54, 1, '398000', 'Free Size', '71 x 71 cm | 28 x 28 in 65x65cm | 25.5x25.5in( tsi', '', '', '', '', '', '', '', '2017-12-16 22:42:52', 'admin@tulisan.com', '2017-12-27 03:01:02'),
(141, 234, 'HCC1622', 9, 4, 55, 2, '528000', 'Free Size', '48 x 48 cm | 19 x 19 in', '', '', '', '', '', '', '', '2017-12-16 22:55:32', 'aryaputra@tulisan.com', '2017-12-29 13:25:20'),
(142, 234, 'HCC1623', 9, 5, 21, 2, '528000', 'Free Size', '48 x 48 cm | 19 x 19 in', '', '', '', '', '', '', '', '2017-12-16 22:56:11', 'admin@tulisan.com', '2017-12-27 03:09:50'),
(143, 234, 'HCC1623', 9, 5, 52, 0, '528000', 'Free Size', '48 x 48 cm | 19 x 19 in', '', '', '', '', '', '', '', '2017-12-16 22:56:29', 'admin@tulisan.com', '2017-12-27 03:07:17'),
(144, 234, 'HCC1626', 9, 8, 3, 0, '398000', 'Free Size', '71 x 71 cm | 28 x 28 in 65x65cm | 25.5x25.5in( tsi', '', '', '', '', '', '', '', '2017-12-16 22:58:00', 'admin@tulisan.com', '2017-12-27 03:18:50'),
(145, 234, 'HCC1626', 9, 8, 58, 3, '398000', 'Free Size', '71 x 71 cm | 28 x 28 in 65x65cm | 25.5x25.5in( tsi', '', '', '', '', '', '', '', '2017-12-16 22:58:17', 'admin@tulisan.com', '2017-12-27 03:19:06'),
(146, 234, 'HCC1627', 9, 9, 37, 0, '398000', 'Free Size', '71 x 71 cm | 28 x 28 in 65x65cm | 25.5x25.5in( tsi', '', '', '', '', '', '', '', '2017-12-16 22:58:59', 'admin@tulisan.com', '2017-12-27 03:20:27'),
(147, 234, 'HCC1627', 9, 9, 42, 3, '398000', 'Free Size', '71 x 71 cm | 28 x 28 in 65x65cm | 25.5x25.5in( tsi', '', '', '', '', '', '', '', '2017-12-16 22:59:11', 'admin@tulisan.com', '2017-12-27 03:20:40'),
(149, 234, 'HCC1702', 5, 11, 7, 2, '528000', 'Free Size', '48 x 48 cm | 19 x 19 in', 'products_149_1.jpg', '', '', '', '', '', '', '2017-12-16 23:00:24', 'aryaputra@tulisan.com', '2017-12-29 12:59:28'),
(150, 234, 'HCC1703', 5, 12, 46, 2, '528000', 'Free Size', '48 x 48 cm | 19 x 19 in', 'products_150_1.jpg', '', '', '', '', '', '', '2017-12-16 23:00:56', 'aryaputra@tulisan.com', '2017-12-29 12:59:53'),
(151, 234, 'HCC1704', 5, 13, 9, 2, '528000', 'Free Size', '48 x 48 cm | 19 x 19 in', 'products_151_1.jpg', '', '', '', '', '', '', '2017-12-16 23:01:21', 'aryaputra@tulisan.com', '2017-12-29 13:00:15'),
(152, 234, 'HCC1705', 5, 14, 31, 2, '398000', 'Free Size', '71 x 71 cm | 28 x 28 in 65x65cm | 25.5x25.5in( tsi', '', '', '', '', '', '', '', '2017-12-16 23:01:47', 'admin@tulisan.com', '2017-12-27 04:09:14'),
(153, 234, 'HCC1705', 5, 14, 7, 2, '398000', 'Free Size', '71 x 71 cm | 28 x 28 in 65x65cm | 25.5x25.5in( tsi', '', '', '', '', '', '', '', '2017-12-16 23:01:58', 'admin@tulisan.com', '2017-12-27 04:09:41'),
(154, 234, 'HCC1706', 5, 15, 56, 2, '398000', 'Free Size', '71 x 71 cm | 28 x 28 in 65x65cm | 25.5x25.5in( tsi', '', '', '', '', '', '', '', '2017-12-16 23:03:50', 'admin@tulisan.com', '2017-12-27 04:11:02'),
(155, 234, 'HCC1706', 5, 15, 55, 1, '398000', 'Free Size', '71 x 71 cm | 28 x 28 in 65x65cm | 25.5x25.5in( tsi', '', '', '', '', '', '', '', '2017-12-16 23:04:03', 'admin@tulisan.com', '2017-12-27 04:11:20'),
(156, 248, 'HCC1707', 5, 16, 11, 2, '398000', 'Free Size', '71 x 71 cm | 28 x 28 in 65x65cm | 25.5x25.5in( tsi', '', '', '', '', '', '', '', '2017-12-16 23:04:46', 'admin@tulisan.com', '2017-12-27 04:12:11'),
(157, 248, 'HCC1707', 5, 16, 15, 2, '398000', 'Free Size', '71 x 71 cm | 28 x 28 in 65x65cm | 25.5x25.5in( tsi', '', '', '', '', '', '', '', '2017-12-16 23:04:58', 'admin@tulisan.com', '2017-12-27 04:12:27'),
(158, 249, 'HCC1708', 5, 17, 9, 1, '398000', 'Free Size', '71 x 71 cm | 28 x 28 in 65x65cm | 25.5x25.5in( tsi', '', '', '', '', '', '', '', '2017-12-16 23:05:25', 'admin@tulisan.com', '2017-12-27 04:13:26'),
(159, 249, 'HCC1708', 5, 17, 18, 2, '398000', 'Free Size', '71 x 71 cm | 28 x 28 in 65x65cm | 25.5x25.5in( tsi', '', '', '', '', '', '', '', '2017-12-16 23:05:54', 'admin@tulisan.com', '2017-12-27 04:13:41'),
(160, 250, 'HCC1511', 17, 26, 26, 2, '522000', 'Free Size', '48 x 48 cm | 19 x 19 in', '', '', '', '', '', '', '', '2017-12-16 23:07:18', 'admin@tulisan.com', '2017-12-27 04:14:56'),
(161, 250, 'HCC1511', 17, 26, 56, 2, '522000', 'Free Size', '48 x 48 cm | 19 x 19 in', '', '', '', '', '', '', '', '2017-12-16 23:08:04', 'admin@tulisan.com', '2017-12-27 04:15:23'),
(162, 210, 'LDA06012', 12, 32, 0, 10, '86000', 'Free Size', '9 cm (diameter)', 'products_162_1.jpg', 'products_162_2.jpg', '', '', '', '', '', '2017-12-16 23:09:05', 'aryaputra@tulisan.com', '2017-12-29 10:46:15'),
(163, 213, 'GIF1101', 19, 31, 0, 5, '98000', 'Free Size', '13.3 x 9.5 cm', 'products_163_1.jpg', 'products_163_2.jpg', 'products_163_3.jpg', 'products_163_4.jpg', 'products_163_5.jpg', 'products_163_6.jpg', '', '2017-12-16 23:09:44', 'aryaputra@tulisan.com', '2017-12-29 10:41:59'),
(164, 214, 'AEW1607', 0, 0, 33, 2, '1500000', 'Free Size', '', '', '', '', '', '', '', '', '2017-12-16 23:10:37', 'admin@tulisan.com', '2017-12-27 04:20:04'),
(165, 214, 'AEW1608', 0, 0, 10, 2, '1500000', 'Free Size', '', '', '', '', '', '', '', '', '2017-12-16 23:11:07', 'admin@tulisan.com', '2017-12-27 04:21:05'),
(166, 214, 'AEW1609', 0, 0, 19, 2, '1500000', 'Free Size', '', '', '', '', '', '', '', '', '2017-12-16 23:11:33', 'admin@tulisan.com', '2017-12-27 04:21:59'),
(167, 285, '', 0, 0, 7, 0, '488,000', 'NULL', '', '', '', '', '', '', '', '', '2017-12-16 23:15:18', NULL, NULL),
(168, 285, '', 0, 0, 0, 0, '488,000', 'NULL', '', '', '', '', '', '', '', '', '2017-12-16 23:16:53', NULL, NULL),
(169, 157, 'HNL1708', 5, 17, 9, 2, '348000', 'Free Size', '40 x 40 cm | 15.75 x 15.75 in', 'products_169_1.jpg', '', '', '', '', '', '', '2017-12-16 23:18:07', 'aryaputra@tulisan.com', '2017-12-31 23:28:38'),
(170, 157, 'HNL1603', 11, 20, 32, 2, '348000', 'Free Size', '40 x 40 cm | 15.75 x 15.75 in', '', '', '', '', '', '', '', '2017-12-16 23:18:21', 'admin@tulisan.com', '2017-12-27 04:24:42'),
(171, 157, 'HNL1604', 11, 21, 3, 2, '348000', 'Free Size', '40 x 40 cm | 15.75 x 15.75 in', '', '', '', '', '', '', '', '2017-12-16 23:19:34', 'admin@tulisan.com', '2017-12-27 04:25:27'),
(172, 157, 'HNL1604', 11, 21, 32, 2, '348000', 'Free Size', '40 x 40 cm | 15.75 x 15.75 in', '', '', '', '', '', '', '', '2017-12-16 23:19:47', 'admin@tulisan.com', '2017-12-27 04:25:40'),
(173, 157, 'HNL1605', 11, 25, 19, 1, '348000', 'Free Size', '40 x 40 cm | 15.75 x 15.75 in', '', '', '', '', '', '', '', '2017-12-16 23:20:18', 'admin@tulisan.com', '2017-12-27 04:26:46'),
(174, 157, 'HNL1605', 11, 25, 54, 1, '348000', 'Free Size', '40 x 40 cm | 15.75 x 15.75 in', '', '', '', '', '', '', '', '2017-12-16 23:20:37', 'admin@tulisan.com', '2017-12-27 04:27:00'),
(175, 157, 'HNL1606', 11, 22, 19, 1, '348000', 'Free Size', '40 x 40 cm | 15.75 x 15.75 in', '', '', '', '', '', '', '', '2017-12-16 23:21:08', 'admin@tulisan.com', '2017-12-27 04:28:17'),
(176, 157, 'HNL1606', 11, 22, 54, 1, '348000', 'Free Size', '40 x 40 cm | 15.75 x 15.75 in', '', '', '', '', '', '', '', '2017-12-16 23:21:18', 'admin@tulisan.com', '2017-12-27 04:28:29'),
(177, 157, 'HNL1624', 9, 6, 32, 1, '348000', 'Free Size', '40 x 40 cm | 15.75 x 15.75 in', '', '', '', '', '', '', '', '2017-12-16 23:22:09', 'admin@tulisan.com', '2017-12-27 04:29:38'),
(178, 157, 'HNL1624', 9, 6, 49, 1, '348000', 'Free Size', '40 x 40 cm | 15.75 x 15.75 in', '', '', '', '', '', '', '', '2017-12-16 23:22:20', 'admin@tulisan.com', '2017-12-27 04:29:52'),
(179, 157, 'HNL1625', 9, 7, 53, 1, '348000', 'Free Size', '40 x 40 cm | 15.75 x 15.75 in', '', '', '', '', '', '', '', '2017-12-16 23:22:59', 'admin@tulisan.com', '2017-12-27 04:31:00'),
(180, 157, 'HNL1625', 9, 7, 33, 1, '348000', 'Free Size', '40 x 40 cm | 15.75 x 15.75 in', '', '', '', '', '', '', '', '2017-12-16 23:23:11', 'admin@tulisan.com', '2017-12-27 04:31:19'),
(181, 157, 'HNL1626', 9, 8, 3, 1, '348000', 'Free Size', '40 x 40 cm | 15.75 x 15.75 in', '', '', '', '', '', '', '', '2017-12-16 23:23:39', 'admin@tulisan.com', '2017-12-27 04:32:18'),
(182, 157, 'HNL1626', 9, 8, 58, 3, '348000', 'Free Size', '40 x 40 cm | 15.75 x 15.75 in', '', '', '', '', '', '', '', '2017-12-16 23:25:09', 'admin@tulisan.com', '2017-12-27 04:35:42'),
(183, 157, 'HNL1627', 9, 9, 37, 1, '348000', 'Free Size', '40 x 40 cm | 15.75 x 15.75 in', '', '', '', '', '', '', '', '2017-12-16 23:26:08', 'admin@tulisan.com', '2017-12-27 04:33:47'),
(184, 157, 'HNL1627', 9, 9, 42, 3, '348000', 'Free Size', '40 x 40 cm | 15.75 x 15.75 in', '', '', '', '', '', '', '', '2017-12-16 23:26:20', 'admin@tulisan.com', '2017-12-27 04:36:23'),
(185, 157, 'HNL1705', 5, 14, 31, 2, '348000', 'Free Size', '40 x 40 cm | 15.75 x 15.75 in', '', '', '', '', '', '', '', '2017-12-16 23:27:38', 'admin@tulisan.com', '2017-12-27 04:37:03'),
(186, 157, 'HNL1705', 5, 14, 7, 2, '348000', 'Free Size', '40 x 40 cm | 15.75 x 15.75 in', '', '', '', '', '', '', '', '2017-12-16 23:27:49', 'admin@tulisan.com', '2017-12-27 04:37:16'),
(187, 157, 'HNL1706', 5, 15, 56, 2, '348000', 'Free Size', '40 x 40 cm | 15.75 x 15.75 in', '', '', '', '', '', '', '', '2017-12-16 23:28:37', 'admin@tulisan.com', '2017-12-27 04:38:08'),
(188, 157, 'HNL1706', 5, 15, 55, 2, '348000', 'Free Size', '40 x 40 cm | 15.75 x 15.75 in', '', '', '', '', '', '', '', '2017-12-16 23:28:52', 'admin@tulisan.com', '2017-12-27 04:38:21'),
(189, 157, 'HNL1707', 5, 16, 11, 2, '348000', 'Free Size', '40 x 40 cm | 15.75 x 15.75 in', '', '', '', '', '', '', '', '2017-12-16 23:29:18', 'aryaputra@tulisan.com', '2017-12-27 04:39:36'),
(190, 157, 'HNL1707', 5, 16, 15, 1, '348000', 'Free Size', '40 x 40 cm | 15.75 x 15.75 in', '', '', '', '', '', '', '', '2017-12-16 23:29:28', 'aryaputra@tulisan.com', '2017-12-27 04:39:55'),
(191, 157, 'HNL1603', 11, 20, 3, 2, '348000', 'Free Size', '40 x 40 cm | 15.75 x 15.75 in', '', '', '', '', '', '', '', '2017-12-16 23:29:48', 'aryaputra@tulisan.com', '2017-12-31 23:29:16'),
(192, 157, 'HNL1708', 5, 17, 18, 2, '348000', 'Free Size', '40 x 40 cm | 15.75 x 15.75 in', 'products_192_1.jpg', '', '', '', '', '', '', '2017-12-16 23:30:01', 'aryaputra@tulisan.com', '2017-12-31 23:29:38'),
(193, 299, '', 0, 0, 31, 0, '348,000', 'NULL', '', '', '', '', '', '', '', '', '2017-12-16 23:31:10', NULL, NULL),
(194, 299, '', 0, 0, 7, 0, '348,000', 'NULL', '', '', '', '', '', '', '', '', '2017-12-16 23:31:29', NULL, NULL),
(195, 103, '', 5, 15, 56, 0, '1398000', 'NULL', '', '', '', '', '', '', '', '', '2017-12-16 23:32:05', 'aryaputra@tulisan.com', '2017-12-19 22:42:48'),
(196, 103, '', 5, 15, 55, 0, '1398000', 'NULL', '', '', '', '', '', '', '', '', '2017-12-16 23:32:20', 'aryaputra@tulisan.com', '2017-12-19 22:42:58'),
(197, 287, '', 0, 0, 11, 0, '398,000', 'NULL', '', '', '', '', '', '', '', '', '2017-12-16 23:33:59', NULL, NULL),
(198, 287, '', 0, 0, 33, 0, '398,000', 'NULL', '', '', '', '', '', '', '', '', '2017-12-16 23:34:24', NULL, NULL),
(199, 287, '', 0, 0, 35, 0, '398,000', 'NULL', '', '', '', '', '', '', '', '', '2017-12-16 23:34:37', NULL, NULL),
(200, 104, 'BMO1708', 5, 17, 9, 1, '1398000', 'Free Size', '33 x 14 x 44.5 cm | 13 x 5.5 x 17.5 in', 'products_200_1.jpg', 'products_200_2.jpg', 'products_200_3.jpg', '', 'products_200_5.jpg', '', '', '2017-12-16 23:35:19', '', '2018-01-08 00:44:54'),
(201, 104, 'BMO1708', 5, 17, 18, 0, '1398000', 'Free Size', '33 x 14 x 44.5 cm | 13 x 5.5 x 17.5 in', '', '', '', '', '', '', '', '2017-12-16 23:35:31', '', '2017-12-29 08:06:38'),
(202, 104, 'BMO1706', 5, 15, 56, 2, '1398000', 'Free Size', '33 x 14 x 44.5 cm | 13 x 5.5 x 17.5 in', 'products_202_1.jpg', 'products_202_2.jpg', 'products_202_3.jpg', '', 'products_202_5.jpg', '', '', '2017-12-16 23:35:57', '', '2017-12-29 08:04:20'),
(203, 104, 'BMO1706', 5, 15, 55, 3, '1398000', 'Free Size', '33 x 14 x 44.5 cm | 13 x 5.5 x 17.5 in', 'products_203_1.jpg', 'products_203_2.jpg', 'products_203_3.jpg', '', 'products_203_5.jpg', '', '', '2017-12-16 23:36:12', '', '2017-12-29 08:05:20'),
(204, 211, '', 12, 0, 0, 0, '120,000', 'NULL', '', '', '', '', '', '', '', '', '2017-12-16 23:37:03', NULL, NULL),
(205, 107, 'BMU1705', 5, 14, 31, 3, '848000', 'Free Size', '42 x 11.5 x 33 cm | 16.5 x 4.5 x 13 in', 'products_205_1.jpg', 'products_205_2.jpg', 'products_205_3.jpg', '', 'products_205_5.jpg', 'products_205_6.jpg', '', '2017-12-16 23:37:49', 'aryaputra@tulisan.com', '2017-12-29 02:35:41'),
(206, 107, 'BMU1705', 5, 14, 7, 3, '848000', 'Free Size', '42 x 11.5 x 33 cm | 16.5 x 4.5 x 13 in', 'products_206_1.jpg', 'products_206_2.jpg', 'products_206_3.jpg', '', 'products_206_5.jpg', 'products_206_6.jpg', '', '2017-12-16 23:38:07', 'aryaputra@tulisan.com', '2017-12-29 02:35:53'),
(207, 107, 'BMU1706', 5, 15, 56, 3, '848000', 'Free Size', '25.5 x 10 x 23 cm | 10 x 4 x 9 in', 'products_207_1.jpg', 'products_207_2.jpg', 'products_207_3.jpg', '', 'products_207_5.jpg', 'products_207_6.jpg', '', '2017-12-16 23:38:42', 'aryaputra@tulisan.com', '2017-12-29 04:03:51'),
(208, 107, 'BMU1706', 5, 15, 55, 2, '848000', 'Free Size', '25.5 x 10 x 23 cm | 10 x 4 x 9 in', 'products_208_1.jpg', 'products_208_2.jpg', '', '', 'products_208_5.jpg', 'products_208_6.jpg', '', '2017-12-16 23:39:18', 'aryaputra@tulisan.com', '2017-12-29 04:06:43'),
(210, 107, 'BMU1708', 5, 17, 18, 2, '848000', 'Free Size', '25.5 x 10 x 23 cm | 10 x 4 x 9 in', 'products_210_1.jpg', 'products_210_2.jpg', 'products_210_3.jpg', '', 'products_210_5.jpg', 'products_210_6.jpg', '', '2017-12-16 23:47:48', 'aryaputra@tulisan.com', '2017-12-29 04:10:57'),
(212, 144, 'COL1626', 9, 8, 58, 4, '598000', 'Free Size', '21 x 12 cm | 8.25 x 4.75 in', 'products_212_1.jpg', 'products_212_2.jpg', 'products_212_3.jpg', '', '', '', '', '2017-12-16 23:49:52', 'aryaputra@tulisan.com', '2017-12-30 05:52:44'),
(213, 144, 'COL1706', 5, 15, 56, 4, '598000', 'Free Size', '21 x 12 cm | 8.25 x 4.75 in', 'products_213_1.jpg', 'products_213_2.jpg', '', '', '', '', '', '2017-12-16 23:51:13', 'aryaputra@tulisan.com', '2017-12-30 05:56:01'),
(214, 144, 'COL1706', 5, 15, 55, 4, '598000', 'Free Size', '21 x 12 cm | 8.25 x 4.75 in', 'products_214_1.jpg', 'products_214_2.jpg', '', '', '', '', '', '2017-12-16 23:51:22', 'aryaputra@tulisan.com', '2017-12-30 05:56:37'),
(215, 144, 'COL1707', 5, 16, 11, 2, '598000', 'Free Size', '21 x 12 cm | 8.25 x 4.75 in', 'products_215_1.jpg', 'products_215_2.jpg', 'products_215_3.jpg', '', '', '', '', '2017-12-16 23:52:12', 'aryaputra@tulisan.com', '2017-12-30 05:58:41'),
(217, 144, 'COL1708', 5, 17, 9, 3, '598000', 'Free Size', '21 x 12 cm | 8.25 x 4.75 in', 'products_217_1.jpg', 'products_217_2.jpg', 'products_217_3.jpg', '', '', '', '', '2017-12-16 23:52:55', 'aryaputra@tulisan.com', '2017-12-30 06:00:06'),
(218, 144, 'COL1708', 5, 17, 18, 3, '598000', 'Free Size', '21 x 12 cm | 8.25 x 4.75 in', 'products_218_1.jpg', 'products_218_2.jpg', 'products_218_3.jpg', '', '', '', '', '2017-12-16 23:53:06', 'aryaputra@tulisan.com', '2017-12-30 06:01:00'),
(221, 128, 'ORG1624', 5, 17, 9, 4, '268000', 'Large', '(L) 25x10x21.5cm | 10x4x8.5in', 'products_221_1.jpg', 'products_221_2.jpg', 'products_221_3.jpg', 'products_221_4.jpg', 'products_221_5.jpg', 'products_221_6.jpg', '', '2017-12-16 23:54:53', 'aryaputra@tulisan.com', '2017-12-29 13:49:33'),
(223, 128, 'ORG1624', 9, 6, 49, 9, '268000', 'Large', '(L) 25x10x21.5cm | 10x4x8.5in', 'products_223_1.jpg', 'products_223_2.jpg', 'products_223_3.jpg', 'products_223_4.jpg', 'products_223_5.jpg', 'products_223_6.jpg', '', '2017-12-16 23:56:35', '', '2017-12-29 08:26:01'),
(227, 128, 'ORG1625', 9, 7, 53, 5, '268000', 'Large', '(L) 25x10x21.5cm | 10x4x8.5in', 'products_227_1.jpg', 'products_227_2.jpg', 'products_227_3.jpg', 'products_227_4.jpg', 'products_227_5.jpg', 'products_227_6.jpg', '', '2017-12-16 23:58:39', 'aryaputra@tulisan.com', '2017-12-29 10:51:31'),
(228, 128, 'ORG1625', 9, 7, 53, 5, '188000', 'Medium', '(M) 17x8x12.5cm | 6.75x3x5in', 'products_228_1.jpg', 'products_228_2.jpg', 'products_228_3.jpg', 'products_228_4.jpg', 'products_228_5.jpg', 'products_228_6.jpg', '', '2017-12-16 23:58:56', 'aryaputra@tulisan.com', '2017-12-29 10:50:26'),
(229, 128, 'ORG1625', 9, 7, 53, 5, '168000', 'Small', '(S) 14x6x13cm | 5.5x2.25x5in', 'products_229_1.jpg', 'products_229_2.jpg', 'products_229_3.jpg', 'products_229_4.jpg', 'products_229_5.jpg', 'products_229_6.jpg', '', '2017-12-16 23:59:19', 'aryaputra@tulisan.com', '2017-12-29 10:49:24'),
(230, 128, 'ORG1625', 9, 7, 53, 5, '148000', 'Petite', '(P) 15 x 5 x 9.5 cm | 6 x 2 x 3.75 in', 'products_230_1.jpg', 'products_230_2.jpg', 'products_230_3.jpg', 'products_230_4.jpg', 'products_230_5.jpg', 'products_230_6.jpg', '', '2017-12-16 23:59:35', '', '2017-12-29 09:03:57'),
(231, 128, 'ORG1625', 9, 7, 33, 5, '268000', 'Large', '(L) 25x10x21.5cm | 10x4x8.5in', 'products_231_1.jpg', 'products_231_2.jpg', 'products_231_3.jpg', 'products_231_4.jpg', 'products_231_5.jpg', 'products_231_6.jpg', '', '2017-12-16 23:59:52', '', '2017-12-29 08:56:48'),
(232, 128, 'ORG1625', 9, 7, 33, 2, '188000', 'Medium', '(M) 17x8x12.5cm | 6.75x3x5in', 'products_232_1.jpg', 'products_232_2.jpg', 'products_232_3.jpg', 'products_232_4.jpg', 'products_232_5.jpg', 'products_232_6.jpg', '', '2017-12-17 00:00:06', '', '2017-12-29 08:52:23'),
(233, 128, 'ORG1625', 9, 7, 33, 2, '168000', 'Small', '(S) 14x6x13cm | 5.5x2.25x5in', 'products_233_1.jpg', 'products_233_2.jpg', 'products_233_3.jpg', 'products_233_4.jpg', 'products_233_5.jpg', 'products_233_6.jpg', '', '2017-12-17 00:00:31', '', '2017-12-29 08:48:58'),
(235, 128, 'ORG1626', 9, 8, 3, 3, '268000', 'Large', '(L) 25x10x21.5cm | 10x4x8.5in', 'products_235_1.jpg', 'products_235_2.jpg', 'products_235_3.jpg', 'products_235_4.jpg', 'products_235_5.jpg', 'products_235_6.jpg', '', '2017-12-17 00:06:04', 'aryaputra@tulisan.com', '2017-12-29 11:05:41'),
(236, 128, 'ORG1626', 9, 8, 3, 0, '188000', 'Medium', '(M) 17x8x12.5cm | 6.75x3x5in', '', '', '', '', '', '', '', '2017-12-17 00:06:16', 'aryaputra@tulisan.com', '2017-12-28 01:25:05'),
(237, 128, 'ORG1626', 9, 8, 3, 2, '168000', 'Small', '(S) 14x6x13cm | 5.5x2.25x5in', 'products_237_1.jpg', 'products_237_2.jpg', 'products_237_3.jpg', 'products_237_4.jpg', 'products_237_5.jpg', 'products_237_6.jpg', '', '2017-12-17 00:06:29', 'aryaputra@tulisan.com', '2017-12-29 11:03:46'),
(238, 128, 'ORG1626', 9, 8, 3, 2, '148000', 'Petite', '(P) 15 x 5 x 9.5 cm | 6 x 2 x 3.75 in', 'products_238_1.jpg', 'products_238_2.jpg', 'products_238_3.jpg', 'products_238_4.jpg', 'products_238_5.jpg', 'products_238_6.jpg', '', '2017-12-17 00:06:40', 'aryaputra@tulisan.com', '2017-12-29 11:02:17'),
(239, 128, 'ORG1626', 9, 8, 58, 4, '268000', 'Large', '(L) 25x10x21.5cm | 10x4x8.5in', 'products_239_1.jpg', 'products_239_2.jpg', 'products_239_3.jpg', 'products_239_4.jpg', 'products_239_5.jpg', 'products_239_6.jpg', '', '2017-12-17 00:06:54', 'aryaputra@tulisan.com', '2017-12-29 10:58:25'),
(240, 128, 'ORG1626', 9, 8, 58, 5, '188000', 'Medium', '(M) 17x8x12.5cm | 6.75x3x5in', 'products_240_1.jpg', 'products_240_2.jpg', 'products_240_3.jpg', 'products_240_4.jpg', 'products_240_5.jpg', 'products_240_6.jpg', '', '2017-12-17 00:07:10', 'aryaputra@tulisan.com', '2017-12-29 10:56:38'),
(241, 128, 'ORG1626', 9, 8, 58, 5, '168000', 'Small', '(S) 14x6x13cm | 5.5x2.25x5in', 'products_241_1.jpg', 'products_241_2.jpg', 'products_241_3.jpg', 'products_241_4.jpg', 'products_241_5.jpg', 'products_241_6.jpg', '', '2017-12-17 00:07:28', 'aryaputra@tulisan.com', '2017-12-29 10:55:10'),
(242, 128, 'ORG1626', 9, 8, 58, 3, '148000', 'Petite', '(P) 15 x 5 x 9.5 cm | 6 x 2 x 3.75 in', 'products_242_1.jpg', 'products_242_2.jpg', 'products_242_3.jpg', 'products_242_4.jpg', 'products_242_5.jpg', 'products_242_6.jpg', '', '2017-12-17 00:07:42', 'aryaputra@tulisan.com', '2017-12-29 10:53:41'),
(243, 128, 'ORG1627', 9, 9, 37, 5, '268000', 'Large', '(L) 25x10x21.5cm | 10x4x8.5in', 'products_243_1.jpg', 'products_243_2.jpg', 'products_243_3.jpg', 'products_243_4.jpg', 'products_243_5.jpg', 'products_243_6.jpg', '', '2017-12-17 00:08:37', 'aryaputra@tulisan.com', '2017-12-29 11:14:02'),
(244, 128, 'ORG1627', 9, 9, 37, 3, '188000', 'Medium', '(M) 17x8x12.5cm | 6.75x3x5in', 'products_244_1.jpg', 'products_244_2.jpg', 'products_244_3.jpg', 'products_244_4.jpg', 'products_244_5.jpg', 'products_244_6.jpg', '', '2017-12-17 00:08:51', 'aryaputra@tulisan.com', '2017-12-29 11:12:00'),
(245, 128, 'ORG1627', 9, 9, 37, 3, '168000', 'Small', '(S) 14x6x13cm | 5.5x2.25x5in', 'products_245_1.jpg', 'products_245_2.jpg', 'products_245_3.jpg', 'products_245_4.jpg', 'products_245_5.jpg', 'products_245_6.jpg', '', '2017-12-17 00:09:08', 'aryaputra@tulisan.com', '2017-12-29 11:10:32'),
(246, 128, 'ORG1627', 9, 9, 37, 2, '148000', 'Petite', '(P) 15 x 5 x 9.5 cm | 6 x 2 x 3.75 in', 'products_246_1.jpg', 'products_246_2.jpg', 'products_246_3.jpg', 'products_246_4.jpg', 'products_246_5.jpg', 'products_246_6.jpg', '', '2017-12-17 00:09:23', 'aryaputra@tulisan.com', '2017-12-29 11:09:07'),
(247, 128, 'ORG1627', 9, 9, 42, 3, '268000', 'Large', '(L) 25x10x21.5cm | 10x4x8.5in', 'products_247_1.jpg', 'products_247_2.jpg', 'products_247_3.jpg', 'products_247_4.jpg', 'products_247_5.jpg', 'products_247_6.jpg', '', '2017-12-17 00:09:44', 'aryaputra@tulisan.com', '2017-12-29 11:07:25'),
(248, 128, 'ORG1627', 9, 9, 42, 0, '188000', 'Medium', '(M) 17x8x12.5cm | 6.75x3x5in', '', '', '', '', '', '', '', '2017-12-17 00:10:00', 'aryaputra@tulisan.com', '2017-12-28 01:29:42'),
(249, 128, 'ORG1627', 9, 9, 42, 0, '168000', 'Small', '(S) 14x6x13cm | 5.5x2.25x5in', '', '', '', '', '', '', '', '2017-12-17 00:10:20', 'aryaputra@tulisan.com', '2017-12-28 01:30:14'),
(250, 128, 'ORG1627', 9, 9, 42, 0, '148000', 'Petite', '(P) 15 x 5 x 9.5 cm | 6 x 2 x 3.75 in', '', '', '', '', '', '', '', '2017-12-17 00:10:36', 'aryaputra@tulisan.com', '2017-12-28 01:31:56'),
(251, 128, 'ORG1705', 5, 14, 31, 0, '268000', 'Large', '(L) 25x10x21.5cm | 10x4x8.5in', '', '', '', '', '', '', '', '2017-12-17 00:12:44', 'aryaputra@tulisan.com', '2017-12-28 01:08:55'),
(252, 128, 'ORG1705', 5, 14, 31, 0, '188000', 'Medium', '(M) 17x8x12.5cm | 6.75x3x5in', '', '', '', '', '', '', '', '2017-12-17 00:12:58', 'aryaputra@tulisan.com', '2017-12-28 01:10:16'),
(253, 128, 'ORG1705', 5, 14, 31, 0, '168000', 'Small', '(S) 14x6x13cm | 5.5x2.25x5in', '', '', '', '', '', '', '', '2017-12-17 00:13:13', 'aryaputra@tulisan.com', '2017-12-28 01:11:03'),
(254, 128, 'ORG1705', 5, 14, 31, 0, '148000', 'Petite', '(P) 15 x 5 x 9.5 cm | 6 x 2 x 3.75 in', '', '', '', '', '', '', '', '2017-12-17 00:13:27', 'aryaputra@tulisan.com', '2017-12-28 01:11:55'),
(255, 128, 'ORG1705', 5, 14, 7, 0, '268000', 'Large', '(L) 25x10x21.5cm | 10x4x8.5in', '', '', '', '', '', '', '', '2017-12-17 00:13:46', 'aryaputra@tulisan.com', '2017-12-28 01:09:26'),
(256, 128, 'ORG1705', 5, 14, 7, 0, '188000', 'Medium', '(M) 17x8x12.5cm | 6.75x3x5in', '', '', '', '', '', '', '', '2017-12-17 00:14:02', 'aryaputra@tulisan.com', '2017-12-28 01:10:33'),
(257, 128, 'ORG1705', 5, 14, 7, 0, '168000', 'Small', '(S) 14x6x13cm | 5.5x2.25x5in', '', '', '', '', '', '', '', '2017-12-17 00:14:20', 'aryaputra@tulisan.com', '2017-12-28 01:11:26'),
(258, 128, 'ORG1705', 5, 14, 7, 0, '148000', 'Petite', '(P) 15 x 5 x 9.5 cm | 6 x 2 x 3.75 in', '', '', '', '', '', '', '', '2017-12-17 00:14:33', 'aryaputra@tulisan.com', '2017-12-28 01:12:14');
INSERT INTO `products_variant` (`idData`, `productId`, `sku`, `storyId`, `artworkId`, `colorId`, `qty`, `price`, `size`, `dimension`, `frontPicture`, `backPicture`, `topPicture`, `rightPicture`, `bottomPicture`, `leftPicture`, `createdBy`, `createdDate`, `changedby`, `changedDate`) VALUES
(259, 128, 'ORG1706', 5, 15, 56, 1, '268000', 'Large', '(L) 25x10x21.5cm | 10x4x8.5in', 'products_259_1.jpg', 'products_259_2.jpg', 'products_259_3.jpg', 'products_259_4.jpg', 'products_259_5.jpg', 'products_259_6.jpg', '', '2017-12-17 00:15:50', 'aryaputra@tulisan.com', '2017-12-29 11:27:03'),
(260, 128, 'ORG1706', 5, 15, 56, 5, '188000', 'Medium', '(M) 17x8x12.5cm | 6.75x3x5in', 'products_260_1.jpg', 'products_260_2.jpg', 'products_260_3.jpg', '', 'products_260_5.jpg', 'products_260_6.jpg', '', '2017-12-17 00:16:03', 'aryaputra@tulisan.com', '2017-12-29 11:25:43'),
(261, 128, 'ORG1706', 5, 15, 56, 4, '168000', 'Small', '(S) 14x6x13cm | 5.5x2.25x5in', 'products_261_1.jpg', 'products_261_2.jpg', 'products_261_3.jpg', 'products_261_4.jpg', 'products_261_5.jpg', 'products_261_6.jpg', '', '2017-12-17 00:16:17', 'aryaputra@tulisan.com', '2017-12-29 11:23:53'),
(262, 128, 'ORG1706', 5, 15, 56, 4, '148000', 'Petite', '(P) 15 x 5 x 9.5 cm | 6 x 2 x 3.75 in', 'products_262_1.jpg', 'products_262_2.jpg', 'products_262_3.jpg', 'products_262_4.jpg', 'products_262_5.jpg', 'products_262_6.jpg', '', '2017-12-17 00:16:51', 'aryaputra@tulisan.com', '2017-12-29 11:22:02'),
(263, 128, 'ORG1706', 5, 15, 55, 4, '268000', 'Large', '(L) 25x10x21.5cm | 10x4x8.5in', 'products_263_1.jpg', 'products_263_2.jpg', 'products_263_3.jpg', 'products_263_4.jpg', 'products_263_5.jpg', 'products_263_6.jpg', '', '2017-12-17 00:17:16', 'aryaputra@tulisan.com', '2017-12-29 11:20:13'),
(264, 128, 'ORG1706', 5, 15, 55, 5, '188000', 'Medium', '(M) 17x8x12.5cm | 6.75x3x5in', 'products_264_1.jpg', 'products_264_2.jpg', 'products_264_3.jpg', 'products_264_4.jpg', 'products_264_5.jpg', 'products_264_6.jpg', '', '2017-12-17 00:17:31', 'aryaputra@tulisan.com', '2017-12-29 11:18:48'),
(265, 128, 'ORG1706', 5, 15, 55, 5, '168000', 'Small', '(S) 14x6x13cm | 5.5x2.25x5in', 'products_265_1.jpg', 'products_265_2.jpg', 'products_265_3.jpg', 'products_265_4.jpg', 'products_265_5.jpg', 'products_265_6.jpg', '', '2017-12-17 00:17:46', 'aryaputra@tulisan.com', '2017-12-29 11:17:28'),
(266, 128, 'ORG1706', 5, 15, 55, 4, '148000', 'Petite', '(P) 15 x 5 x 9.5 cm | 6 x 2 x 3.75 in', 'products_266_1.jpg', 'products_266_2.jpg', 'products_266_3.jpg', 'products_266_4.jpg', 'products_266_5.jpg', 'products_266_6.jpg', '', '2017-12-17 00:17:59', 'aryaputra@tulisan.com', '2017-12-29 11:15:43'),
(267, 128, 'ORG1707', 5, 16, 11, 2, '268000', 'Large', '(L) 25x10x21.5cm | 10x4x8.5in', 'products_267_1.jpg', 'products_267_2.jpg', 'products_267_3.jpg', 'products_267_4.jpg', 'products_267_5.jpg', 'products_267_6.jpg', '', '2017-12-17 00:21:19', 'aryaputra@tulisan.com', '2017-12-29 11:37:04'),
(268, 128, 'ORG1707', 5, 16, 11, 4, '188000', 'Medium', '(M) 17x8x12.5cm | 6.75x3x5in', 'products_268_1.jpg', 'products_268_2.jpg', 'products_268_3.jpg', 'products_268_4.jpg', 'products_268_5.jpg', 'products_268_6.jpg', '', '2017-12-17 00:21:30', 'aryaputra@tulisan.com', '2017-12-29 11:35:52'),
(269, 128, 'ORG1707', 5, 16, 11, 5, '168000', 'Small', '(S) 14x6x13cm | 5.5x2.25x5in', 'products_269_1.jpg', 'products_269_2.jpg', 'products_269_3.jpg', 'products_269_4.jpg', 'products_269_5.jpg', 'products_269_6.jpg', '', '2017-12-17 00:21:41', 'aryaputra@tulisan.com', '2017-12-29 11:34:49'),
(270, 128, 'ORG1707', 5, 16, 11, 1, '148000', 'Petite', '(P) 15 x 5 x 9.5 cm | 6 x 2 x 3.75 in', 'products_270_1.jpg', 'products_270_2.jpg', 'products_270_3.jpg', 'products_270_4.jpg', 'products_270_5.jpg', 'products_270_6.jpg', '', '2017-12-17 00:21:58', 'aryaputra@tulisan.com', '2017-12-29 11:33:00'),
(271, 128, 'ORG1707', 5, 16, 15, 4, '268000', 'Large', '(L) 25x10x21.5cm | 10x4x8.5in', 'products_271_1.jpg', 'products_271_2.jpg', 'products_271_3.jpg', 'products_271_4.jpg', 'products_271_5.jpg', 'products_271_6.jpg', '', '2017-12-17 00:22:13', 'aryaputra@tulisan.com', '2017-12-29 11:31:38'),
(272, 128, 'ORG1707', 5, 16, 15, 1, '188000', 'Medium', '(M) 17x8x12.5cm | 6.75x3x5in', 'products_272_1.jpg', 'products_272_2.jpg', 'products_272_3.jpg', 'products_272_4.jpg', 'products_272_5.jpg', 'products_272_6.jpg', '', '2017-12-17 00:22:27', 'aryaputra@tulisan.com', '2017-12-29 11:30:03'),
(273, 128, 'ORG1707', 5, 16, 15, 3, '168000', 'Small', '(S) 14x6x13cm | 5.5x2.25x5in', 'products_273_1.jpg', 'products_273_2.jpg', 'products_273_3.jpg', 'products_273_4.jpg', 'products_273_5.jpg', 'products_273_6.jpg', '', '2017-12-17 00:22:41', 'aryaputra@tulisan.com', '2017-12-29 11:28:41'),
(274, 128, 'ORG1707', 5, 16, 15, 0, '148000', 'Petite', '(P) 15 x 5 x 9.5 cm | 6 x 2 x 3.75 in', '', '', '', '', '', '', '', '2017-12-17 00:23:11', 'aryaputra@tulisan.com', '2017-12-28 02:08:30'),
(276, 128, 'ORG1708', 5, 17, 9, 5, '188000', 'Medium', '(M) 17x8x12.5cm | 6.75x3x5in', 'products_276_1.jpg', 'products_276_2.jpg', 'products_276_3.jpg', '', 'products_276_5.jpg', 'products_276_6.jpg', '', '2017-12-17 00:23:49', 'aryaputra@tulisan.com', '2017-12-29 11:45:05'),
(277, 128, 'ORG1708', 5, 17, 9, 5, '168000', 'Small', '(S) 14x6x13cm | 5.5x2.25x5in', 'products_277_1.jpg', 'products_277_2.jpg', 'products_277_3.jpg', 'products_277_4.jpg', 'products_277_5.jpg', 'products_277_6.jpg', '', '2017-12-17 00:24:04', 'aryaputra@tulisan.com', '2017-12-29 11:43:53'),
(278, 128, 'ORG1708', 5, 17, 9, 4, '148000', 'Petite', '(P) 15 x 5 x 9.5 cm | 6 x 2 x 3.75 in', 'products_278_1.jpg', 'products_278_2.jpg', 'products_278_3.jpg', 'products_278_4.jpg', 'products_278_5.jpg', 'products_278_6.jpg', '', '2017-12-17 00:24:27', 'aryaputra@tulisan.com', '2017-12-29 11:42:44'),
(279, 128, 'ORG1708', 5, 17, 18, 4, '268000', 'Large', '(L) 25x10x21.5cm | 10x4x8.5in', 'products_279_1.jpg', 'products_279_2.jpg', 'products_279_3.jpg', 'products_279_4.jpg', 'products_279_5.jpg', 'products_279_6.jpg', '', '2017-12-17 00:24:43', 'aryaputra@tulisan.com', '2017-12-29 11:41:23'),
(280, 128, 'ORG1708', 5, 17, 18, 5, '188000', 'Medium', '(M) 17x8x12.5cm | 6.75x3x5in', 'products_280_1.jpg', 'products_280_2.jpg', 'products_280_3.jpg', 'products_280_4.jpg', 'products_280_5.jpg', 'products_280_6.jpg', '', '2017-12-17 00:25:05', 'aryaputra@tulisan.com', '2017-12-29 11:40:32'),
(281, 128, 'ORG1708', 5, 17, 18, 4, '168000', 'Small', '(S) 14x6x13cm | 5.5x2.25x5in', 'products_281_1.jpg', 'products_281_2.jpg', 'products_281_3.jpg', 'products_281_4.jpg', 'products_281_5.jpg', 'products_281_6.jpg', '', '2017-12-17 00:25:20', 'aryaputra@tulisan.com', '2017-12-29 11:39:39'),
(282, 128, 'ORG1708', 5, 17, 18, 4, '148000', 'Petite', '(P) 15 x 5 x 9.5 cm | 6 x 2 x 3.75 in', 'products_282_1.jpg', 'products_282_2.jpg', 'products_282_3.jpg', 'products_282_4.jpg', 'products_282_5.jpg', 'products_282_6.jpg', '', '2017-12-17 00:25:45', 'aryaputra@tulisan.com', '2017-12-29 11:47:35'),
(283, 151, 'EPS1708', 5, 17, 9, 4, '148000', 'Free Size', '14 x 9.5 cm | 5.5 x 3.75 in (folded) 14x19cm | 5.5', 'products_283_1.jpg', 'products_283_2.jpg', 'products_283_3.jpg', '', '', '', '', '2017-12-17 00:27:16', 'aryaputra@tulisan.com', '2017-12-30 07:36:32'),
(284, 151, 'EPS1625', 9, 7, 33, 2, '148000', 'Free Size', '14 x 9.5 cm | 5.5 x 3.75 in (folded) 14x19cm | 5.5', 'products_284_1.jpg', 'products_284_2.jpg', 'products_284_3.jpg', '', '', '', '', '2017-12-17 00:27:30', 'aryaputra@tulisan.com', '2017-12-30 07:43:44'),
(285, 151, 'EPS1626', 9, 8, 3, 2, '148000', 'Free Size', '14 x 9.5 cm | 5.5 x 3.75 in (folded) 14x19cm | 5.5', 'products_285_1.jpg', 'products_285_2.jpg', 'products_285_3.jpg', '', '', '', '', '2017-12-17 00:28:19', 'aryaputra@tulisan.com', '2017-12-30 07:45:26'),
(286, 151, 'EPS1626', 9, 8, 58, 3, '148000', 'Free Size', '14 x 9.5 cm | 5.5 x 3.75 in (folded) 14x19cm | 5.5', 'products_286_1.jpg', 'products_286_2.jpg', 'products_286_3.jpg', '', '', '', '', '2017-12-17 00:28:31', 'aryaputra@tulisan.com', '2017-12-30 07:46:11'),
(287, 151, 'EPS1627', 9, 9, 37, 2, '148000', 'Free Size', '14 x 9.5 cm | 5.5 x 3.75 in (folded) 14x19cm | 5.5', 'products_287_1.jpg', 'products_287_2.jpg', 'products_287_3.jpg', '', '', '', '', '2017-12-17 00:29:16', 'aryaputra@tulisan.com', '2017-12-30 07:41:46'),
(289, 151, 'EPS1706', 5, 15, 56, 4, '148000', 'Free Size', '14 x 9.5 cm | 5.5 x 3.75 in (folded) 14x19cm | 5.5', 'products_289_1.jpg', 'products_289_2.jpg', 'products_289_3.jpg', '', '', '', '', '2017-12-17 00:30:38', 'aryaputra@tulisan.com', '2017-12-30 07:41:00'),
(290, 151, 'EPS1706', 5, 15, 55, 4, '148000', 'Free Size', '14 x 9.5 cm | 5.5 x 3.75 in (folded) 14x19cm | 5.5', 'products_290_1.jpg', 'products_290_2.jpg', 'products_290_3.jpg', '', '', '', '', '2017-12-17 00:30:56', 'aryaputra@tulisan.com', '2017-12-30 07:40:03'),
(291, 151, 'EPS1707', 5, 16, 11, 1, '148000', 'Free Size', '14 x 9.5 cm | 5.5 x 3.75 in (folded) 14x19cm | 5.5', 'products_291_1.jpg', 'products_291_2.jpg', 'products_291_3.jpg', '', '', '', '', '2017-12-17 00:45:56', 'aryaputra@tulisan.com', '2017-12-30 07:39:18'),
(292, 151, 'EPS1707', 5, 16, 15, 0, '148000', 'Free Size', '14 x 9.5 cm | 5.5 x 3.75 in (folded) 14x19cm | 5.5', '', '', '', '', '', '', '', '2017-12-17 00:46:13', '', '2017-12-27 21:06:29'),
(293, 151, 'EPS1625', 9, 7, 53, 5, '148000', 'Free Size', '14 x 9.5 cm | 5.5 x 3.75 in (folded) 14x19cm | 5.5', 'products_293_1.jpg', 'products_293_2.jpg', 'products_293_3.jpg', '', '', '', '', '2017-12-17 01:29:38', 'aryaputra@tulisan.com', '2017-12-30 07:44:19'),
(294, 151, 'EPS1708', 5, 17, 18, 4, '148000', 'Free Size', '14 x 9.5 cm | 5.5 x 3.75 in (folded) 14x19cm | 5.5', 'products_294_1.jpg', 'products_294_2.jpg', 'products_294_3.jpg', '', '', '', '', '2017-12-17 01:29:54', 'aryaputra@tulisan.com', '2017-12-30 07:38:27'),
(295, 91, '', 3, 0, 0, 1, '98000', 'NULL', '', '', '', '', '', '', '', '', '2017-12-17 01:31:14', 'aryaputra@tulisan.com', '2017-12-19 23:39:50'),
(296, 289, 'CPI1202', 0, 0, 11, 0, '188,000', 'NULL', '', '', '', '', '', '', '', '', '2017-12-17 01:32:45', NULL, NULL),
(297, 289, 'CPI1202', 0, 0, 33, 0, '188,000', 'NULL', '', '', '', '', '', '', '', '', '2017-12-17 01:33:04', NULL, NULL),
(298, 289, 'CPI1202', 0, 0, 35, 0, '188,000', 'NULL', '', '', '', '', '', '', '', '', '2017-12-17 01:33:18', NULL, NULL),
(299, 270, 'HPM1708', 5, 17, 9, 2, '348000', 'Free Size', '35 x 48 cm | 13.75 x 19 in', 'products_299_1.jpg', '', '', '', '', '', '', '2017-12-17 01:34:39', 'aryaputra@tulisan.com', '2017-12-30 08:07:13'),
(300, 270, 'HPM1603', 11, 20, 32, 2, '348000', 'Free Size', '35 x 48 cm | 13.75 x 19 in', '', '', '', '', '', '', '', '2017-12-17 01:34:51', '', '2017-12-27 20:40:42'),
(301, 270, 'HPM1604', 11, 21, 3, 1, '348000', 'Free Size', '35 x 48 cm | 13.75 x 19 in', '', '', '', '', '', '', '', '2017-12-17 01:35:16', '', '2017-12-27 20:41:46'),
(302, 270, 'HPM1604', 11, 21, 32, 1, '348000', 'Free Size', '35 x 48 cm | 13.75 x 19 in', '', '', '', '', '', '', '', '2017-12-17 01:35:27', '', '2017-12-27 20:42:00'),
(303, 270, 'HPM1605', 11, 25, 19, 1, '348000', 'Free Size', '35 x 48 cm | 13.75 x 19 in', '', '', '', '', '', '', '', '2017-12-17 01:37:17', '', '2017-12-27 20:43:38'),
(304, 270, 'HPM1605', 11, 25, 54, 1, '348000', 'Free Size', '35 x 48 cm | 13.75 x 19 in', '', '', '', '', '', '', '', '2017-12-17 01:37:35', '', '2017-12-27 20:43:56'),
(305, 270, 'HPM1624', 9, 6, 32, 1, '348000', 'Free Size', '35 x 48 cm | 13.75 x 19 in', '', '', '', '', '', '', '', '2017-12-17 01:38:08', '', '2017-12-27 20:45:01'),
(306, 270, 'HPM1624', 9, 6, 49, 1, '348000', 'Free Size', '35 x 48 cm | 13.75 x 19 in', '', '', '', '', '', '', '', '2017-12-17 01:38:19', '', '2017-12-27 20:45:14'),
(307, 270, 'HPM1625', 9, 7, 53, 1, '348000', 'Free Size', '35 x 48 cm | 13.75 x 19 in', '', '', '', '', '', '', '', '2017-12-17 01:38:42', '', '2017-12-27 20:46:18'),
(308, 270, 'HPM1625', 9, 7, 33, 1, '348000', 'Free Size', '35 x 48 cm | 13.75 x 19 in', '', '', '', '', '', '', '', '2017-12-17 01:38:52', '', '2017-12-27 20:46:45'),
(309, 270, 'HPM1626', 9, 8, 3, 0, '348000', 'Free Size', '35 x 48 cm | 13.75 x 19 in', '', '', '', '', '', '', '', '2017-12-17 01:39:16', '', '2017-12-27 20:48:01'),
(310, 270, 'HPM1626', 9, 8, 58, 3, '348000', 'Free Size', '35 x 48 cm | 13.75 x 19 in', '', '', '', '', '', '', '', '2017-12-17 01:39:27', '', '2017-12-27 20:48:37'),
(311, 270, 'HPM1627', 9, 9, 37, 0, '348000', 'Free Size', '35 x 48 cm | 13.75 x 19 in', '', '', '', '', '', '', '', '2017-12-17 01:39:55', '', '2017-12-27 20:49:52'),
(312, 270, 'HPM1627', 9, 9, 42, 3, '348000', 'Free Size', '35 x 48 cm | 13.75 x 19 in', '', '', '', '', '', '', '', '2017-12-17 01:40:08', '', '2017-12-27 20:50:17'),
(313, 270, 'HPM1705', 5, 14, 31, 2, '348000', 'Free Size', '35 x 48 cm | 13.75 x 19 in', '', '', '', '', '', '', '', '2017-12-17 01:40:47', '', '2017-12-27 20:51:40'),
(314, 270, 'HPM1705', 5, 14, 7, 2, '348000', 'Free Size', '35 x 48 cm | 13.75 x 19 in', '', '', '', '', '', '', '', '2017-12-17 01:41:03', '', '2017-12-27 20:51:57'),
(315, 270, 'HPM1706', 5, 15, 56, 0, '348000', 'Free Size', '35 x 48 cm | 13.75 x 19 in', '', '', '', '', '', '', '', '2017-12-17 01:41:40', '', '2017-12-27 20:53:08'),
(316, 270, 'HPM1706', 5, 15, 55, 1, '348000', 'Free Size', '35 x 48 cm | 13.75 x 19 in', '', '', '', '', '', '', '', '2017-12-17 01:41:49', '', '2017-12-27 20:52:56'),
(317, 270, 'HPM1707', 5, 16, 11, 2, '348000', 'Free Size', '35 x 48 cm | 13.75 x 19 in', '', '', '', '', '', '', '', '2017-12-17 01:42:12', '', '2017-12-27 20:54:01'),
(318, 270, 'HPM1707', 5, 16, 15, 2, '348000', 'Free Size', '35 x 48 cm | 13.75 x 19 in', '', '', '', '', '', '', '', '2017-12-17 01:42:12', '', '2017-12-27 20:54:29'),
(319, 270, 'HPM1603', 11, 20, 3, 2, '348000', 'Free Size', '35 x 48 cm | 13.75 x 19 in', '', '', '', '', '', '', '', '2017-12-17 01:42:56', 'aryaputra@tulisan.com', '2017-12-30 08:08:07'),
(320, 270, 'HPM1708', 5, 17, 18, 2, '348000', 'Free Size', '35 x 48 cm | 13.75 x 19 in', 'products_320_1.jpg', '', '', '', '', '', '', '2017-12-17 01:43:09', 'aryaputra@tulisan.com', '2017-12-30 08:08:51'),
(321, 206, 'PPC1407', 10, 33, 0, 4, '250000', 'Free Size', '5.5 cm x 9.5 cm', 'products_321_1.jpg', 'products_321_2.jpg', 'products_321_3.jpg', 'products_321_4.jpg', 'products_321_5.jpg', 'products_321_6.jpg', '', '2017-12-17 01:44:10', 'aryaputra@tulisan.com', '2017-12-30 08:22:19'),
(322, 205, '', 10, 0, 0, 0, '300000', 'NULL', '', '', '', '', '', '', '', '', '2017-12-17 01:44:32', 'aryaputra@tulisan.com', '2017-12-17 22:13:37'),
(323, 119, 'POU1708', 5, 17, 9, 4, '248000', 'Large', '(L) 36x26.5cm | 14.25x10.5in', 'products_323_1.jpg', 'products_323_2.jpg', 'products_323_3.jpg', '', '', '', '', '2017-12-17 01:45:22', 'aryaputra@tulisan.com', '2017-12-29 13:35:07'),
(388, 109, 'BSL1623', 9, 5, 52, 1, '1498000', 'Free Size', '32 x 16 x 40 cm | 12.5 x 6.25 x 15.75 in', 'products_388_1.jpg', 'products_388_2.jpg', 'products_388_3.jpg', 'products_388_4.jpg', 'products_388_5.jpg', 'products_388_6.jpg', '', '2017-12-17 02:13:13', 'aryaputra@tulisan.com', '2017-12-29 05:34:40'),
(389, 110, '', 9, 4, 55, 0, '1498000', 'NULL', '', '', '', '', '', '', '', '', '2017-12-17 02:13:52', '', '2017-12-20 01:39:05'),
(390, 110, '', 9, 4, 3, 0, '1498000', 'NULL', '', '', '', '', '', '', '', '', '2017-12-17 02:14:02', '', '2017-12-20 01:39:11'),
(391, 281, '', 0, 0, 35, 0, '398,000', 'NULL', '', '', '', '', '', '', '', '', '2017-12-17 02:15:39', NULL, NULL),
(392, 281, '', 0, 0, 33, 0, '398,000', 'NULL', '', '', '', '', '', '', '', '', '2017-12-17 02:16:37', NULL, NULL),
(393, 281, '', 0, 0, 11, 0, '398,000', 'NULL', '', '', '', '', '', '', '', '', '2017-12-17 02:16:48', NULL, NULL),
(394, 294, '', 0, 0, 35, 0, '498,000', 'NULL', '', '', '', '', '', '', '', '', '2017-12-17 02:17:58', NULL, NULL),
(395, 294, '', 0, 0, 33, 0, '498,000', 'NULL', '', '', '', '', '', '', '', '', '2017-12-17 02:18:08', NULL, NULL),
(396, 294, '', 0, 0, 11, 0, '498,000', 'NULL', '', '', '', '', '', '', '', '', '2017-12-17 02:18:19', NULL, NULL),
(398, 111, 'BSK1623', 9, 5, 52, 3, '1498000', 'Free Size', '31 x 10 x 42cm | 12.25 x 4 x 16.5 in', 'products_398_1.jpg', 'products_398_2.jpg', 'products_398_3.jpg', 'products_398_4.jpg', 'products_398_5.jpg', 'products_398_6.jpg', '', '2017-12-17 02:19:30', 'aryaputra@tulisan.com', '2017-12-29 05:41:58'),
(399, 111, 'BSK1622', 9, 4, 55, 2, '1498000', 'Free Size', '31 x 10 x 42cm | 12.25 x 4 x 16.5 in', 'products_399_1.jpg', 'products_399_2.jpg', 'products_399_3.jpg', 'products_399_4.jpg', 'products_399_5.jpg', 'products_399_6.jpg', '', '2017-12-17 02:19:52', 'aryaputra@tulisan.com', '2017-12-29 05:38:18'),
(400, 111, 'BSK1622', 9, 4, 3, 5, '1498000', 'Free Size', '31 x 10 x 42cm | 12.25 x 4 x 16.5 in', 'products_400_1.jpg', 'products_400_2.jpg', 'products_400_3.jpg', 'products_400_4.jpg', 'products_400_5.jpg', 'products_400_6.jpg', '', '2017-12-17 02:20:01', 'aryaputra@tulisan.com', '2017-12-29 05:39:37'),
(401, 169, 'HSA1708', 5, 17, 9, 2, '328000', 'Free Size', '34 x 77 cm | 13.5 x 30.5 in', 'products_401_1.jpg', '', '', '', '', '', '', '2017-12-17 02:20:40', 'aryaputra@tulisan.com', '2017-12-30 06:56:39'),
(402, 169, 'HNL1603', 11, 20, 32, 5, '328000', 'Free Size', '34 x 77 cm | 13.5 x 30.5 in', '', '', '', '', '', '', '', '2017-12-17 02:20:52', 'aryaputra@tulisan.com', '2017-12-27 04:45:36'),
(403, 169, 'HSA1604', 11, 21, 3, 5, '328000', 'Free Size', '34 x 77 cm | 13.5 x 30.5 in', '', '', '', '', '', '', '', '2017-12-17 02:21:14', 'aryaputra@tulisan.com', '2017-12-27 04:46:41'),
(404, 169, 'HSA1604', 11, 21, 32, 5, '328000', 'Free Size', '34 x 77 cm | 13.5 x 30.5 in', '', '', '', '', '', '', '', '2017-12-17 02:21:31', 'aryaputra@tulisan.com', '2017-12-27 04:47:52'),
(405, 169, 'HSA1605', 11, 25, 19, 5, '328000', 'Free Size', '34 x 77 cm | 13.5 x 30.5 in', '', '', '', '', '', '', '', '2017-12-17 02:22:00', 'aryaputra@tulisan.com', '2017-12-27 04:59:41'),
(406, 169, 'HSA1605', 11, 25, 54, 5, '328000', 'Free Size', '34 x 77 cm | 13.5 x 30.5 in', '', '', '', '', '', '', '', '2017-12-17 02:22:12', 'aryaputra@tulisan.com', '2017-12-27 04:59:55'),
(407, 169, 'HSA1606', 11, 22, 19, 5, '328000', 'Free Size', '34 x 77 cm | 13.5 x 30.5 in', '', '', '', '', '', '', '', '2017-12-17 02:22:36', 'aryaputra@tulisan.com', '2017-12-27 05:01:22'),
(408, 169, 'HSA1606', 11, 22, 54, 5, '328000', 'Free Size', '34 x 77 cm | 13.5 x 30.5 in', '', '', '', '', '', '', '', '2017-12-17 02:22:47', 'aryaputra@tulisan.com', '2017-12-27 05:01:38'),
(409, 169, 'HSA1624', 9, 6, 32, 3, '328000', 'Free Size', '34 x 77 cm | 13.5 x 30.5 in', '', '', '', '', '', '', 'aryaputra@tulisan.com', '2017-12-18 08:59:52', 'aryaputra@tulisan.com', '2017-12-27 05:02:58'),
(410, 169, 'HSA1624', 9, 6, 49, 0, '328000', 'Free Size', '34 x 77 cm | 13.5 x 30.5 in', '', '', '', '', '', '', 'aryaputra@tulisan.com', '2017-12-18 09:00:17', 'aryaputra@tulisan.com', '2017-12-27 05:03:12'),
(411, 169, 'HSA1625', 9, 7, 53, 5, '328000', 'Free Size', '34 x 77 cm | 13.5 x 30.5 in', '', '', '', '', '', '', 'aryaputra@tulisan.com', '2017-12-18 09:01:00', 'aryaputra@tulisan.com', '2017-12-27 05:04:16'),
(412, 169, 'HSA1625', 9, 7, 33, 0, '328000', 'Free Size', '34 x 77 cm | 13.5 x 30.5 in', '', '', '', '', '', '', 'aryaputra@tulisan.com', '2017-12-18 09:01:20', 'aryaputra@tulisan.com', '2017-12-27 05:04:32'),
(413, 169, 'HSA1626', 9, 8, 3, 3, '328000', 'Free Size', '34 x 77 cm | 13.5 x 30.5 in', '', '', '', '', '', '', 'aryaputra@tulisan.com', '2017-12-18 09:02:20', 'aryaputra@tulisan.com', '2017-12-27 05:06:29'),
(414, 169, 'HSA1626', 9, 8, 58, 5, '328000', 'Free Size', '34 x 77 cm | 13.5 x 30.5 in', '', '', '', '', '', '', 'aryaputra@tulisan.com', '2017-12-18 09:02:47', 'aryaputra@tulisan.com', '2017-12-27 05:06:52'),
(415, 169, 'HSA1627', 9, 9, 37, 2, '328000', 'Free Size', '34 x 77 cm | 13.5 x 30.5 in', '', '', '', '', '', '', 'aryaputra@tulisan.com', '2017-12-18 09:03:41', 'aryaputra@tulisan.com', '2017-12-27 05:10:09'),
(416, 169, 'HSA1627', 9, 9, 42, 5, '328000', 'Free Size', '34 x 77 cm | 13.5 x 30.5 in', '', '', '', '', '', '', 'aryaputra@tulisan.com', '2017-12-18 09:04:04', 'aryaputra@tulisan.com', '2017-12-27 05:10:28'),
(417, 169, 'HSA1705', 5, 14, 31, 2, '328000', 'Free Size', '34 x 77 cm | 13.5 x 30.5 in', '', '', '', '', '', '', 'aryaputra@tulisan.com', '2017-12-18 09:05:30', 'aryaputra@tulisan.com', '2017-12-27 05:12:48'),
(418, 169, 'HSA1705', 5, 14, 7, 2, '328000', 'Free Size', '34 x 77 cm | 13.5 x 30.5 in', '', '', '', '', '', '', 'aryaputra@tulisan.com', '2017-12-18 09:05:48', 'aryaputra@tulisan.com', '2017-12-27 05:14:34'),
(419, 169, 'HSA1706', 5, 15, 56, 1, '328000', 'Free Size', '34 x 77 cm | 13.5 x 30.5 in', '', '', '', '', '', '', 'aryaputra@tulisan.com', '2017-12-18 09:06:37', 'aryaputra@tulisan.com', '2017-12-27 05:16:48'),
(420, 169, 'HSA1706', 5, 15, 55, 2, '328000', 'Free Size', '34 x 77 cm | 13.5 x 30.5 in', '', '', '', '', '', '', 'aryaputra@tulisan.com', '2017-12-18 09:06:55', 'aryaputra@tulisan.com', '2017-12-27 05:18:30'),
(421, 169, 'HSA1707', 5, 16, 11, 2, '328000', 'Free Size', '34 x 77 cm | 13.5 x 30.5 in', '', '', '', '', '', '', 'aryaputra@tulisan.com', '2017-12-18 09:08:19', 'aryaputra@tulisan.com', '2017-12-27 05:27:33'),
(422, 169, 'HSA1707', 5, 16, 15, 2, '328000', 'Free Size', '34 x 77 cm | 13.5 x 30.5 in', '', '', '', '', '', '', 'aryaputra@tulisan.com', '2017-12-18 09:08:37', 'aryaputra@tulisan.com', '2017-12-27 05:27:46'),
(423, 169, 'HSA1603', 11, 20, 3, 5, '328000', 'Free Size', '34 x 77 cm | 13.5 x 30.5 in', '', '', '', '', '', '', 'aryaputra@tulisan.com', '2017-12-18 09:09:20', 'aryaputra@tulisan.com', '2017-12-30 06:55:53'),
(424, 169, 'HSA1708', 5, 17, 18, 2, '328000', 'Free Size', '34 x 77 cm | 13.5 x 30.5 in', 'products_424_1.jpg', '', '', '', '', '', 'aryaputra@tulisan.com', '2017-12-18 09:09:36', 'aryaputra@tulisan.com', '2017-12-30 06:57:24'),
(425, 208, '', 9, 0, 0, 0, '88,000', 'NULL', '', '', '', '', '', '', '', 'aryaputra@tulisan.com', '2017-12-18 09:17:44', NULL, NULL),
(426, 209, '', 5, 19, 0, 0, '100,000', 'NULL', '', '', '', '', '', '', '', 'aryaputra@tulisan.com', '2017-12-18 09:33:07', NULL, NULL),
(427, 251, 'HTT1601', 11, 23, 3, 0, '388000', 'Free Size', '48 x 80 cm | 19 x 31.5 in', '', '', '', '', '', '', 'aryaputra@tulisan.com', '2017-12-18 09:35:52', '', '2017-12-27 19:54:22'),
(428, 252, 'HTT1603', 11, 20, 3, 1, '358000', 'Free Size', '50 x 80 cm | 19.75 x 31.5 in', '', '', '', '', '', '', 'aryaputra@tulisan.com', '2017-12-18 09:37:26', '', '2017-12-27 19:56:24'),
(429, 252, 'HTT1603', 11, 20, 32, 1, '358000', 'Free Size', '50 x 80 cm | 19.75 x 31.5 in', '', '', '', '', '', '', 'aryaputra@tulisan.com', '2017-12-18 09:37:45', '', '2017-12-27 19:56:07'),
(430, 253, 'HTT1604', 11, 21, 3, 1, '358000', 'Free Size', '50 x 80 cm | 19.75 x 31.5 in', '', '', '', '', '', '', 'aryaputra@tulisan.com', '2017-12-18 09:38:23', '', '2017-12-27 19:57:49'),
(431, 253, 'HTT1604', 11, 21, 32, 1, '358000', 'Free Size', '50 x 80 cm | 19.75 x 31.5 in', '', '', '', '', '', '', 'aryaputra@tulisan.com', '2017-12-18 09:38:38', '', '2017-12-27 19:58:05'),
(432, 254, 'HTT1605', 11, 25, 19, 1, '358000', 'Free Size', '50 x 80 cm | 19.75 x 31.5 in', '', '', '', '', '', '', 'aryaputra@tulisan.com', '2017-12-18 09:39:22', '', '2017-12-27 19:59:25'),
(433, 254, 'HTT1605', 11, 25, 54, 1, '358000', 'Free Size', '50 x 80 cm | 19.75 x 31.5 in', '', '', '', '', '', '', 'aryaputra@tulisan.com', '2017-12-18 09:39:56', '', '2017-12-27 19:59:51'),
(434, 255, 'HTT1606', 11, 22, 19, 1, '358000', 'Free Size', '50 x 80 cm | 19.75 x 31.5 in', '', '', '', '', '', '', 'aryaputra@tulisan.com', '2017-12-18 09:40:37', '', '2017-12-27 20:01:48'),
(435, 255, 'HTT1606', 11, 22, 54, 1, '358000', 'Free Size', '50 x 80 cm | 19.75 x 31.5 in', '', '', '', '', '', '', 'aryaputra@tulisan.com', '2017-12-18 09:40:56', '', '2017-12-27 20:02:53'),
(437, 261, 'HTT1701', 5, 10, 31, 2, '388000', 'Free Size', '48 x 80 cm | 19 x 31.5 in', 'products_437_1.jpg', '', '', '', '', '', 'aryaputra@tulisan.com', '2017-12-18 09:42:32', 'aryaputra@tulisan.com', '2017-12-29 13:31:39'),
(438, 261, 'HTT1624', 9, 6, 32, 1, '358000', 'Free Size', '50 x 80 cm | 19.75 x 31.5 in', '', '', '', '', '', '', 'aryaputra@tulisan.com', '2017-12-18 09:43:18', '', '2017-12-27 20:06:27'),
(439, 261, 'HTT1624', 9, 6, 49, 1, '358000', 'Free Size', '50 x 80 cm | 19.75 x 31.5 in', '', '', '', '', '', '', 'aryaputra@tulisan.com', '2017-12-18 09:43:37', '', '2017-12-27 20:06:43'),
(440, 261, 'HTT1625', 9, 7, 53, 1, '358000', 'Free Size', '50 x 80 cm | 19.75 x 31.5 in', '', '', '', '', '', '', 'aryaputra@tulisan.com', '2017-12-18 09:45:03', '', '2017-12-27 20:07:44'),
(441, 261, 'HTT1625', 9, 7, 33, 1, '358000', 'Free Size', '50 x 80 cm | 19.75 x 31.5 in', '', '', '', '', '', '', 'aryaputra@tulisan.com', '2017-12-18 09:45:21', '', '2017-12-27 20:08:09'),
(442, 261, 'HTT1626', 9, 8, 3, 1, '358000', 'Free Size', '50 x 80 cm | 19.75 x 31.5 in', '', '', '', '', '', '', 'aryaputra@tulisan.com', '2017-12-18 09:46:26', '', '2017-12-27 20:12:41'),
(443, 261, 'HTT1626', 9, 8, 58, 3, '358000', 'Free Size', '50 x 80 cm | 19.75 x 31.5 in', '', '', '', '', '', '', 'aryaputra@tulisan.com', '2017-12-18 09:46:43', '', '2017-12-27 20:13:09'),
(444, 261, 'HTT1627', 9, 9, 37, 1, '358000', 'Free Size', '50 x 80 cm | 19.75 x 31.5 in', '', '', '', '', '', '', 'aryaputra@tulisan.com', '2017-12-18 09:47:29', '', '2017-12-27 20:14:38'),
(445, 261, 'HTT1627', 9, 9, 42, 2, '358000', 'Free Size', '50 x 80 cm | 19.75 x 31.5 in', '', '', '', '', '', '', 'aryaputra@tulisan.com', '2017-12-18 09:47:54', '', '2017-12-27 20:14:53'),
(447, 261, 'HTT1702', 5, 11, 7, 1, '388000', 'Free Size', '48 x 80 cm | 19 x 31.5 in', 'products_447_1.jpg', '', '', '', '', '', 'aryaputra@tulisan.com', '2017-12-18 09:50:30', 'aryaputra@tulisan.com', '2017-12-29 13:10:47'),
(448, 261, 'HTT1703', 5, 12, 46, 2, '388000', 'Free Size', '48 x 80 cm | 19 x 31.5 in', 'products_448_1.jpg', '', '', '', '', '', 'aryaputra@tulisan.com', '2017-12-18 09:51:45', 'aryaputra@tulisan.com', '2017-12-29 13:11:11'),
(449, 261, 'HTT1704', 5, 13, 9, 2, '388000', 'Free Size', '48 x 80 cm | 19 x 31.5 in', 'products_449_1.jpg', '', '', '', '', '', 'aryaputra@tulisan.com', '2017-12-18 09:53:20', 'aryaputra@tulisan.com', '2017-12-29 13:11:55'),
(450, 261, 'HTT1705', 5, 14, 31, 2, '358000', 'Free Size', '50 x 80 cm | 19.75 x 31.5 in', '', '', '', '', '', '', 'aryaputra@tulisan.com', '2017-12-18 09:54:29', '', '2017-12-27 20:21:53'),
(451, 261, 'HTT1705', 5, 14, 7, 2, '358000', 'Free Size', '50 x 80 cm | 19.75 x 31.5 in', '', '', '', '', '', '', 'aryaputra@tulisan.com', '2017-12-18 09:54:49', '', '2017-12-27 20:22:08'),
(452, 261, 'HTT1706', 5, 15, 56, 1, '358000', 'Free Size', '50 x 80 cm | 19.75 x 31.5 in', '', '', '', '', '', '', 'aryaputra@tulisan.com', '2017-12-18 09:55:45', '', '2017-12-27 20:23:14'),
(453, 261, 'HTT1706', 5, 15, 55, 1, '358000', 'Free Size', '50 x 80 cm | 19.75 x 31.5 in', '', '', '', '', '', '', 'aryaputra@tulisan.com', '2017-12-18 09:56:05', '', '2017-12-27 20:23:33'),
(454, 261, 'HTT1707', 5, 16, 11, 2, '358000', 'Free Size', '50 x 80 cm | 19.75 x 31.5 in', '', '', '', '', '', '', 'aryaputra@tulisan.com', '2017-12-18 09:56:53', '', '2017-12-27 20:25:24'),
(455, 261, 'HTT1707', 5, 16, 15, 2, '358000', 'Free Size', '50 x 80 cm | 19.75 x 31.5 in', '', '', '', '', '', '', 'aryaputra@tulisan.com', '2017-12-18 09:57:09', '', '2017-12-27 20:26:27'),
(456, 261, 'HTT1708', 5, 17, 9, 3, '358000', 'Free Size', '50 x 80 cm | 19.75 x 31.5 in', 'products_456_1.jpg', '', '', '', '', '', 'aryaputra@tulisan.com', '2017-12-18 09:58:04', 'aryaputra@tulisan.com', '2017-12-29 13:09:53'),
(457, 261, 'HTT1708', 5, 17, 18, 3, '358000', 'Free Size', '50 x 80 cm | 19.75 x 31.5 in', 'products_457_1.jpg', '', '', '', '', '', 'aryaputra@tulisan.com', '2017-12-18 09:59:23', 'aryaputra@tulisan.com', '2017-12-29 13:12:41'),
(458, 193, 'ATW1603', 11, 20, 3, 2, '398000', 'Free Size', 'One size', '', '', '', '', '', '', 'aryaputra@tulisan.com', '2017-12-18 10:02:03', 'aryaputra@tulisan.com', '2017-12-27 05:32:10'),
(459, 193, 'ATW1603', 11, 20, 32, 2, '398000', 'Free Size', 'One size', '', '', '', '', '', '', 'aryaputra@tulisan.com', '2017-12-18 10:02:22', 'aryaputra@tulisan.com', '2017-12-27 05:32:27'),
(460, 193, 'ATW1604', 11, 21, 3, 2, '398000', 'Free Size', 'One size', '', '', '', '', '', '', 'aryaputra@tulisan.com', '2017-12-18 10:03:07', 'aryaputra@tulisan.com', '2017-12-27 05:33:41'),
(461, 193, 'ATW1604', 11, 21, 32, 2, '398000', 'Free Size', 'One size', '', '', '', '', '', '', 'aryaputra@tulisan.com', '2017-12-18 10:03:22', 'aryaputra@tulisan.com', '2017-12-27 05:33:53'),
(462, 193, 'ATW1605', 11, 25, 19, 2, '398000', 'Free Size', 'One size', '', '', '', '', '', '', 'aryaputra@tulisan.com', '2017-12-18 10:04:17', 'aryaputra@tulisan.com', '2017-12-27 05:34:46'),
(463, 193, 'ATW1605', 11, 25, 54, 2, '398000', 'Free Size', 'One size', '', '', '', '', '', '', 'aryaputra@tulisan.com', '2017-12-18 10:04:37', 'aryaputra@tulisan.com', '2017-12-27 05:35:01'),
(464, 193, 'ATW1606', 11, 22, 19, 2, '398000', 'Free Size', 'One size', '', '', '', '', '', '', 'aryaputra@tulisan.com', '2017-12-18 10:05:25', 'aryaputra@tulisan.com', '2017-12-27 05:36:18'),
(465, 193, 'ATW1606', 11, 22, 54, 2, '398000', 'Free Size', 'One size', '', '', '', '', '', '', 'aryaputra@tulisan.com', '2017-12-18 10:05:41', 'aryaputra@tulisan.com', '2017-12-27 05:36:34'),
(466, 193, 'ATW1707', 5, 16, 11, 1, '398000', 'Free Size', 'One size', '', '', '', '', '', '', 'aryaputra@tulisan.com', '2017-12-18 10:06:21', 'aryaputra@tulisan.com', '2017-12-27 05:37:38'),
(467, 193, 'ATW1707', 5, 16, 15, 0, '398000', 'Free Size', 'One size', '', '', '', '', '', '', 'aryaputra@tulisan.com', '2017-12-18 10:06:38', 'aryaputra@tulisan.com', '2017-12-27 05:42:28'),
(469, 113, 'BWE1603', 11, 20, 32, 1, '1398000', 'Free Size', '36 x 20 x 39.5 cm | 14 x 7.75 x 15.5 in', 'products_469_1.jpg', 'products_469_2.jpg', 'products_469_3.jpg', '', 'products_469_5.jpg', 'products_469_6.jpg', '', '2017-12-20 02:08:59', 'aryaputra@tulisan.com', '2017-12-30 05:25:06'),
(471, 113, 'BWE1604', 11, 21, 32, 1, '1398000', 'Free Size', '36 x 20 x 39.5 cm | 14 x 7.75 x 15.5 in', 'products_471_1.jpg', 'products_471_2.jpg', 'products_471_3.jpg', '', 'products_471_5.jpg', 'products_471_6.jpg', '', '2017-12-20 02:11:02', 'aryaputra@tulisan.com', '2017-12-30 05:23:03'),
(472, 113, 'BWE1605', 11, 25, 19, 2, '1398000', 'Free Size', '36 x 20 x 39.5 cm | 14 x 7.75 x 15.5 in', 'products_472_1.jpg', 'products_472_2.jpg', 'products_472_3.jpg', '', 'products_472_5.jpg', 'products_472_6.jpg', '', '2017-12-20 02:12:55', 'aryaputra@tulisan.com', '2017-12-30 05:16:58'),
(473, 113, 'BWE1605', 11, 25, 54, 3, '1398000', 'Free Size', '36 x 20 x 39.5 cm | 14 x 7.75 x 15.5 in', 'products_473_1.jpg', 'products_473_2.jpg', 'products_473_3.jpg', '', 'products_473_5.jpg', 'products_473_6.jpg', '', '2017-12-20 02:13:14', 'aryaputra@tulisan.com', '2017-12-30 05:18:30'),
(474, 113, 'BWE1606', 11, 22, 19, 1, '1398000', 'Free Size', '36 x 20 x 39.5 cm | 14 x 7.75 x 15.5 in', 'products_474_1.jpg', 'products_474_2.jpg', 'products_474_3.jpg', '', 'products_474_5.jpg', 'products_474_6.jpg', '', '2017-12-20 02:14:24', 'aryaputra@tulisan.com', '2017-12-30 05:19:52'),
(475, 113, 'BWE1606', 11, 22, 54, 4, '1398000', 'Free Size', '36 x 20 x 39.5 cm | 14 x 7.75 x 15.5 in', 'products_475_1.jpg', 'products_475_2.jpg', 'products_475_3.jpg', '', 'products_475_5.jpg', 'products_475_6.jpg', '', '2017-12-20 02:15:04', 'aryaputra@tulisan.com', '2017-12-30 05:21:04'),
(476, 113, 'BWE1626', 9, 8, 3, 1, '1398000', 'Free Size', '36 x 20 x 39.5 cm | 14 x 7.75 x 15.5 in', 'products_476_1.jpg', 'products_476_2.jpg', 'products_476_3.jpg', 'products_476_4.jpg', 'products_476_5.jpg', 'products_476_6.jpg', '', '2017-12-20 02:16:50', 'aryaputra@tulisan.com', '2017-12-30 05:43:21'),
(477, 113, 'BWE1626', 9, 8, 58, 2, '1398000', 'Free Size', '36 x 20 x 39.5 cm | 14 x 7.75 x 15.5 in', 'products_477_1.jpg', 'products_477_2.jpg', 'products_477_3.jpg', 'products_477_4.jpg', 'products_477_5.jpg', 'products_477_6.jpg', '', '2017-12-20 02:17:20', 'aryaputra@tulisan.com', '2017-12-30 05:40:51'),
(478, 261, 'HTT1511', 17, 26, 26, 2, '368,000', 'Free Size', '48 x 80 cm | 19 x 31.5 in', '', '', '', '', '', '', '', '2017-12-27 20:35:50', NULL, NULL),
(479, 261, 'HTT1511', 17, 26, 24, 2, '368,000', 'Free Size', '48 x 80 cm | 19 x 31.5 in', '', '', '', '', '', '', '', '2017-12-27 20:36:20', NULL, NULL),
(480, 261, 'HTT1511', 17, 26, 42, 2, '368000', 'Free Size', '48 x 80 cm | 19 x 31.5 in', '', '', '', '', '', '', '', '2017-12-27 20:36:51', '', '2017-12-27 20:37:08'),
(481, 261, 'HTT1511', 17, 26, 56, 2, '368,000', 'Free Size', '48 x 80 cm | 19 x 31.5 in', '', '', '', '', '', '', '', '2017-12-27 20:37:41', NULL, NULL),
(482, 309, 'HAK1627', 0, 9, 37, 0, '368000', 'Free Size', '73 x 80 cm | 28.75 x 31.5 in', '', '', '', '', '', '', 'aryaputra@tulisan.com', '2017-12-28 03:08:21', NULL, NULL),
(483, 309, 'HAK1627', 0, 9, 42, 1, '368000', 'Free Size', '73 x 80 cm | 28.75 x 31.5 in', '', '', '', '', '', '', 'aryaputra@tulisan.com', '2017-12-28 03:08:21', NULL, NULL),
(484, 119, 'POU1624', 9, 6, 32, 0, '168,000', 'Medium', '(M) 25x19cm | 10x7.5in', 'products_484_1.jpg', '', 'products_484_3.jpg', '', '', '', 'aryaputra@tulisan.com', '2017-12-29 04:34:10', NULL, NULL),
(485, 119, 'POU1624', 9, 6, 32, 0, '148,000', 'Small', '(S) 20x15cm | 8x6in', 'products_485_1.jpg', '', '', '', '', '', 'aryaputra@tulisan.com', '2017-12-29 04:35:47', NULL, NULL),
(486, 119, 'POU1624', 9, 6, 32, 0, '128000', 'Petite', '(P) 20 x 10 cm | 8 x 4 in', 'products_486_1.jpg', '', '', '', '', '', 'aryaputra@tulisan.com', '2017-12-29 04:36:43', 'aryaputra@tulisan.com', '2017-12-29 04:37:45'),
(487, 119, 'POU1624', 9, 6, 49, 3, '248000', 'Large', '(L) 36x26.5cm | 14.25x10.5in', 'products_487_1.jpg', 'products_487_2.jpg', 'products_487_3.jpg', '', '', '', 'aryaputra@tulisan.com', '2017-12-29 04:39:30', 'aryaputra@tulisan.com', '2018-01-02 03:18:00'),
(488, 119, 'POU1624', 9, 6, 49, 0, '168,000', 'Medium', '(M) 25x19cm | 10x7.5in', 'products_488_1.jpg', '', 'products_488_3.jpg', '', '', '', 'aryaputra@tulisan.com', '2017-12-29 04:41:17', NULL, NULL),
(489, 119, 'POU1624', 9, 6, 49, 0, '148,000', 'Small', '(S) 20x15cm | 8x6in', 'products_489_1.jpg', '', '', '', '', '', 'aryaputra@tulisan.com', '2017-12-29 04:42:10', NULL, NULL),
(490, 119, 'POU1624', 9, 6, 49, 0, '128,000', 'Petite', '(P) 20 x 10 cm | 8 x 4 in', 'products_490_1.jpg', '', '', '', '', '', 'aryaputra@tulisan.com', '2017-12-29 04:43:16', NULL, NULL),
(491, 119, 'POU1625', 9, 7, 53, 5, '248000', 'Large', '(L) 36x26.5cm | 14.25x10.5in', 'products_491_1.jpg', 'products_491_2.jpg', 'products_491_3.jpg', '', '', '', 'aryaputra@tulisan.com', '2017-12-29 04:44:40', 'aryaputra@tulisan.com', '2018-01-02 03:20:04'),
(492, 119, 'POU1625', 9, 7, 53, 4, '168000', 'Medium', '(M) 25x19cm | 10x7.5in', 'products_492_1.jpg', 'products_492_2.jpg', '', '', '', '', 'aryaputra@tulisan.com', '2017-12-29 04:46:39', 'aryaputra@tulisan.com', '2018-01-02 03:19:48'),
(493, 119, 'POU1625', 9, 7, 53, 5, '148000', 'Small', '(S) 20x15cm | 8x6in', 'products_493_1.jpg', 'products_493_2.jpg', '', '', '', '', 'aryaputra@tulisan.com', '2017-12-29 04:49:13', 'aryaputra@tulisan.com', '2018-01-02 03:19:32'),
(494, 119, 'POU1625', 9, 7, 53, 5, '128000', 'Petite', '(P) 20 x 10 cm | 8 x 4 in', 'products_494_1.jpg', 'products_494_2.jpg', '', '', '', '', 'aryaputra@tulisan.com', '2017-12-29 04:50:51', 'aryaputra@tulisan.com', '2018-01-02 03:19:17'),
(495, 119, 'POU1625', 9, 7, 33, 5, '248000', 'Large', '(L) 36x26.5cm | 14.25x10.5in', 'products_495_1.jpg', 'products_495_2.jpg', 'products_495_3.jpg', '', '', '', 'aryaputra@tulisan.com', '2017-12-29 04:56:57', 'aryaputra@tulisan.com', '2018-01-02 03:20:17'),
(496, 119, 'POU1625', 9, 7, 33, 5, '168000', 'Medium', '(M) 25x19cm | 10x7.5in', 'products_496_1.jpg', 'products_496_2.jpg', '', '', '', '', 'aryaputra@tulisan.com', '2017-12-29 05:02:45', 'aryaputra@tulisan.com', '2018-01-02 03:18:59'),
(497, 119, 'POU1625', 9, 7, 33, 0, '148,000', 'Small', '(S) 20x15cm | 8x6in', 'products_497_1.jpg', 'products_497_2.jpg', '', '', '', '', 'aryaputra@tulisan.com', '2017-12-29 05:04:23', NULL, NULL),
(498, 119, 'POU1625', 9, 7, 33, 1, '128000', 'Petite', '(P) 20 x 10 cm | 8 x 4 in', 'products_498_1.jpg', 'products_498_2.jpg', '', '', '', '', 'aryaputra@tulisan.com', '2017-12-29 05:06:01', 'aryaputra@tulisan.com', '2018-01-02 03:18:22'),
(499, 119, 'POU1626', 9, 8, 3, 5, '248000', 'Large', '(L) 36x26.5cm | 14.25x10.5in', 'products_499_1.jpg', 'products_499_2.jpg', 'products_499_3.jpg', '', '', '', 'aryaputra@tulisan.com', '2017-12-29 05:08:02', 'aryaputra@tulisan.com', '2018-01-02 03:22:02'),
(500, 119, 'POU1626', 9, 8, 58, 5, '248000', 'Large', '(L) 36x26.5cm | 14.25x10.5in', 'products_500_1.jpg', 'products_500_2.jpg', 'products_500_3.jpg', '', '', '', 'aryaputra@tulisan.com', '2017-12-29 05:09:47', 'aryaputra@tulisan.com', '2018-01-02 03:21:48'),
(501, 119, 'POU1626', 9, 8, 3, 3, '168000', 'Medium', '(M) 25x19cm | 10x7.5in', 'products_501_1.jpg', 'products_501_2.jpg', '', '', '', '', 'aryaputra@tulisan.com', '2017-12-29 05:11:20', 'aryaputra@tulisan.com', '2018-01-02 03:21:35'),
(502, 119, 'POU1626', 9, 8, 58, 5, '168000', 'Medium', '(M) 25x19cm | 10x7.5in', 'products_502_1.jpg', 'products_502_2.jpg', '', '', '', '', 'aryaputra@tulisan.com', '2017-12-29 05:12:23', 'aryaputra@tulisan.com', '2018-01-02 03:21:17'),
(503, 119, 'POU1626', 9, 8, 3, 4, '148000', 'Small', '(S) 20x15cm | 8x6in', 'products_503_1.jpg', 'products_503_2.jpg', '', '', '', '', 'aryaputra@tulisan.com', '2017-12-29 05:17:02', 'aryaputra@tulisan.com', '2018-01-02 03:21:02'),
(504, 109, 'BSL1622', 9, 4, 55, 4, '1498000', 'Free Size', '32 x 16 x 40 cm | 12.5 x 6.25 x 15.75 in', 'products_504_1.jpg', 'products_504_2.jpg', 'products_504_3.jpg', 'products_504_4.jpg', 'products_504_5.jpg', 'products_504_6.jpg', 'aryaputra@tulisan.com', '2017-12-29 05:28:03', 'aryaputra@tulisan.com', '2017-12-29 05:35:02'),
(505, 109, 'BSL1622', 9, 4, 3, 5, '1498000', 'Free Size', '32 x 16 x 40 cm | 12.5 x 6.25 x 15.75 in', 'products_505_1.jpg', 'products_505_2.jpg', 'products_505_3.jpg', 'products_505_4.jpg', 'products_505_5.jpg', 'products_505_6.jpg', 'aryaputra@tulisan.com', '2017-12-29 05:30:19', 'aryaputra@tulisan.com', '2017-12-29 05:34:53'),
(506, 119, 'POU1626', 9, 8, 58, 0, '148,000', 'Small', '(S) 20x15cm | 8x6in', 'products_506_1.jpg', 'products_506_2.jpg', '', '', '', '', 'aryaputra@tulisan.com', '2017-12-29 05:51:30', NULL, NULL),
(507, 119, 'POU1626', 9, 8, 3, 3, '128000', 'Petite', '(P) 20 x 10 cm | 8 x 4 in', 'products_507_1.jpg', 'products_507_2.jpg', '', '', '', '', 'aryaputra@tulisan.com', '2017-12-29 05:53:09', 'aryaputra@tulisan.com', '2018-01-02 03:20:43'),
(508, 119, 'POU1626', 9, 8, 58, 3, '128000', 'Petite', '(P) 20 x 10 cm | 8 x 4 in', 'products_508_1.jpg', 'products_508_2.jpg', '', '', '', '', 'aryaputra@tulisan.com', '2017-12-29 05:54:18', 'aryaputra@tulisan.com', '2018-01-02 03:20:31'),
(509, 119, 'POU1627', 9, 9, 37, 4, '248000', 'Large', '(L) 36x26.5cm | 14.25x10.5in', 'products_509_1.jpg', 'products_509_2.jpg', 'products_509_3.jpg', '', '', '', '', '2017-12-29 06:56:10', 'aryaputra@tulisan.com', '2018-01-02 03:23:49'),
(510, 119, 'POU1627', 9, 9, 42, 3, '248000', 'Large', '(L) 36x26.5cm | 14.25x10.5in', 'products_510_1.jpg', 'products_510_2.jpg', 'products_510_3.jpg', '', '', '', '', '2017-12-29 06:57:19', 'aryaputra@tulisan.com', '2018-01-02 03:23:28'),
(511, 119, 'POU1627', 9, 9, 37, 4, '168000', 'Medium', '(M) 25x19cm | 10x7.5in', 'products_511_1.jpg', 'products_511_2.jpg', '', '', '', '', '', '2017-12-29 06:59:06', 'aryaputra@tulisan.com', '2018-01-02 03:23:11'),
(512, 119, 'POU1627', 9, 9, 42, 0, '168,000', 'Medium', '(M) 25x19cm | 10x7.5in', 'products_512_1.jpg', 'products_512_2.jpg', '', '', '', '', '', '2017-12-29 07:01:00', NULL, NULL),
(513, 119, 'POU1627', 9, 9, 37, 3, '148000', 'Small', '(S) 20x15cm | 8x6in', 'products_513_1.jpg', 'products_513_2.jpg', '', '', '', '', '', '2017-12-29 07:02:45', 'aryaputra@tulisan.com', '2018-01-02 03:22:50'),
(514, 119, 'POU1627', 9, 9, 42, 0, '148,000', 'Small', '(S) 20x15cm | 8x6in', 'products_514_1.jpg', 'products_514_2.jpg', '', '', '', '', '', '2017-12-29 07:04:30', NULL, NULL),
(515, 119, 'POU1627', 9, 9, 37, 1, '128000', 'Petite', '(P) 20 x 10 cm | 8 x 4 in', 'products_515_1.jpg', 'products_515_2.jpg', '', '', '', '', '', '2017-12-29 07:06:05', 'aryaputra@tulisan.com', '2018-01-02 03:22:32'),
(516, 119, 'POU1627', 9, 9, 42, 2, '128000', 'Petite', '(P) 20 x 10 cm | 8 x 4 in', 'products_516_1.jpg', 'products_516_2.jpg', '', '', '', '', '', '2017-12-29 07:07:05', 'aryaputra@tulisan.com', '2018-01-02 03:22:16'),
(517, 119, 'POU1706', 5, 15, 56, 3, '248000', 'Large', '(L) 36x26.5cm | 14.25x10.5in', 'products_517_1.jpg', '', 'products_517_3.jpg', '', '', '', '', '2017-12-29 07:09:04', 'aryaputra@tulisan.com', '2018-01-02 03:13:46'),
(518, 119, 'POU1706', 5, 15, 55, 4, '248000', 'Large', '(L) 36x26.5cm | 14.25x10.5in', 'products_518_1.jpg', 'products_518_2.jpg', 'products_518_3.jpg', '', '', '', '', '2017-12-29 07:10:05', '', '2017-12-29 07:41:33'),
(519, 119, 'POU1706', 5, 15, 56, 3, '168000', 'Medium', '(M) 25x19cm | 10x7.5in', 'products_519_1.jpg', 'products_519_2.jpg', '', '', '', '', '', '2017-12-29 07:12:00', 'aryaputra@tulisan.com', '2018-01-02 03:14:20'),
(520, 119, 'POU1706', 5, 15, 55, 4, '168000', 'Medium', '(M) 25x19cm | 10x7.5in', 'products_520_1.jpg', 'products_520_2.jpg', '', '', '', '', '', '2017-12-29 07:12:51', 'aryaputra@tulisan.com', '2018-01-02 03:14:52'),
(521, 119, 'POU1706', 5, 15, 56, 0, '148000', 'Small', '(S) 20x15cm | 8x6in', 'products_521_1.jpg', 'products_521_2.jpg', '', '', '', '', '', '2017-12-29 07:14:58', '', '2017-12-29 07:16:55'),
(522, 119, 'POU1706', 5, 15, 55, 0, '148,000', 'Small', '(S) 20x15cm | 8x6in', 'products_522_1.jpg', 'products_522_2.jpg', '', '', '', '', '', '2017-12-29 07:16:35', NULL, NULL),
(523, 119, 'POU1706', 5, 15, 55, 2, '128000', 'Petite', '(P) 20 x 10 cm | 8 x 4 in', 'products_523_1.jpg', 'products_523_2.jpg', '', '', '', '', '', '2017-12-29 07:18:05', 'aryaputra@tulisan.com', '2018-01-02 03:15:34'),
(524, 119, 'POU1706', 5, 15, 56, 0, '128,000', 'Petite', '(P) 20 x 10 cm | 8 x 4 in', 'products_524_1.jpg', 'products_524_2.jpg', '', '', '', '', '', '2017-12-29 07:19:28', NULL, NULL),
(525, 119, 'POU1707', 5, 16, 11, 4, '248000', 'Large', '(L) 36x26.5cm | 14.25x10.5in', 'products_525_1.jpg', 'products_525_2.jpg', 'products_525_3.jpg', '', '', '', '', '2017-12-29 07:21:00', 'aryaputra@tulisan.com', '2018-01-02 03:16:12'),
(526, 119, 'POU1707', 5, 16, 15, 4, '248000', 'Large', '(L) 36x26.5cm | 14.25x10.5in', 'products_526_1.jpg', 'products_526_2.jpg', 'products_526_3.jpg', '', '', '', '', '2017-12-29 07:21:52', 'aryaputra@tulisan.com', '2018-01-02 03:17:14'),
(527, 119, 'POU1707', 5, 16, 11, 1, '128000', 'Petite', '(P) 20 x 10 cm | 8 x 4 in', 'products_527_1.jpg', 'products_527_2.jpg', '', '', '', '', '', '2017-12-29 07:23:34', 'aryaputra@tulisan.com', '2018-01-02 03:16:44'),
(529, 119, 'POU1708', 5, 17, 18, 4, '248000', 'Large', '(L) 36x26.5cm | 14.25x10.5in', 'products_529_1.jpg', 'products_529_2.jpg', 'products_529_3.jpg', '', '', '', '', '2017-12-29 07:25:45', 'aryaputra@tulisan.com', '2018-01-02 03:12:39'),
(530, 119, 'POU1708', 5, 17, 9, 2, '168000', 'Medium', '(M) 25x19cm | 10x7.5in', 'products_530_1.jpg', 'products_530_2.jpg', '', '', '', '', '', '2017-12-29 07:27:07', '', '2017-12-29 07:28:20'),
(531, 119, 'POU1708', 5, 17, 18, 2, '168000', 'Medium', '(M) 25x19cm | 10x7.5in', 'products_531_1.jpg', 'products_531_2.jpg', '', '', '', '', '', '2017-12-29 07:28:05', '', '2017-12-29 07:38:03'),
(532, 119, 'POU1708', 5, 17, 9, 5, '148000', 'Small', '(S) 20x15cm | 8x6in', 'products_532_1.jpg', 'products_532_2.jpg', '', '', '', '', '', '2017-12-29 07:29:31', 'aryaputra@tulisan.com', '2018-01-02 03:11:20'),
(533, 119, 'POU1708', 5, 17, 18, 4, '148000', 'Small', '(S) 20x15cm | 8x6in', 'products_533_1.jpg', 'products_533_2.jpg', '', '', '', '', '', '2017-12-29 07:30:17', '', '2017-12-29 07:32:10'),
(534, 119, 'POU1708', 5, 17, 9, 2, '128000', 'Petite', '(P) 20 x 10 cm | 8 x 4 in', 'products_534_1.jpg', 'products_534_2.jpg', '', '', '', '', '', '2017-12-29 07:33:54', 'aryaputra@tulisan.com', '2018-01-02 03:12:01'),
(535, 119, 'POU1708', 5, 17, 18, 1, '128000', 'Petite', '(P) 20 x 10 cm | 8 x 4 in', 'products_535_1.jpg', 'products_535_2.jpg', '', '', '', '', '', '2017-12-29 07:34:55', 'aryaputra@tulisan.com', '2018-01-02 03:13:15'),
(536, 223, 'HAK1708', 5, 17, 9, 2, '368000', 'Free Size', '73 x 80 cm | 28.75 x 31.5 in', 'products_536_1.jpg', '', '', '', '', '', 'aryaputra@tulisan.com', '2017-12-29 12:02:45', 'aryaputra@tulisan.com', '2018-01-02 02:52:37'),
(537, 223, 'HAK1708', 5, 17, 18, 2, '368000', 'Free Size', '73 x 80 cm | 28.75 x 31.5 in', 'products_537_1.jpg', '', '', '', '', '', 'aryaputra@tulisan.com', '2017-12-29 12:03:24', 'aryaputra@tulisan.com', '2018-01-02 02:53:38'),
(538, 223, 'HAK1707', 5, 16, 11, 1, '368,000', 'Free Size', '73 x 80 cm | 28.75 x 31.5 in', '', '', '', '', '', '', 'aryaputra@tulisan.com', '2017-12-29 12:04:32', NULL, NULL),
(539, 223, 'HAK1707', 5, 16, 15, 1, '368,000', 'Free Size', '73 x 80 cm | 28.75 x 31.5 in', '', '', '', '', '', '', 'aryaputra@tulisan.com', '2017-12-29 12:05:19', NULL, NULL),
(540, 223, 'HAK1706', 5, 15, 56, 1, '368,000', 'Free Size', '73 x 80 cm | 28.75 x 31.5 in', '', '', '', '', '', '', 'aryaputra@tulisan.com', '2017-12-29 12:06:17', NULL, NULL),
(541, 223, 'HAK1706', 5, 15, 55, 1, '368,000', 'Free Size', '73 x 80 cm | 28.75 x 31.5 in', '', '', '', '', '', '', 'aryaputra@tulisan.com', '2017-12-29 12:06:56', NULL, NULL),
(542, 223, 'HAK1626', 9, 8, 58, 1, '368,000', 'Free Size', '73 x 80 cm | 28.75 x 31.5 in', '', '', '', '', '', '', 'aryaputra@tulisan.com', '2017-12-29 12:07:55', NULL, NULL),
(543, 223, 'HAK1627', 9, 9, 42, 1, '368,000', 'Free Size', '73 x 80 cm | 28.75 x 31.5 in', '', '', '', '', '', '', 'aryaputra@tulisan.com', '2017-12-29 12:08:28', NULL, NULL),
(545, 234, 'HCC1708', 5, 17, 9, 1, '398000', 'Free Size', '49 x 49 cm | 19.25 x 19.25 in', 'products_545_1.jpg', '', '', '', '', '', 'aryaputra@tulisan.com', '2017-12-29 13:02:37', 'aryaputra@tulisan.com', '2018-01-02 02:55:46'),
(546, 234, 'HCC1708', 5, 17, 18, 2, '398000', 'Free Size', '49 x 49 cm | 19.25 x 19.25 in', 'products_546_1.jpg', '', '', '', '', '', 'aryaputra@tulisan.com', '2017-12-29 13:04:10', 'aryaputra@tulisan.com', '2018-01-02 02:56:01'),
(547, 234, 'HCC1707', 5, 16, 11, 2, '398,000', 'Free Size', '49 x 49 cm | 19.25 x 19.25 in', '', '', '', '', '', '', 'aryaputra@tulisan.com', '2017-12-29 13:05:03', NULL, NULL),
(548, 234, 'HCC1707', 5, 16, 15, 2, '398,000', 'Free Size', '49 x 49 cm | 19.25 x 19.25 in', '', '', '', '', '', '', 'aryaputra@tulisan.com', '2017-12-29 13:05:45', NULL, NULL),
(549, 261, 'HTT1622', 9, 4, 55, 2, '388000', 'Free Size', '48 x 80 cm | 19 x 31.5 in', '', '', '', '', '', '', 'aryaputra@tulisan.com', '2017-12-29 13:21:52', 'aryaputra@tulisan.com', '2017-12-29 13:31:54'),
(550, 234, 'HCC1603', 11, 20, 3, 3, '398,000', 'Free Size', '49 x 49 cm | 19.25 x 19.25 in', '', '', '', '', '', '', 'aryaputra@tulisan.com', '2017-12-29 13:29:39', NULL, NULL),
(551, 128, 'ORG1624', 9, 6, 32, 2, '168000', 'Small', '(S) 14x6x13cm | 5.5x2.25x5in', 'products_551_1.jpg', 'products_551_2.jpg', 'products_551_3.jpg', 'products_551_4.jpg', 'products_551_5.jpg', 'products_551_6.jpg', 'aryaputra@tulisan.com', '2017-12-29 13:45:40', 'aryaputra@tulisan.com', '2017-12-29 13:51:34'),
(552, 107, 'BMU1708', 5, 17, 9, 2, '848000', 'Free Size', '25.5 x 10 x 23 cm | 10 x 4 x 9 in', 'products_552_1.jpg', 'products_552_2.jpg', 'products_552_3.jpg', '', 'products_552_5.jpg', 'products_552_6.jpg', 'aryaputra@tulisan.com', '2017-12-29 14:01:40', 'aryaputra@tulisan.com', '2018-01-02 03:29:48'),
(553, 217, 'PBE1708', 5, 17, 18, 3, '148,000', 'Free Size', '12.5 x 21 cm | 5 x 8.25 in', 'products_553_1.jpg', '', '', '', '', '', 'aryaputra@tulisan.com', '2017-12-30 07:13:03', NULL, NULL),
(554, 217, 'PBE1605', 11, 25, 19, 2, '148000', 'Free Size', '12.5 x 21 cm | 5 x 8.25 in', '', '', '', '', '', '', 'aryaputra@tulisan.com', '2017-12-30 07:14:24', 'aryaputra@tulisan.com', '2017-12-30 07:15:07');

-- --------------------------------------------------------

--
-- Struktur dari tabel `shipping_options`
--

CREATE TABLE `shipping_options` (
  `idData` int(11) NOT NULL,
  `name` varchar(100) NOT NULL,
  `createdBy` varchar(100) NOT NULL,
  `createdDate` datetime NOT NULL,
  `changedBy` varchar(100) DEFAULT NULL,
  `changedDate` datetime DEFAULT NULL
) ENGINE=InnoDB DEFAULT CHARSET=latin1;

-- --------------------------------------------------------

--
-- Struktur dari tabel `store`
--

CREATE TABLE `store` (
  `idData` int(11) NOT NULL,
  `name` varchar(100) NOT NULL,
  `picture` varchar(100) NOT NULL,
  `address` text NOT NULL,
  `city` varchar(100) NOT NULL,
  `zipCode` varchar(10) NOT NULL,
  `country` varchar(100) NOT NULL,
  `phone` varchar(16) NOT NULL,
  `openHours` varchar(100) NOT NULL,
  `createdBy` varchar(100) NOT NULL,
  `createdDate` datetime NOT NULL,
  `changedBy` varchar(100) DEFAULT NULL,
  `changedDate` datetime DEFAULT NULL
) ENGINE=InnoDB DEFAULT CHARSET=latin1;

--
-- Dumping data untuk tabel `store`
--

INSERT INTO `store` (`idData`, `name`, `picture`, `address`, `city`, `zipCode`, `country`, `phone`, `openHours`, `createdBy`, `createdDate`, `changedBy`, `changedDate`) VALUES
(2, 'Flagship Store & Creative Headquarter', 'store_2_20180106115306am.jpg', 'Darmawangsa Square, The City Walk\r\nGround Floor, Unit #24', 'Jakarta', '12160', 'ID', '+ 62 21 727 8023', '9 a.m. to 9 p.m. (GMT +7)', 'admin@tulisan.com', '2018-01-06 17:53:06', NULL, NULL),
(3, 'Tulisan Plaza Senayan', 'store_3_20180106120147pm.jpg', 'Jalan Asia Afrika No. 8', 'South Jakarta', '', 'ID', '', 'on Wednesday, 28 October, 10.00am  10.00pm', 'admin@tulisan.com', '2018-01-06 18:01:47', NULL, NULL);

-- --------------------------------------------------------

--
-- Struktur dari tabel `users`
--

CREATE TABLE `users` (
  `idData` int(11) NOT NULL,
  `name` varchar(100) NOT NULL,
  `username` varchar(100) NOT NULL,
  `password` varchar(100) NOT NULL,
  `type` varchar(100) NOT NULL,
  `departmentId` int(11) NOT NULL,
  `picture` varchar(100) NOT NULL,
  `confirmation` varchar(10) NOT NULL DEFAULT 'no',
  `createdBy` varchar(100) NOT NULL,
  `createdDate` datetime NOT NULL,
  `changedBy` varchar(100) DEFAULT NULL,
  `changedDate` datetime DEFAULT NULL
) ENGINE=InnoDB DEFAULT CHARSET=latin1;

--
-- Dumping data untuk tabel `users`
--

INSERT INTO `users` (`idData`, `name`, `username`, `password`, `type`, `departmentId`, `picture`, `confirmation`, `createdBy`, `createdDate`, `changedBy`, `changedDate`) VALUES
(0, 'Administrator', 'admin@tulisan.com', '21232f297a57a5a743894a0e4a801fc3', 'admin', 1, 'users_1.gif', 'belum', 'SESSION_TEST', '2017-10-23 19:57:19', 'SESSION_TEST', '2017-10-23 20:10:30'),
(3, 'megan', 'megan@syncard.com', '202cb962ac59075b964b07152d234b70', 'admin', 4, 'users_3.jpg', 'belum', 'SESSION_TEST', '2017-10-23 20:13:56', 'SESSION_TEST', '2017-10-23 20:22:18'),
(4, 'Demo Customer', 'demo@tulisan.com', 'fe01ce2a7fbac8fafaed7c982a04e229', 'Customer', 0, 'users_4.jpg', 'belum', 'SESSION_TEST', '2017-10-23 21:32:06', 'SESSION_TEST', '2017-11-14 20:57:17'),
(5, 'Arya Putra Gautama', 'aryaputra@tulisan.com', 'a372c11ba72c8688579b1794d0ef4fbb', 'admin', 4, 'users_5_20171214111550am.JPG', 'no', 'admin@tulisan.com', '2017-12-14 11:14:17', 'admin@tulisan.com', '2017-12-14 11:19:24');

-- --------------------------------------------------------

--
-- Struktur dari tabel `vendors`
--

CREATE TABLE `vendors` (
  `idData` int(11) NOT NULL,
  `name` varchar(100) NOT NULL,
  `address` text NOT NULL,
  `city` varchar(100) NOT NULL,
  `country` varchar(5) NOT NULL,
  `zipCode` varchar(10) NOT NULL,
  `phone` varchar(16) NOT NULL,
  `email` varchar(100) NOT NULL,
  `company` varchar(100) NOT NULL,
  `createdBy` varchar(100) NOT NULL,
  `createdDate` datetime NOT NULL,
  `changedBy` varchar(100) DEFAULT NULL,
  `changedDate` datetime DEFAULT NULL
) ENGINE=InnoDB DEFAULT CHARSET=latin1;

--
-- Dumping data untuk tabel `vendors`
--

INSERT INTO `vendors` (`idData`, `name`, `address`, `city`, `country`, `zipCode`, `phone`, `email`, `company`, `createdBy`, `createdDate`, `changedBy`, `changedDate`) VALUES
(3, 'Vendor 1', 'Jalan... ', 'Bandung', 'Indon', 'xxxxx', '123', 'email@co.com', 'No Company', 'SESSION_TEST', '2017-10-23 22:10:27', 'SESSION_TEST', '2017-10-23 22:13:52');

--
-- Indexes for dumped tables
--

--
-- Indeks untuk tabel `cancelation`
--
ALTER TABLE `cancelation`
  ADD PRIMARY KEY (`idData`);

--
-- Indeks untuk tabel `categories`
--
ALTER TABLE `categories`
  ADD PRIMARY KEY (`idData`);

--
-- Indeks untuk tabel `cms_blog`
--
ALTER TABLE `cms_blog`
  ADD PRIMARY KEY (`idData`);

--
-- Indeks untuk tabel `cms_chatter`
--
ALTER TABLE `cms_chatter`
  ADD PRIMARY KEY (`idData`);

--
-- Indeks untuk tabel `cms_home`
--
ALTER TABLE `cms_home`
  ADD PRIMARY KEY (`idData`);

--
-- Indeks untuk tabel `cms_home_gallery`
--
ALTER TABLE `cms_home_gallery`
  ADD PRIMARY KEY (`idData`);

--
-- Indeks untuk tabel `cms_story`
--
ALTER TABLE `cms_story`
  ADD PRIMARY KEY (`idData`);

--
-- Indeks untuk tabel `cms_story_artwork`
--
ALTER TABLE `cms_story_artwork`
  ADD PRIMARY KEY (`idData`);

--
-- Indeks untuk tabel `cms_video`
--
ALTER TABLE `cms_video`
  ADD PRIMARY KEY (`idData`);

--
-- Indeks untuk tabel `colors`
--
ALTER TABLE `colors`
  ADD PRIMARY KEY (`idData`);

--
-- Indeks untuk tabel `countries`
--
ALTER TABLE `countries`
  ADD PRIMARY KEY (`id`);

--
-- Indeks untuk tabel `customers`
--
ALTER TABLE `customers`
  ADD PRIMARY KEY (`idData`);

--
-- Indeks untuk tabel `departments`
--
ALTER TABLE `departments`
  ADD PRIMARY KEY (`idData`);

--
-- Indeks untuk tabel `feedback`
--
ALTER TABLE `feedback`
  ADD PRIMARY KEY (`idData`);

--
-- Indeks untuk tabel `orders`
--
ALTER TABLE `orders`
  ADD PRIMARY KEY (`idData`);

--
-- Indeks untuk tabel `orders_item`
--
ALTER TABLE `orders_item`
  ADD PRIMARY KEY (`idData`);

--
-- Indeks untuk tabel `products`
--
ALTER TABLE `products`
  ADD PRIMARY KEY (`idData`);

--
-- Indeks untuk tabel `products_variant`
--
ALTER TABLE `products_variant`
  ADD PRIMARY KEY (`idData`);

--
-- Indeks untuk tabel `shipping_options`
--
ALTER TABLE `shipping_options`
  ADD PRIMARY KEY (`idData`);

--
-- Indeks untuk tabel `store`
--
ALTER TABLE `store`
  ADD PRIMARY KEY (`idData`);

--
-- Indeks untuk tabel `users`
--
ALTER TABLE `users`
  ADD PRIMARY KEY (`idData`);

--
-- Indeks untuk tabel `vendors`
--
ALTER TABLE `vendors`
  ADD PRIMARY KEY (`idData`);

--
-- AUTO_INCREMENT untuk tabel yang dibuang
--

--
-- AUTO_INCREMENT untuk tabel `cancelation`
--
ALTER TABLE `cancelation`
  MODIFY `idData` int(11) NOT NULL AUTO_INCREMENT;

--
-- AUTO_INCREMENT untuk tabel `categories`
--
ALTER TABLE `categories`
  MODIFY `idData` int(11) NOT NULL AUTO_INCREMENT, AUTO_INCREMENT=5;

--
-- AUTO_INCREMENT untuk tabel `cms_blog`
--
ALTER TABLE `cms_blog`
  MODIFY `idData` int(11) NOT NULL AUTO_INCREMENT, AUTO_INCREMENT=15;

--
-- AUTO_INCREMENT untuk tabel `cms_chatter`
--
ALTER TABLE `cms_chatter`
  MODIFY `idData` int(11) NOT NULL AUTO_INCREMENT, AUTO_INCREMENT=3;

--
-- AUTO_INCREMENT untuk tabel `cms_home`
--
ALTER TABLE `cms_home`
  MODIFY `idData` int(11) NOT NULL AUTO_INCREMENT, AUTO_INCREMENT=7;

--
-- AUTO_INCREMENT untuk tabel `cms_home_gallery`
--
ALTER TABLE `cms_home_gallery`
  MODIFY `idData` int(11) NOT NULL AUTO_INCREMENT, AUTO_INCREMENT=18;

--
-- AUTO_INCREMENT untuk tabel `cms_story`
--
ALTER TABLE `cms_story`
  MODIFY `idData` int(11) NOT NULL AUTO_INCREMENT, AUTO_INCREMENT=20;

--
-- AUTO_INCREMENT untuk tabel `cms_story_artwork`
--
ALTER TABLE `cms_story_artwork`
  MODIFY `idData` int(11) NOT NULL AUTO_INCREMENT, AUTO_INCREMENT=35;

--
-- AUTO_INCREMENT untuk tabel `cms_video`
--
ALTER TABLE `cms_video`
  MODIFY `idData` int(11) NOT NULL AUTO_INCREMENT, AUTO_INCREMENT=14;

--
-- AUTO_INCREMENT untuk tabel `colors`
--
ALTER TABLE `colors`
  MODIFY `idData` int(11) NOT NULL AUTO_INCREMENT, AUTO_INCREMENT=59;

--
-- AUTO_INCREMENT untuk tabel `countries`
--
ALTER TABLE `countries`
  MODIFY `id` int(11) NOT NULL AUTO_INCREMENT, AUTO_INCREMENT=246;

--
-- AUTO_INCREMENT untuk tabel `customers`
--
ALTER TABLE `customers`
  MODIFY `idData` int(11) NOT NULL AUTO_INCREMENT, AUTO_INCREMENT=2;

--
-- AUTO_INCREMENT untuk tabel `departments`
--
ALTER TABLE `departments`
  MODIFY `idData` int(11) NOT NULL AUTO_INCREMENT, AUTO_INCREMENT=5;

--
-- AUTO_INCREMENT untuk tabel `feedback`
--
ALTER TABLE `feedback`
  MODIFY `idData` int(11) NOT NULL AUTO_INCREMENT;

--
-- AUTO_INCREMENT untuk tabel `orders`
--
ALTER TABLE `orders`
  MODIFY `idData` int(11) NOT NULL AUTO_INCREMENT, AUTO_INCREMENT=15;

--
-- AUTO_INCREMENT untuk tabel `orders_item`
--
ALTER TABLE `orders_item`
  MODIFY `idData` int(11) NOT NULL AUTO_INCREMENT, AUTO_INCREMENT=18;

--
-- AUTO_INCREMENT untuk tabel `products`
--
ALTER TABLE `products`
  MODIFY `idData` int(11) NOT NULL AUTO_INCREMENT, AUTO_INCREMENT=310;

--
-- AUTO_INCREMENT untuk tabel `products_variant`
--
ALTER TABLE `products_variant`
  MODIFY `idData` int(11) NOT NULL AUTO_INCREMENT, AUTO_INCREMENT=555;

--
-- AUTO_INCREMENT untuk tabel `shipping_options`
--
ALTER TABLE `shipping_options`
  MODIFY `idData` int(11) NOT NULL AUTO_INCREMENT;

--
-- AUTO_INCREMENT untuk tabel `store`
--
ALTER TABLE `store`
  MODIFY `idData` int(11) NOT NULL AUTO_INCREMENT, AUTO_INCREMENT=4;

--
-- AUTO_INCREMENT untuk tabel `users`
--
ALTER TABLE `users`
  MODIFY `idData` int(11) NOT NULL AUTO_INCREMENT, AUTO_INCREMENT=6;

--
-- AUTO_INCREMENT untuk tabel `vendors`
--
ALTER TABLE `vendors`
  MODIFY `idData` int(11) NOT NULL AUTO_INCREMENT, AUTO_INCREMENT=4;
COMMIT;

/*!40101 SET CHARACTER_SET_CLIENT=@OLD_CHARACTER_SET_CLIENT */;
/*!40101 SET CHARACTER_SET_RESULTS=@OLD_CHARACTER_SET_RESULTS */;
/*!40101 SET COLLATION_CONNECTION=@OLD_COLLATION_CONNECTION */;
